  0
SECTION
  2
HEADER
  9
$ACADVER
  1
AC1024
  9
$ACADMAINTVER
 70
     6
  9
$DWGCODEPAGE
  3
ANSI_936
  9
$LASTSAVEDBY
  1
bw
  9
$INSBASE
 10
0.0
 20
0.0
 30
0.0
  9
$EXTMIN
 10
-68206375.15017788
 20
-2437753.380428732
 30
0.0
  9
$EXTMAX
 10
-3746570.517143131
 20
159051816.8487939
 30
0.0
  9
$LIMMIN
 10
0.0
 20
0.0
  9
$LIMMAX
 10
12.0
 20
9.0
  9
$ORTHOMODE
 70
     0
  9
$REGENMODE
 70
     1
  9
$FILLMODE
 70
     1
  9
$QTEXTMODE
 70
     0
  9
$MIRRTEXT
 70
     1
  9
$LTSCALE
 40
1.0
  9
$ATTMODE
 70
     1
  9
$TEXTSIZE
 40
0.2
  9
$TRACEWID
 40
0.05
  9
$TEXTSTYLE
  7
Standard
  9
$CLAYER
  8
0
  9
$CELTYPE
  6
ByLayer
  9
$CECOLOR
 62
   256
  9
$CELTSCALE
 40
1.0
  9
$DISPSILH
 70
     0
  9
$DIMSCALE
 40
1.0
  9
$DIMASZ
 40
0.18
  9
$DIMEXO
 40
0.0625
  9
$DIMDLI
 40
0.38
  9
$DIMRND
 40
0.0
  9
$DIMDLE
 40
0.0
  9
$DIMEXE
 40
0.18
  9
$DIMTP
 40
0.0
  9
$DIMTM
 40
0.0
  9
$DIMTXT
 40
0.18
  9
$DIMCEN
 40
0.09
  9
$DIMTSZ
 40
0.0
  9
$DIMTOL
 70
     0
  9
$DIMLIM
 70
     0
  9
$DIMTIH
 70
     1
  9
$DIMTOH
 70
     1
  9
$DIMSE1
 70
     0
  9
$DIMSE2
 70
     0
  9
$DIMTAD
 70
     0
  9
$DIMZIN
 70
     0
  9
$DIMBLK
  1

  9
$DIMASO
 70
     1
  9
$DIMSHO
 70
     1
  9
$DIMPOST
  1

  9
$DIMAPOST
  1

  9
$DIMALT
 70
     0
  9
$DIMALTD
 70
     2
  9
$DIMALTF
 40
25.4
  9
$DIMLFAC
 40
1.0
  9
$DIMTOFL
 70
     0
  9
$DIMTVP
 40
0.0
  9
$DIMTIX
 70
     0
  9
$DIMSOXD
 70
     0
  9
$DIMSAH
 70
     0
  9
$DIMBLK1
  1

  9
$DIMBLK2
  1

  9
$DIMSTYLE
  2
Standard
  9
$DIMCLRD
 70
     0
  9
$DIMCLRE
 70
     0
  9
$DIMCLRT
 70
     0
  9
$DIMTFAC
 40
1.0
  9
$DIMGAP
 40
0.09
  9
$DIMJUST
 70
     0
  9
$DIMSD1
 70
     0
  9
$DIMSD2
 70
     0
  9
$DIMTOLJ
 70
     1
  9
$DIMTZIN
 70
     0
  9
$DIMALTZ
 70
     0
  9
$DIMALTTZ
 70
     0
  9
$DIMUPT
 70
     0
  9
$DIMDEC
 70
     4
  9
$DIMTDEC
 70
     4
  9
$DIMALTU
 70
     2
  9
$DIMALTTD
 70
     2
  9
$DIMTXSTY
  7
Standard
  9
$DIMAUNIT
 70
     0
  9
$DIMADEC
 70
     0
  9
$DIMALTRND
 40
0.0
  9
$DIMAZIN
 70
     0
  9
$DIMDSEP
 70
    46
  9
$DIMATFIT
 70
     3
  9
$DIMFRAC
 70
     0
  9
$DIMLDRBLK
  1

  9
$DIMLUNIT
 70
     2
  9
$DIMLWD
 70
    -2
  9
$DIMLWE
 70
    -2
  9
$DIMTMOVE
 70
     0
  9
$DIMFXL
 40
1.0
  9
$DIMFXLON
 70
     0
  9
$DIMJOGANG
 40
0.7853981633974483
  9
$DIMTFILL
 70
     0
  9
$DIMTFILLCLR
 70
     0
  9
$DIMARCSYM
 70
     0
  9
$DIMLTYPE
  6

  9
$DIMLTEX1
  6

  9
$DIMLTEX2
  6

  9
$DIMTXTDIRECTION
 70
     0
  9
$LUNITS
 70
     2
  9
$LUPREC
 70
     4
  9
$SKETCHINC
 40
0.1
  9
$FILLETRAD
 40
0.5
  9
$AUNITS
 70
     0
  9
$AUPREC
 70
     0
  9
$MENU
  1
.
  9
$ELEVATION
 40
0.0
  9
$PELEVATION
 40
0.0
  9
$THICKNESS
 40
0.0
  9
$LIMCHECK
 70
     0
  9
$CHAMFERA
 40
0.0
  9
$CHAMFERB
 40
0.0
  9
$CHAMFERC
 40
0.0
  9
$CHAMFERD
 40
0.0
  9
$SKPOLY
 70
     0
  9
$TDCREATE
 40
2461045.355468889
  9
$TDUCREATE
 40
2461045.022135556
  9
$TDUPDATE
 40
2461274.602108912
  9
$TDUUPDATE
 40
2461274.268775579
  9
$TDINDWG
 40
0.1774283681
  9
$TDUSRTIMER
 40
0.1774283681
  9
$USRTIMER
 70
     1
  9
$ANGBASE
 50
0.0
  9
$ANGDIR
 70
     0
  9
$PDMODE
 70
     0
  9
$PDSIZE
 40
0.0
  9
$PLINEWID
 40
0.0
  9
$SPLFRAME
 70
     0
  9
$SPLINETYPE
 70
     6
  9
$SPLINESEGS
 70
     8
  9
$HANDSEED
  5
3A3
  9
$SURFTAB1
 70
     6
  9
$SURFTAB2
 70
     6
  9
$SURFTYPE
 70
     6
  9
$SURFU
 70
     6
  9
$SURFV
 70
     6
  9
$UCSBASE
  2

  9
$UCSNAME
  2

  9
$UCSORG
 10
0.0
 20
0.0
 30
0.0
  9
$UCSXDIR
 10
1.0
 20
0.0
 30
0.0
  9
$UCSYDIR
 10
0.0
 20
1.0
 30
0.0
  9
$UCSORTHOREF
  2

  9
$UCSORTHOVIEW
 70
     0
  9
$UCSORGTOP
 10
0.0
 20
0.0
 30
0.0
  9
$UCSORGBOTTOM
 10
0.0
 20
0.0
 30
0.0
  9
$UCSORGLEFT
 10
0.0
 20
0.0
 30
0.0
  9
$UCSORGRIGHT
 10
0.0
 20
0.0
 30
0.0
  9
$UCSORGFRONT
 10
0.0
 20
0.0
 30
0.0
  9
$UCSORGBACK
 10
0.0
 20
0.0
 30
0.0
  9
$PUCSBASE
  2

  9
$PUCSNAME
  2

  9
$PUCSORG
 10
0.0
 20
0.0
 30
0.0
  9
$PUCSXDIR
 10
1.0
 20
0.0
 30
0.0
  9
$PUCSYDIR
 10
0.0
 20
1.0
 30
0.0
  9
$PUCSORTHOREF
  2

  9
$PUCSORTHOVIEW
 70
     0
  9
$PUCSORGTOP
 10
0.0
 20
0.0
 30
0.0
  9
$PUCSORGBOTTOM
 10
0.0
 20
0.0
 30
0.0
  9
$PUCSORGLEFT
 10
0.0
 20
0.0
 30
0.0
  9
$PUCSORGRIGHT
 10
0.0
 20
0.0
 30
0.0
  9
$PUCSORGFRONT
 10
0.0
 20
0.0
 30
0.0
  9
$PUCSORGBACK
 10
0.0
 20
0.0
 30
0.0
  9
$USERI1
 70
     0
  9
$USERI2
 70
     0
  9
$USERI3
 70
     0
  9
$USERI4
 70
     0
  9
$USERI5
 70
     0
  9
$USERR1
 40
0.0
  9
$USERR2
 40
0.0
  9
$USERR3
 40
0.0
  9
$USERR4
 40
0.0
  9
$USERR5
 40
0.0
  9
$WORLDVIEW
 70
     1
  9
$SHADEDGE
 70
     3
  9
$SHADEDIF
 70
    70
  9
$TILEMODE
 70
     1
  9
$MAXACTVP
 70
    64
  9
$PINSBASE
 10
0.0
 20
0.0
 30
0.0
  9
$PLIMCHECK
 70
     0
  9
$PEXTMIN
 10
1.000000000000000E+20
 20
1.000000000000000E+20
 30
1.000000000000000E+20
  9
$PEXTMAX
 10
-1.000000000000000E+20
 20
-1.000000000000000E+20
 30
-1.000000000000000E+20
  9
$PLIMMIN
 10
0.0
 20
0.0
  9
$PLIMMAX
 10
12.0
 20
9.0
  9
$UNITMODE
 70
     0
  9
$VISRETAIN
 70
     1
  9
$PLINEGEN
 70
     0
  9
$PSLTSCALE
 70
     1
  9
$TREEDEPTH
 70
  3020
  9
$CMLSTYLE
  2
Standard
  9
$CMLJUST
 70
     0
  9
$CMLSCALE
 40
1.0
  9
$PROXYGRAPHICS
 70
     1
  9
$MEASUREMENT
 70
     0
  9
$CELWEIGHT
370
    -1
  9
$ENDCAPS
280
     0
  9
$JOINSTYLE
280
     0
  9
$LWDISPLAY
290
     0
  9
$INSUNITS
 70
     1
  9
$HYPERLINKBASE
  1

  9
$STYLESHEET
  1
monochrome.ctb
  9
$XEDIT
290
     1
  9
$CEPSNTYPE
380
     0
  9
$PSTYLEMODE
290
     1
  9
$FINGERPRINTGUID
  2
{77cc1125-2455-45dc-95c6-46caffb43483}
  9
$VERSIONGUID
  2
{F31A4135-C21C-48D3-A919-1AE285FD1AD6}
  9
$EXTNAMES
290
     1
  9
$PSVPSCALE
 40
0.0
  9
$OLESTARTUP
290
     0
  9
$SORTENTS
280
   127
  9
$INDEXCTL
280
     0
  9
$HIDETEXT
280
     1
  9
$XCLIPFRAME
280
     2
  9
$HALOGAP
280
     0
  9
$OBSCOLOR
 70
   257
  9
$OBSLTYPE
280
     0
  9
$INTERSECTIONDISPLAY
280
     0
  9
$INTERSECTIONCOLOR
 70
   257
  9
$DIMASSOC
280
     2
  9
$PROJECTNAME
  1

  9
$CAMERADISPLAY
290
     0
  9
$LENSLENGTH
 40
50.0
  9
$CAMERAHEIGHT
 40
0.0
  9
$STEPSPERSEC
 40
2.0
  9
$STEPSIZE
 40
6.0
  9
$3DDWFPREC
 40
2.0
  9
$PSOLWIDTH
 40
0.25
  9
$PSOLHEIGHT
 40
4.0
  9
$LOFTANG1
 40
1.570796326794897
  9
$LOFTANG2
 40
1.570796326794897
  9
$LOFTMAG1
 40
0.0
  9
$LOFTMAG2
 40
0.0
  9
$LOFTPARAM
 70
     7
  9
$LOFTNORMALS
280
     1
  9
$LATITUDE
 40
37.795
  9
$LONGITUDE
 40
-122.394
  9
$NORTHDIRECTION
 40
0.0
  9
$TIMEZONE
 70
 -8000
  9
$LIGHTGLYPHDISPLAY
280
     1
  9
$TILEMODELIGHTSYNCH
280
     1
  9
$CMATERIAL
347
44
  9
$SOLIDHIST
280
     1
  9
$SHOWHIST
280
     1
  9
$DWFFRAME
280
     2
  9
$DGNFRAME
280
     0
  9
$REALWORLDSCALE
290
     1
  9
$INTERFERECOLOR
 62
     1
  9
$INTERFEREOBJVS
345
33
  9
$INTERFEREVPVS
346
28E
  9
$CSHADOW
280
     0
  9
$SHADOWPLANELOCATION
 40
0.0
  0
ENDSEC
  0
SECTION
  2
CLASSES
  0
CLASS
  1
ACDBDICTIONARYWDFLT
  2
AcDbDictionaryWithDefault
  3
ObjectDBX Classes
 90
        0
 91
        3
280
     0
281
     0
  0
CLASS
  1
VISUALSTYLE
  2
AcDbVisualStyle
  3
ObjectDBX Classes
 90
     4095
 91
        3
280
     0
281
     0
  0
CLASS
  1
MATERIAL
  2
AcDbMaterial
  3
ObjectDBX Classes
 90
     1153
 91
        3
280
     0
281
     0
  0
CLASS
  1
SCALE
  2
AcDbScale
  3
ObjectDBX Classes
 90
     1153
 91
        3
280
     0
281
     0
  0
CLASS
  1
TABLESTYLE
  2
AcDbTableStyle
  3
ObjectDBX Classes
 90
     4095
 91
        3
280
     0
281
     0
  0
CLASS
  1
MLEADERSTYLE
  2
AcDbMLeaderStyle
  3
ACDB_MLEADERSTYLE_CLASS
 90
     4095
 91
        3
280
     0
281
     0
  0
CLASS
  1
SUN
  2
AcDbSun
  3
SCENEOE
 90
     1153
 91
        3
280
     0
281
     0
  0
CLASS
  1
DICTIONARYVAR
  2
AcDbDictionaryVar
  3
ObjectDBX Classes
 90
        0
 91
        3
280
     0
281
     0
  0
CLASS
  1
CELLSTYLEMAP
  2
AcDbCellStyleMap
  3
ObjectDBX Classes
 90
     1152
 91
        3
280
     0
281
     0
  0
ENDSEC
  0
SECTION
  2
TABLES
  0
TABLE
  2
VPORT
  5
8
102
{ACAD_XDICTIONARY
360
246
102
}
330
0
100
AcDbSymbolTable
 70
     1
  0
VPORT
  5
29
330
8
100
AcDbSymbolTableRecord
100
AcDbViewportTableRecord
  2
*Active
 70
     0
 10
0.0
 20
0.0
 11
1.0
 21
1.0
 12
-4969085.993971586
 22
-1053175.965270879
 13
0.0
 23
0.0
 14
0.5
 24
0.5
 15
0.5
 25
0.5
 16
0.0
 26
0.0
 36
1.0
 17
0.0
 27
0.0
 37
0.0
 40
906438.4330936624
 41
2.138920780711826
 42
50.0
 43
0.0
 44
0.0
 50
0.0
 51
0.0
 71
     0
 72
  1000
 73
     1
 74
     3
 75
     0
 76
     0
 77
     0
 78
     0
281
     0
 65
     1
110
0.0
120
0.0
130
0.0
111
1.0
121
0.0
131
0.0
112
0.0
122
1.0
132
0.0
 79
     0
146
0.0
348
2F
 60
     3
 61
     5
292
     1
282
     1
141
0.0
142
0.0
 63
   250
421
  3355443
361
6D
  0
ENDTAB
  0
TABLE
  2
LTYPE
  5
5
330
0
100
AcDbSymbolTable
 70
     1
  0
LTYPE
  5
14
330
5
100
AcDbSymbolTableRecord
100
AcDbLinetypeTableRecord
  2
ByBlock
 70
     0
  3

 72
    65
 73
     0
 40
0.0
  0
LTYPE
  5
15
330
5
100
AcDbSymbolTableRecord
100
AcDbLinetypeTableRecord
  2
ByLayer
 70
     0
  3

 72
    65
 73
     0
 40
0.0
  0
LTYPE
  5
16
330
5
100
AcDbSymbolTableRecord
100
AcDbLinetypeTableRecord
  2
Continuous
 70
     0
  3
Solid line
 72
    65
 73
     0
 40
0.0
  0
ENDTAB
  0
TABLE
  2
LAYER
  5
2
330
0
100
AcDbSymbolTable
 70
     2
  0
LAYER
  5
10
330
2
100
AcDbSymbolTableRecord
100
AcDbLayerTableRecord
  2
0
 70
     0
 62
     7
  6
Continuous
370
     0
390
F
347
46
  0
LAYER
  5
6E
330
2
100
AcDbSymbolTableRecord
100
AcDbLayerTableRecord
  2
主要大巷
 70
     0
 62
     7
  6
Continuous
370
     0
390
F
347
46
  0
ENDTAB
  0
TABLE
  2
STYLE
  5
3
330
0
100
AcDbSymbolTable
 70
     2
  0
STYLE
  5
11
330
3
100
AcDbSymbolTableRecord
100
AcDbTextStyleTableRecord
  2
Standard
 70
     0
 40
0.0
 41
1.0
 50
0.0
 71
     0
 42
0.2
  3
txt
  4

  0
STYLE
  5
7C
330
3
100
AcDbSymbolTableRecord
100
AcDbTextStyleTableRecord
  2
宋体
 70
     0
 40
0.0
 41
1.0
 50
0.0
 71
     0
 42
0.2
  3

  4

1001
ACAD
1000
宋体
1071
      290
  0
ENDTAB
  0
TABLE
  2
VIEW
  5
6
330
0
100
AcDbSymbolTable
 70
     0
  0
ENDTAB
  0
TABLE
  2
UCS
  5
7
330
0
100
AcDbSymbolTable
 70
     0
  0
ENDTAB
  0
TABLE
  2
APPID
  5
9
330
0
100
AcDbSymbolTable
 70
     3
  0
APPID
  5
12
330
9
100
AcDbSymbolTableRecord
100
AcDbRegAppTableRecord
  2
ACAD
 70
     0
  0
APPID
  5
285
330
9
100
AcDbSymbolTableRecord
100
AcDbRegAppTableRecord
  2
ACAD_MLEADERVER
 70
     0
  0
APPID
  5
297
330
9
100
AcDbSymbolTableRecord
100
AcDbRegAppTableRecord
  2
ACAD_EXEMPT_FROM_CAD_STANDARDS
 70
     0
  0
ENDTAB
  0
TABLE
  2
DIMSTYLE
  5
A
330
0
100
AcDbSymbolTable
 70
     1
100
AcDbDimStyleTable
  0
DIMSTYLE
105
27
330
A
100
AcDbSymbolTableRecord
100
AcDbDimStyleTableRecord
  2
Standard
 70
     0
178
     0
340
11
  0
ENDTAB
  0
TABLE
  2
BLOCK_RECORD
  5
1
330
0
100
AcDbSymbolTable
 70
     2
  0
BLOCK_RECORD
  5
1F
330
1
100
AcDbSymbolTableRecord
100
AcDbBlockTableRecord
  2
*Model_Space
340
22
 70
     0
280
     1
281
     0
  0
BLOCK_RECORD
  5
1B
330
1
100
AcDbSymbolTableRecord
100
AcDbBlockTableRecord
  2
*Paper_Space
340
1E
 70
     0
280
     1
281
     0
  0
BLOCK_RECORD
  5
23
330
1
100
AcDbSymbolTableRecord
100
AcDbBlockTableRecord
  2
*Paper_Space0
340
26
 70
     0
280
     1
281
     0
  0
BLOCK_RECORD
  5
32C
330
1
100
AcDbSymbolTableRecord
100
AcDbBlockTableRecord
  2
A$C18BE6784
340
0
 70
     1
280
     1
281
     0
  0
ENDTAB
  0
ENDSEC
  0
SECTION
  2
BLOCKS
  0
BLOCK
  5
20
330
1F
100
AcDbEntity
  8
0
100
AcDbBlockBegin
  2
*Model_Space
 70
     0
 10
0.0
 20
0.0
 30
0.0
  3
*Model_Space
  1

  0
ENDBLK
  5
21
330
1F
100
AcDbEntity
  8
0
100
AcDbBlockEnd
  0
BLOCK
  5
1C
330
1B
100
AcDbEntity
 67
     1
  8
0
100
AcDbBlockBegin
  2
*Paper_Space
 70
     0
 10
0.0
 20
0.0
 30
0.0
  3
*Paper_Space
  1

  0
ENDBLK
  5
1D
330
1B
100
AcDbEntity
 67
     1
  8
0
100
AcDbBlockEnd
  0
BLOCK
  5
24
330
23
100
AcDbEntity
  8
0
100
AcDbBlockBegin
  2
*Paper_Space0
 70
     0
 10
0.0
 20
0.0
 30
0.0
  3
*Paper_Space0
  1

  0
ENDBLK
  5
25
330
23
100
AcDbEntity
  8
0
100
AcDbBlockEnd
  0
BLOCK
  5
32E
330
32C
100
AcDbEntity
  8
0
100
AcDbBlockBegin
  2
A$C18BE6784
 70
     0
 10
0.0
 20
0.0
 30
0.0
  3
A$C18BE6784
  1

  0
LWPOLYLINE
  5
32D
330
32C
100
AcDbEntity
  8
0
100
AcDbPolyline
 90
        5
 70
     0
 43
0.0
 10
9444.887926507741
 20
0.1240237732417881
 10
22891.33611795027
 20
21719.88281297847
 10
-0.0490653067827225
 20
10382.36213082727
 10
4722.419430602342
 20
5191.243077299558
 10
9444.887926507741
 20
0.1240237732417881
  0
ENDBLK
  5
32F
330
32C
100
AcDbEntity
  8
0
100
AcDbBlockEnd
  0
ENDSEC
  0
SECTION
  2
ENTITIES
  0
LINE
  5
6F
330
1F
100
AcDbEntity
  8
0
  6
Continuous
100
AcDbLine
 10
-67614543.30936365
 20
138935214.2906845
 30
0.0
 11
-68206375.15017788
 21
135411902.812637
 31
0.0
  0
LINE
  5
70
330
1F
100
AcDbEntity
  8
0
  6
Continuous
100
AcDbLine
 10
-68206375.15017788
 20
135411902.812637
 30
0.0
 11
-66660049.34465511
 21
135456164.5068544
 31
0.0
  0
LINE
  5
71
330
1F
100
AcDbEntity
  8
0
  6
Continuous
100
AcDbLine
 10
-66660049.34465511
 20
135456164.5068544
 30
0.0
 11
-67619854.31165372
 21
138950853.5662415
 31
0.0
  0
HATCH
  5
72
330
1F
100
AcDbEntity
  8
0
100
AcDbHatch
 10
0.0
 20
0.0
 30
0.0
210
0.0
220
0.0
230
1.0
  2
SOLID
 70
     1
 71
     0
 91
        1
 92
       19
 72
     0
 73
     1
 93
        3
 10
-67619098.37463076
 20
138908096.9363659
 10
-68206375.15017788
 20
135411902.812637
 10
-67519586.77301584
 20
135431561.2940709
 97
        0
 75
     0
 76
     1
 98
        0
1001
ACAD
1010
-68206375.15017788
1020
135411902.812637
1030
0.0
  0
LWPOLYLINE
  5
73
330
1F
100
AcDbEntity
  8
0
100
AcDbPolyline
 90
        4
 70
     0
 43
0.0
 10
-67619098.37463076
 20
138908096.9363659
 10
-68206375.15017788
 20
135411902.812637
 10
-67519586.77301584
 20
135431561.2940709
 10
-67619098.37463076
 20
138908096.9363659
  0
HATCH
  5
74
330
1F
100
AcDbEntity
  8
0
100
AcDbHatch
 10
0.0
 20
0.0
 30
0.0
210
0.0
220
0.0
230
1.0
  2
SOLID
 70
     1
 71
     0
 91
        1
 92
       19
 72
     0
 73
     1
 93
        4
 10
-67614928.77901886
 20
138932919.5008882
 10
-67619098.37463076
 20
138908096.9363659
 10
-67519586.77301584
 20
135431561.2940709
 10
-66660049.34465511
 20
135456164.5068544
 97
        0
 75
     0
 76
     1
 98
        0
1001
ACAD
1010
-67619098.37463076
1020
135431561.2940709
1030
0.0
  0
LWPOLYLINE
  5
75
330
1F
100
AcDbEntity
  8
0
100
AcDbPolyline
 90
        5
 70
     0
 43
0.0
 10
-67614928.77901886
 20
138932919.5008882
 10
-67619098.37463076
 20
138908096.9363659
 10
-67519586.77301584
 20
135431561.2940709
 10
-66660049.34465511
 20
135456164.5068544
 10
-67614928.77901886
 20
138932919.5008882
  0
LINE
  5
76
330
1F
100
AcDbEntity
  8
0
  6
Continuous
100
AcDbLine
 10
-63705670.52845211
 20
157511825.1420737
 30
0.0
 11
-62940129.04093123
 21
157264893.5113358
 31
0.0
  0
LINE
  5
77
330
1F
100
AcDbEntity
  8
0
  6
Continuous
100
AcDbLine
 10
-66771674.51542097
 20
159051816.8487939
 30
0.0
 11
-62403256.91395371
 21
157642748.2356998
 31
0.0
  0
ARC
  5
78
330
1F
100
AcDbEntity
  8
0
  6
Continuous
100
AcDbCircle
 10
-64911962.0488012
 20
158138338.2087211
 30
0.0
 40
1359285.788479767
100
AcDbArc
 50
171.6910084766322
 51
332.5539352113452
  0
LINE
  5
79
330
1F
100
AcDbEntity
  8
0
  6
Continuous
100
AcDbLine
 10
-66941452.15158331
 20
158608982.2770108
 30
0.0
 11
-66175910.66407116
 21
158362050.6462729
 31
0.0
  0
LINE
  5
7A
330
1F
100
AcDbEntity
  8
0
  6
Continuous
100
AcDbLine
 10
-5990766.84164777
 20
-1162148.201429053
 30
0.0
 11
-6211844.236850645
 21
-1162148.201429053
 31
0.0
  0
LINE
  5
7B
330
1F
100
AcDbEntity
  8
0
  6
Continuous
100
AcDbLine
 10
-5990766.84164777
 20
-1231635.209380921
 30
0.0
 11
-6207897.543237951
 21
-1231635.209380921
 31
0.0
  0
MTEXT
  5
7D
330
1F
100
AcDbEntity
  8
0
100
AcDbMText
 10
-6131522.881525811
 20
-1143178.422335164
 30
0.0
 40
12000.0
 41
52660.666067
 46
24574.97749774978
 71
     1
 72
     1
  1
\pxsm0.96,ql;副斜井\P
  7
宋体
 73
     1
 44
1.0
1001
ACAD
1000
ACAD_MTEXT_DEFINED_HEIGHT_BEGIN
1070
    46
1040
24574.97749774978
1000
ACAD_MTEXT_DEFINED_HEIGHT_END
  0
MTEXT
  5
7E
330
1F
100
AcDbEntity
  8
0
100
AcDbMText
 10
-6145031.497329291
 20
-1210257.238416294
 30
0.0
 40
12000.0
 41
70214.221423
 46
24574.97749774978
 71
     1
 72
     1
  1
\pxsm0.96,ql;\fￋￎￌ￥|b0|i0;进风立井\fￋￎￌ￥|b0|i0;\P
  7
宋体
 73
     1
 44
1.0
1001
ACAD
1000
ACAD_MTEXT_DEFINED_HEIGHT_BEGIN
1070
    46
1040
24574.97749774978
1000
ACAD_MTEXT_DEFINED_HEIGHT_END
  0
HATCH
  5
7F
330
1F
100
AcDbEntity
  8
0
100
AcDbHatch
 10
0.0
 20
0.0
 30
0.0
210
0.0
220
0.0
230
1.0
  2
SOLID
 70
     1
 71
     0
 91
        1
 92
       19
 72
     0
 73
     1
 93
        4
 10
-6180009.643558851
 20
-1166072.301166069
 10
-6164102.933135324
 20
-1162298.020668493
 10
-6180280.885234962
 20
-1159943.770122318
 10
-6180145.264396907
 20
-1163008.035644194
 97
        0
 75
     0
 76
     1
 98
        0
1001
ACAD
1010
-6180280.885234962
1020
-1166072.301166069
1030
0.0
  0
LWPOLYLINE
  5
80
330
1F
100
AcDbEntity
  8
0
100
AcDbPolyline
 90
        5
 70
     0
 43
0.0
 10
-6180009.643558851
 20
-1166072.301166069
 10
-6164102.933135324
 20
-1162298.020668493
 10
-6180280.885234962
 20
-1159943.770122318
 10
-6180145.264396907
 20
-1163008.035644194
 10
-6180009.643558851
 20
-1166072.301166069
  0
LINE
  5
81
330
1F
100
AcDbEntity
  8
0
  6
Continuous
100
AcDbLine
 10
-6169477.629773295
 20
-1231783.417191723
 30
0.0
 11
-6169469.31767601
 21
-1230761.029225483
 31
0.0
  0
LINE
  5
82
330
1F
100
AcDbEntity
  8
0
  6
Continuous
100
AcDbLine
 10
-6169477.629773295
 20
-1231783.417191723
 30
0.0
 11
-6169485.941870583
 21
-1232805.805157963
 31
0.0
  0
HATCH
  5
83
330
1F
100
AcDbEntity
  8
0
100
AcDbHatch
 10
0.0
 20
0.0
 30
0.0
210
0.0
220
0.0
230
1.0
  2
SOLID
 70
     1
 71
     0
 91
        1
 92
       19
 72
     0
 73
     1
 93
        4
 10
-6180207.569476378
 20
-1234571.824457554
 10
-6164125.128067684
 20
-1231635.209380921
 10
-6180157.696892659
 20
-1228437.496660112
 10
-6180182.633184517
 20
-1231504.660558833
 97
        0
 75
     0
 76
     1
 98
        0
1001
ACAD
1010
-6180207.569476378
1020
-1234571.824457554
1030
0.0
  0
LWPOLYLINE
  5
84
330
1F
100
AcDbEntity
  8
0
100
AcDbPolyline
 90
        5
 70
     0
 43
0.0
 10
-6180207.569476378
 20
-1234571.824457554
 10
-6164125.128067684
 20
-1231635.209380921
 10
-6180157.696892659
 20
-1228437.496660112
 10
-6180182.633184517
 20
-1231504.660558833
 10
-6180207.569476378
 20
-1234571.824457554
  0
LINE
  5
85
330
1F
100
AcDbEntity
  8
0
  6
Continuous
100
AcDbLine
 10
-5990766.84164777
 20
-1109249.562786933
 30
0.0
 11
-6209870.515808132
 21
-1109249.562786933
 31
0.0
  0
MTEXT
  5
86
330
1F
100
AcDbEntity
  8
0
100
AcDbMText
 10
-6144437.019889768
 20
-1023078.638375775
 30
0.0
 40
12000.0
 41
87767.776778
 46
24574.97749774978
 71
     1
 72
     1
  1
\pxsm0.96,ql;\fￋￎￌ￥|b0|i0;架垴进风井\fￋￎￌ￥|b0|i0;\P
  7
宋体
 73
     1
 44
1.0
1001
ACAD
1000
ACAD_MTEXT_DEFINED_HEIGHT_BEGIN
1070
    46
1040
24574.97749774978
1000
ACAD_MTEXT_DEFINED_HEIGHT_END
  0
MTEXT
  5
87
330
1F
100
AcDbEntity
  8
0
100
AcDbMText
 10
-6131522.881525811
 20
-1089800.025133649
 30
0.0
 40
12000.0
 41
52666.066607
 46
24574.97749774978
 71
     1
 72
     1
  1
\pxsm0.96,ql;\fﾷￂￋￎ|b0|i0;主斜井\fￋￎￌ￥|b0|i0;\P
  7
宋体
 73
     1
 44
1.0
1001
ACAD
1000
ACAD_MTEXT_DEFINED_HEIGHT_BEGIN
1070
    46
1040
24574.97749774978
1000
ACAD_MTEXT_DEFINED_HEIGHT_END
  0
HATCH
  5
88
330
1F
100
AcDbEntity
  8
0
100
AcDbHatch
 10
0.0
 20
0.0
 30
0.0
210
0.0
220
0.0
230
1.0
  2
SOLID
 70
     1
 71
     0
 91
        1
 92
       19
 72
     0
 73
     1
 93
        4
 10
-6182370.475179187
 20
-1045934.328392946
 10
-6166288.033770493
 20
-1042997.713316313
 10
-6182320.602595468
 20
-1039800.000595504
 10
-6182345.538887325
 20
-1042867.164494225
 97
        0
 75
     0
 76
     1
 98
        0
1001
ACAD
1010
-6182370.475179187
1020
-1045934.328392946
1030
0.0
  0
LWPOLYLINE
  5
89
330
1F
100
AcDbEntity
  8
0
100
AcDbPolyline
 90
        5
 70
     0
 43
0.0
 10
-6182370.475179187
 20
-1045934.328392946
 10
-6166288.033770493
 20
-1042997.713316313
 10
-6182320.602595468
 20
-1039800.000595504
 10
-6182345.538887325
 20
-1042867.164494225
 10
-6182370.475179187
 20
-1045934.328392946
  0
LINE
  5
8A
330
1F
100
AcDbEntity
  8
0
  6
Continuous
100
AcDbLine
 10
-6169477.629773295
 20
-1137842.720151225
 30
0.0
 11
-6169469.31767601
 21
-1136820.332184984
 31
0.0
  0
HATCH
  5
8B
330
1F
100
AcDbEntity
  8
0
100
AcDbHatch
 10
0.0
 20
0.0
 30
0.0
210
0.0
220
0.0
230
1.0
  2
SOLID
 70
     1
 71
     0
 91
        1
 92
       19
 72
     0
 73
     1
 93
        4
 10
-6180653.946372163
 20
-1112342.849114863
 10
-6164571.504963467
 20
-1109406.23403823
 10
-6180604.073788442
 20
-1106208.521317421
 10
-6180629.010080298
 20
-1109275.685216142
 97
        0
 75
     0
 76
     1
 98
        0
1001
ACAD
1010
-6180653.946372163
1020
-1112342.849114863
1030
0.0
  0
LWPOLYLINE
  5
8C
330
1F
100
AcDbEntity
  8
0
100
AcDbPolyline
 90
        5
 70
     0
 43
0.0
 10
-6180653.946372163
 20
-1112342.849114863
 10
-6164571.504963467
 20
-1109406.23403823
 10
-6180604.073788442
 20
-1106208.521317421
 10
-6180629.010080298
 20
-1109275.685216142
 10
-6180653.946372163
 20
-1112342.849114863
  0
ARC
  5
8D
330
1F
100
AcDbEntity
  8
0
  6
Continuous
100
AcDbCircle
 10
-4683369.36476581
 20
1291995.999188223
 30
0.0
 40
2842182.724495643
100
AcDbArc
 50
242.6130418334572
 51
252.4037697451256
  0
ARC
  5
8E
330
1F
100
AcDbEntity
  8
0
  6
Continuous
100
AcDbCircle
 10
-6007857.650539316
 20
-663962.1150121817
 30
0.0
 40
567930.3107061173
100
AcDbArc
 50
271.7244705254532
 51
292.174646145177
  0
ARC
  5
8F
330
1F
100
AcDbEntity
  8
0
  6
Continuous
100
AcDbCircle
 10
-6309033.170283904
 20
-2755555.367479004
 30
0.0
 40
1556799.95638528
100
AcDbArc
 50
58.08607535059737
 51
78.2035009928485
  0
ARC
  5
90
330
1F
100
AcDbEntity
  8
0
  6
Continuous
100
AcDbCircle
 10
-6051449.426965395
 20
-2308978.456000232
 30
0.0
 40
1148434.590632234
100
AcDbArc
 50
77.02023778870937
 51
86.97111534921953
  0
ARC
  5
91
330
1F
100
AcDbEntity
  8
0
  6
Continuous
100
AcDbCircle
 10
-5989392.288127586
 20
-1387489.292544912
 30
0.0
 40
278243.1250061229
100
AcDbArc
 50
45.24944582782702
 51
90.28304899297163
  0
ARC
  5
92
330
1F
100
AcDbEntity
  8
0
  6
Continuous
100
AcDbCircle
 10
-11644496.29988174
 20
-17498990.68738268
 30
0.0
 40
17326886.17838115
100
AcDbArc
 50
67.46275333317871
 51
70.26423340760115
  0
ARC
  5
93
330
1F
100
AcDbEntity
  8
0
  6
Continuous
100
AcDbCircle
 10
-950330.7467580662
 20
7894388.366724132
 30
0.0
 40
10294677.13790455
100
AcDbArc
 50
241.9362271488419
 51
245.6607941014931
  0
ARC
  5
94
330
1F
100
AcDbEntity
  8
0
  6
Continuous
100
AcDbCircle
 10
-4224998.113796523
 20
810428.6402774728
 30
0.0
 40
2541942.283119695
100
AcDbArc
 50
231.8989853136779
 51
243.3664097552563
  0
ARC
  5
95
330
1F
100
AcDbEntity
  8
0
  6
Continuous
100
AcDbCircle
 10
-5056501.832808585
 20
146138.1018466156
 30
0.0
 40
1637164.514204884
100
AcDbArc
 50
252.7282893859911
 51
267.3702747810565
  0
MTEXT
  5
96
330
1F
100
AcDbEntity
  8
0
100
AcDbMText
 10
-5823927.125767529
 20
-1289544.376644492
 30
0.0
 40
12000.0
 41
87767.776778
 46
24574.97749774978
 71
     1
 72
     1
  1
\pxsm0.96,ql;\fￋￎￌ￥|b0|i0;瓦斯联络巷\fￋￎￌ￥|b0|i0;\P
  7
宋体
 11
0.9097360121888216
 21
-0.4151871724015329
 31
0.0
 73
     1
 44
1.0
1001
ACAD
1000
ACAD_MTEXT_DEFINED_HEIGHT_BEGIN
1070
    46
1040
24574.97749774978
1000
ACAD_MTEXT_DEFINED_HEIGHT_END
  0
MTEXT
  5
97
330
1F
100
AcDbEntity
  8
0
100
AcDbMText
 10
-5771303.715477834
 20
-1274308.639079531
 30
0.0
 40
12000.0
 41
87767.776778
 46
24574.97749774978
 71
     1
 72
     1
  1
\pxsm0.96,ql;\fￋￎￌ￥|b0|i0;暗斜井井底\fￋￎￌ￥|b0|i0;\P
  7
宋体
 11
0.9158040527889241
 21
-0.4016253688393969
 31
0.0
 73
     1
 44
1.0
1001
ACAD
1000
ACAD_MTEXT_DEFINED_HEIGHT_BEGIN
1070
    46
1040
24574.97749774978
1000
ACAD_MTEXT_DEFINED_HEIGHT_END
  0
MTEXT
  5
98
330
1F
100
AcDbEntity
  8
0
100
AcDbMText
 10
-5587846.880300721
 20
-1310993.672436151
 30
0.0
 40
12000.0
 41
87767.776778
 46
24574.97749774978
 71
     1
 72
     1
  1
\pxsm0.96,ql;\fￋￎￌ￥|b0|i0;消防材料库\fￋￎￌ￥|b0|i0;\P
  7
宋体
 11
0.8554462079395684
 21
-0.5178916733466689
 31
0.0
 73
     1
 44
1.0
1001
ACAD
1000
ACAD_MTEXT_DEFINED_HEIGHT_BEGIN
1070
    46
1040
24574.97749774978
1000
ACAD_MTEXT_DEFINED_HEIGHT_END
  0
MTEXT
  5
99
330
1F
100
AcDbEntity
  8
0
100
AcDbMText
 10
-5517597.036141835
 20
-1309236.379338111
 30
0.0
 40
12000.0
 41
52660.666067
 46
24574.97749774977
 71
     1
 72
     1
  1
\pxsm0.96,ql;\fￋￎￌ￥|b0|i0;索车房\fￋￎￌ￥|b0|i0;\P
  7
宋体
 11
0.8908720545908226
 21
-0.4542543146180632
 31
0.0
 73
     1
 44
1.0
1001
ACAD
1000
ACAD_MTEXT_DEFINED_HEIGHT_BEGIN
1070
    46
1040
24574.97749774977
1000
ACAD_MTEXT_DEFINED_HEIGHT_END
  0
MTEXT
  5
9A
330
1F
100
AcDbEntity
  8
0
100
AcDbMText
 10
-5477053.194649214
 20
-1286495.66586421
 30
0.0
 40
12000.0
 41
87767.776778
 46
24574.97749774978
 71
     1
 72
     1
  1
\pxsm0.96,ql;\fￋￎￌ￥|b0|i0;中央配电室\fￋￎￌ￥|b0|i0;\P
  7
宋体
 11
0.9487585848870056
 21
-0.3160018158226414
 31
0.0
 73
     1
 44
1.0
1001
ACAD
1000
ACAD_MTEXT_DEFINED_HEIGHT_BEGIN
1070
    46
1040
24574.97749774978
1000
ACAD_MTEXT_DEFINED_HEIGHT_END
  0
ARC
  5
9B
330
1F
100
AcDbEntity
  8
0
  6
Continuous
100
AcDbCircle
 10
-6277188.128927553
 20
-6077556.664468669
 30
0.0
 40
4914486.793130383
100
AcDbArc
 50
70.50064181362491
 51
84.2411372451099
  0
MTEXT
  5
9C
330
1F
100
AcDbEntity
  8
0
100
AcDbMText
 10
-5115304.700625389
 20
-1285317.924416182
 30
0.0
 40
12000.0
 41
70214.221423
 46
24574.97749774978
 71
     1
 72
     1
  1
\pxsm0.96,ql;\fￋￎￌ￥|b0|i0;煤仓上口\fￋￎￌ￥|b0|i0;\P
  7
宋体
 11
0.9672052101205365
 21
-0.2539962234280045
 31
0.0
 73
     1
 44
1.0
1001
ACAD
1000
ACAD_MTEXT_DEFINED_HEIGHT_BEGIN
1070
    46
1040
24574.97749774978
1000
ACAD_MTEXT_DEFINED_HEIGHT_END
  0
ARC
  5
9D
330
1F
100
AcDbEntity
  8
0
  6
Continuous
100
AcDbCircle
 10
-9194196.563863982
 20
-14711940.58234464
 30
0.0
 40
13943121.93458272
100
AcDbArc
 50
71.61681583842977
 51
75.88330755426851
  0
MTEXT
  5
9E
330
1F
100
AcDbEntity
  8
0
100
AcDbMText
 10
-5259837.89138901
 20
-1314164.296171156
 30
0.0
 40
12000.0
 41
70214.221423
 46
24574.97749774978
 71
     1
 72
     1
  1
\pxsm0.96,ql;\fￋￎￌ￥|b0|i0;煤仓下口\fￋￎￌ￥|b0|i0;\P
  7
宋体
 11
0.9617345199851836
 21
-0.2739830525212621
 31
0.0
 73
     1
 44
1.0
1001
ACAD
1000
ACAD_MTEXT_DEFINED_HEIGHT_BEGIN
1070
    46
1040
24574.97749774978
1000
ACAD_MTEXT_DEFINED_HEIGHT_END
  0
ARC
  5
9F
330
1F
100
AcDbEntity
  8
0
  6
Continuous
100
AcDbCircle
 10
-5813851.871175012
 20
-1022318.950210155
 30
0.0
 40
168799.050005543
100
AcDbArc
 50
276.9238544633156
 51
341.9939809897756
  0
ARC
  5
A0
330
1F
100
AcDbEntity
  8
0
  6
Continuous
100
AcDbCircle
 10
-5903461.466060505
 20
-163688.3656755104
 30
0.0
 40
883994.3877540521
100
AcDbArc
 50
264.3320936205461
 51
309.108566718126
  0
ARC
  5
A1
330
1F
100
AcDbEntity
  8
0
  6
Continuous
100
AcDbCircle
 10
-5995349.74539772
 20
-4040205.603467928
 30
0.0
 40
3072461.450695418
100
AcDbArc
 50
59.67662312235431
 51
63.9190622037395
  0
MTEXT
  5
A2
330
1F
100
AcDbEntity
  8
0
100
AcDbMText
 10
-5180023.793504984
 20
-1058787.45665069
 30
0.0
 40
12000.0
 41
87767.776778
 46
24574.97749774978
 71
     1
 72
     1
  1
\pxsm0.96,ql;\fￋￎￌ￥|b0|i0;西翼配电室\fￋￎￌ￥|b0|i0;\P
  7
宋体
 11
0.9510617103340038
 21
-0.3090010083099397
 31
0.0
 73
     1
 44
1.0
1001
ACAD
1000
ACAD_MTEXT_DEFINED_HEIGHT_BEGIN
1070
    46
1040
24574.97749774978
1000
ACAD_MTEXT_DEFINED_HEIGHT_END
  0
ARC
  5
A3
330
1F
100
AcDbEntity
  8
0
  6
Continuous
100
AcDbCircle
 10
-4997596.951002318
 20
-149063.1249526913
 30
0.0
 40
1346923.330890311
100
AcDbArc
 50
264.2895712159612
 51
287.0794600591812
  0
MTEXT
  5
A4
330
1F
100
AcDbEntity
  8
0
100
AcDbMText
 10
-4956566.109998854
 20
-1480503.55972943
 30
0.0
 40
12000.0
 41
148508.7882882828
 46
22627.91469913317
 71
     1
 72
     1
  1
{\fￋￎￌ￥|b0|i0|c134|p0;15#}煤集中回风巷{\fￋￎￌ￥|b0|i0|c134|p0;1403m\fISOCPEUR|b0|i0|c134|p34;³\fￋￎￌ￥|b0|i0|c134|p0;/min}
  7
宋体
 11
0.9935872870484487
 21
0.1130676921835045
 31
0.0
 73
     1
 44
1.0
1001
ACAD
1000
ACAD_MTEXT_DEFINED_HEIGHT_BEGIN
1070
    46
1040
22627.91469913317
1000
ACAD_MTEXT_DEFINED_HEIGHT_END
  0
ARC
  5
A5
330
1F
100
AcDbEntity
  8
0
  6
Continuous
100
AcDbCircle
 10
-6011498.234831858
 20
-517400.1122759148
 30
0.0
 40
526369.2519943586
100
AcDbArc
 50
272.2572151242925
 51
305.8428624972863
  0
MTEXT
  5
A6
330
1F
100
AcDbEntity
  8
0
100
AcDbMText
 10
-5512902.292828392
 20
-973708.2886452982
 30
0.0
 40
12000.0
 41
157981.9982
 46
24574.97749774977
 71
     1
 72
     1
  1
\pxsm0.96,ql;\fￋￎￌ￥|b0|i0;集中高抽进风系统巷\fￋￎￌ￥|b0|i0;\P
  7
宋体
 11
0.9998469010912475
 21
-0.01749783924458057
 31
0.0
 73
     1
 44
1.0
1001
ACAD
1000
ACAD_MTEXT_DEFINED_HEIGHT_BEGIN
1070
    46
1040
24574.97749774977
1000
ACAD_MTEXT_DEFINED_HEIGHT_END
  0
ARC
  5
A7
330
1F
100
AcDbEntity
  8
0
  6
Continuous
100
AcDbCircle
 10
-5022701.018221111
 20
-2638195.430309887
 30
0.0
 40
1942433.579955504
100
AcDbArc
 50
86.70891858986576
 51
110.461368658385
  0
ARC
  5
A8
330
1F
100
AcDbEntity
  8
0
  6
Continuous
100
AcDbCircle
 10
-5417175.117705181
 20
-1826885.694924364
 30
0.0
 40
1424531.770048461
100
AcDbArc
 50
26.31706507980504
 51
29.87453062968221
  0
MTEXT
  5
A9
330
1F
100
AcDbEntity
  8
0
100
AcDbMText
 10
-5835825.247489443
 20
-885827.5882935268
 30
0.0
 40
12000.0
 41
87767.776778
 46
24574.97749774977
 71
     1
 72
     1
  1
\pxsm0.96,ql;\fￋￎￌ￥|b0|i0;西翼轨道巷\fￋￎￌ￥|b0|i0;\P
  7
宋体
 11
0.8092104316569766
 21
0.5875189165444205
 31
0.0
 73
     1
 44
1.0
1001
ACAD
1000
ACAD_MTEXT_DEFINED_HEIGHT_BEGIN
1070
    46
1040
24574.97749774977
1000
ACAD_MTEXT_DEFINED_HEIGHT_END
  0
MTEXT
  5
AA
330
1F
100
AcDbEntity
  8
0
100
AcDbMText
 10
-5511314.680762977
 20
-872645.2560859327
 30
0.0
 40
12000.0
 41
87767.776778
 46
24574.97749774977
 71
     1
 72
     1
  1
\pxsm0.96,ql;\fￋￎￌ￥|b0|i0;西翼皮带巷\fￋￎￌ￥|b0|i0;\P
  7
宋体
 11
0.9770420180166041
 21
0.2130466968296905
 31
0.0
 73
     1
 44
1.0
1001
ACAD
1000
ACAD_MTEXT_DEFINED_HEIGHT_BEGIN
1070
    46
1040
24574.97749774977
1000
ACAD_MTEXT_DEFINED_HEIGHT_END
  0
ARC
  5
AB
330
1F
100
AcDbEntity
  8
0
  6
Continuous
100
AcDbCircle
 10
-4990593.479578139
 20
110594.6851727017
 30
0.0
 40
1595231.296962915
100
AcDbArc
 50
284.0986103241058
 51
301.046520460862
  0
MTEXT
  5
AC
330
1F
100
AcDbEntity
  8
0
100
AcDbMText
 10
-4435016.550888411
 20
-1395420.637777554
 30
0.0
 40
12000.0
 41
164583.3113851034
 46
23534.52155629506
 71
     1
 72
     1
  1
{\fￋￎￌ￥|b0|i0|c134|p0;15#}煤西翼南回风巷{\fￋￎￌ￥|b0|i0|c134|p0;\P}东段
  7
宋体
 11
0.9085631355859506
 21
0.4177475657071218
 31
0.0
 73
     1
 44
1.0
1001
ACAD
1000
ACAD_MTEXT_DEFINED_HEIGHT_BEGIN
1070
    46
1040
23534.52155629506
1000
ACAD_MTEXT_DEFINED_HEIGHT_END
  0
MTEXT
  5
AD
330
1F
100
AcDbEntity
  8
0
100
AcDbMText
 10
-4384348.315134389
 20
-918301.82928959
 30
0.0
 40
12000.0
 41
146218.9350962555
 46
24574.97749774978
 71
     1
 72
     1
  1
西翼南回风巷西段{\fￋￎￌ￥|b0|i0|c134|p0;1194m\fISOCPEUR|b0|i0|c134|p34;³\fￋￎￌ￥|b0|i0|c134|p0;/min}
  7
宋体
 11
0.6351067515607948
 21
-0.7724243743706531
 31
0.0
 73
     1
 44
1.0
1001
ACAD
1000
ACAD_MTEXT_DEFINED_HEIGHT_BEGIN
1070
    46
1040
24574.97749774978
1000
ACAD_MTEXT_DEFINED_HEIGHT_END
  0
ARC
  5
AE
330
1F
100
AcDbEntity
  8
0
  6
Continuous
100
AcDbCircle
 10
-4170759.791253203
 20
-1089274.756031696
 30
0.0
 40
123747.8662758335
100
AcDbArc
 50
305.4548748176584
 51
30.12978696883749
  0
ARC
  5
AF
330
1F
100
AcDbEntity
  8
0
  6
Continuous
100
AcDbCircle
 10
-4112417.585030622
 20
-1245481.814920478
 30
0.0
 40
56500.33322282971
100
AcDbArc
 50
126.1620276925245
 51
125.8927190753415
  0
ARC
  5
B0
330
1F
100
AcDbEntity
  8
0
  6
Continuous
100
AcDbCircle
 10
-4191361.569615418
 20
-1033515.92894656
 30
0.0
 40
236750.244497533
100
AcDbArc
 50
303.6147565283458
 51
1.538809683226826
  0
LINE
  5
B1
330
1F
100
AcDbEntity
  8
0
  6
Continuous
100
AcDbLine
 10
-4041697.984162947
 20
-1182126.353787399
 30
0.0
 11
-3969037.309689449
 21
-834193.5087123744
 31
0.0
  0
LINE
  5
B2
330
1F
100
AcDbEntity
  8
0
  6
Continuous
100
AcDbLine
 10
-3969037.309689449
 20
-834193.5087123744
 30
0.0
 11
-4016546.212229812
 21
-916635.427826537
 31
0.0
  0
LINE
  5
B3
330
1F
100
AcDbEntity
  8
0
  6
Continuous
100
AcDbLine
 10
-4016546.212229812
 20
-916635.427826537
 30
0.0
 11
-3977787.74931963
 21
-876094.652326144
 31
0.0
  0
LINE
  5
B4
330
1F
100
AcDbEntity
  8
0
  6
Continuous
100
AcDbLine
 10
-4041697.984162947
 20
-1182126.3537874
 30
0.0
 11
-3969037.309689449
 21
-834193.5087123744
 31
0.0
  0
LINE
  5
B5
330
1F
100
AcDbEntity
  8
0
  6
Continuous
100
AcDbLine
 10
-3958493.774312651
 20
-928758.8285160648
 30
0.0
 11
-3977787.749319633
 21
-876094.652326144
 31
0.0
  0
LINE
  5
B6
330
1F
100
AcDbEntity
  8
0
  6
Continuous
100
AcDbLine
 10
-3969037.309689449
 20
-834193.5087123744
 30
0.0
 11
-3958493.774312651
 21
-928758.8285160648
 31
0.0
  0
HATCH
  5
B7
330
1F
100
AcDbEntity
  8
0
100
AcDbHatch
 10
0.0
 20
0.0
 30
0.0
210
0.0
220
0.0
230
1.0
  2
SOLID
 70
     1
 71
     0
 91
        1
 92
       19
 72
     0
 73
     1
 93
        4
 10
-4016546.212229812
 20
-916635.427826537
 10
-3969037.309689449
 20
-834193.5087123744
 10
-3958493.774312651
 20
-928758.8285160648
 10
-3977787.74931963
 20
-876094.652326144
 97
        0
 75
     0
 76
     1
 98
        0
1001
ACAD
1010
-4016546.212229812
1020
-928758.8285160648
1030
0.0
  0
LWPOLYLINE
  5
B8
330
1F
100
AcDbEntity
  8
0
100
AcDbPolyline
 90
        5
 70
     0
 43
0.0
 10
-4016546.212229812
 20
-916635.427826537
 10
-3969037.309689449
 20
-834193.5087123744
 10
-3958493.774312651
 20
-928758.8285160648
 10
-3977787.74931963
 20
-876094.652326144
 10
-4016546.212229812
 20
-916635.427826537
  0
MTEXT
  5
B9
330
1F
100
AcDbEntity
  8
0
100
AcDbMText
 10
-4147905.253777779
 20
-1263459.70519017
 30
0.0
 40
12000.0
 41
87767.776778
 46
24574.97749774978
 71
     1
 72
     1
  1
\pxsm0.96,ql;\fￋￎￌ￥|b0|i0;架垴回风井\fￋￎￌ￥|b0|i0;\P
  7
宋体
 11
0.9999400481161572
 21
0.01094989376465244
 31
0.0
 73
     1
 44
1.0
1001
ACAD
1000
ACAD_MTEXT_DEFINED_HEIGHT_BEGIN
1070
    46
1040
24574.97749774978
1000
ACAD_MTEXT_DEFINED_HEIGHT_END
  0
LINE
  5
BA
330
1F
100
AcDbEntity
  8
0
  6
Continuous
100
AcDbLine
 10
-4063731.427640164
 20
-1027158.222080286
 30
0.0
 11
-3954696.705655908
 21
-1027158.222074706
 31
0.0
  0
LINE
  5
BB
330
1F
100
AcDbEntity
  8
0
  6
Continuous
100
AcDbLine
 10
-5730454.976135722
 20
-1368989.153864108
 30
0.0
 11
-5711710.262120944
 21
-1340369.596220844
 31
0.0
  0
LINE
  5
BC
330
1F
100
AcDbEntity
  8
0
  6
Continuous
100
AcDbLine
 10
-5738527.159060748
 20
-1363702.183244554
 30
0.0
 11
-5734441.772672912
 21
-1357464.587347946
 31
0.0
  0
ARC
  5
BD
330
1F
100
AcDbEntity
  8
0
  6
Continuous
100
AcDbCircle
 10
-5728674.168360672
 20
-1348658.569611556
 30
0.0
 40
10526.69026219379
100
AcDbArc
 50
56.7767370244685
 51
236.7767370244685
  0
LINE
  5
BE
330
1F
100
AcDbEntity
  8
0
  6
Continuous
100
AcDbLine
 10
-5722906.564048433
 20
-1339852.551875167
 30
0.0
 11
-5719782.44504597
 21
-1335082.62560129
 31
0.0
  0
LINE
  5
BF
330
1F
100
AcDbEntity
  8
0
  6
Continuous
100
AcDbLine
 10
-5691415.442219948
 20
-1351852.729374356
 30
0.0
 11
-5676648.438949428
 21
-1320992.091053019
 31
0.0
  0
LINE
  5
C0
330
1F
100
AcDbEntity
  8
0
  6
Continuous
100
AcDbLine
 10
-5700119.724823405
 20
-1347687.677169848
 30
0.0
 11
-5696901.275392651
 21
-1340961.640612635
 31
0.0
  0
ARC
  5
C1
330
1F
100
AcDbEntity
  8
0
  6
Continuous
100
AcDbCircle
 10
-5692357.582078644
 20
-1331466.059590685
 30
0.0
 40
10526.69026219379
100
AcDbArc
 50
64.42860142640566
 51
244.4286014264057
  0
LINE
  5
C2
330
1F
100
AcDbEntity
  8
0
  6
Continuous
100
AcDbLine
 10
-5687813.888764637
 20
-1321970.478568735
 30
0.0
 11
-5685352.721552884
 21
-1316827.038848512
 31
0.0
  0
LINE
  5
C3
330
1F
100
AcDbEntity
  8
0
  6
Continuous
100
AcDbLine
 10
-5512480.879561152
 20
-1404023.278516557
 30
0.0
 11
-5493215.58198601
 21
-1375751.531267172
 31
0.0
  0
LINE
  5
C4
330
1F
100
AcDbEntity
  8
0
  6
Continuous
100
AcDbLine
 10
-5520454.962118673
 20
-1398589.476636388
 30
0.0
 11
-5516256.115211271
 21
-1392427.685569214
 31
0.0
  0
ARC
  5
C5
330
1F
100
AcDbEntity
  8
0
  6
Continuous
100
AcDbCircle
 10
-5510328.331341996
 20
-1383728.686415557
 30
0.0
 40
10526.69026219379
100
AcDbArc
 50
55.72819680211576
 51
235.7281968021158
  0
LINE
  5
C6
330
1F
100
AcDbEntity
  8
0
  6
Continuous
100
AcDbLine
 10
-5504400.547472721
 20
-1375029.6872619
 30
0.0
 11
-5501189.664543531
 21
-1370317.729387002
 31
0.0
  0
LINE
  5
C7
330
1F
100
AcDbEntity
  8
0
  6
Continuous
100
AcDbLine
 10
-5292671.077401366
 20
-1457827.080030706
 30
0.0
 11
-5273405.779826224
 21
-1429555.332781321
 31
0.0
  0
LINE
  5
C8
330
1F
100
AcDbEntity
  8
0
  6
Continuous
100
AcDbLine
 10
-5300645.159958887
 20
-1452393.278150536
 30
0.0
 11
-5296446.313051485
 21
-1446231.487083363
 31
0.0
  0
ARC
  5
C9
330
1F
100
AcDbEntity
  8
0
  6
Continuous
100
AcDbCircle
 10
-5290518.52918221
 20
-1437532.487929706
 30
0.0
 40
10526.69026219379
100
AcDbArc
 50
55.72819680211576
 51
235.7281968021158
  0
LINE
  5
CA
330
1F
100
AcDbEntity
  8
0
  6
Continuous
100
AcDbLine
 10
-5284590.745312935
 20
-1428833.488776048
 30
0.0
 11
-5281379.862383745
 21
-1424121.530901151
 31
0.0
  0
LINE
  5
CB
330
1F
100
AcDbEntity
  8
0
  6
Continuous
100
AcDbLine
 10
-5213922.874054518
 20
-1432101.065477219
 30
0.0
 11
-5194657.576479375
 21
-1403829.318227833
 31
0.0
  0
LINE
  5
CC
330
1F
100
AcDbEntity
  8
0
  6
Continuous
100
AcDbLine
 10
-5221896.956612038
 20
-1426667.263597049
 30
0.0
 11
-5217698.109704636
 21
-1420505.472529876
 31
0.0
  0
ARC
  5
CD
330
1F
100
AcDbEntity
  8
0
  6
Continuous
100
AcDbCircle
 10
-5211770.325835361
 20
-1411806.473376218
 30
0.0
 40
10526.69026219379
100
AcDbArc
 50
55.72819680211576
 51
235.7281968021158
  0
LINE
  5
CE
330
1F
100
AcDbEntity
  8
0
  6
Continuous
100
AcDbLine
 10
-5205842.541966086
 20
-1403107.474222561
 30
0.0
 11
-5202631.659036896
 21
-1398395.516347664
 31
0.0
  0
LINE
  5
CF
330
1F
100
AcDbEntity
  8
0
  6
Continuous
100
AcDbLine
 10
-4874173.695624771
 20
-1391471.64961762
 30
0.0
 11
-4854908.398049627
 21
-1363199.902368234
 31
0.0
  0
LINE
  5
D0
330
1F
100
AcDbEntity
  8
0
  6
Continuous
100
AcDbLine
 10
-4882147.77818229
 20
-1386037.84773745
 30
0.0
 11
-4877948.931274889
 21
-1379876.056670277
 31
0.0
  0
ARC
  5
D1
330
1F
100
AcDbEntity
  8
0
  6
Continuous
100
AcDbCircle
 10
-4872021.147405613
 20
-1371177.057516619
 30
0.0
 40
10526.69026219379
100
AcDbArc
 50
55.72819680211576
 51
235.7281968021158
  0
LINE
  5
D2
330
1F
100
AcDbEntity
  8
0
  6
Continuous
100
AcDbLine
 10
-4866093.363536339
 20
-1362478.058362962
 30
0.0
 11
-4862882.480607148
 21
-1357766.100488064
 31
0.0
  0
LINE
  5
D3
330
1F
100
AcDbEntity
  8
0
  6
Continuous
100
AcDbLine
 10
-5017109.651914204
 20
-1147654.094753905
 30
0.0
 11
-4995834.679836706
 21
-1120861.951385116
 31
0.0
  0
LINE
  5
D4
330
1F
100
AcDbEntity
  8
0
  6
Continuous
100
AcDbLine
 10
-5024666.410300273
 20
-1141653.461603839
 30
0.0
 11
-5020029.557411589
 21
-1135814.148305514
 31
0.0
  0
ARC
  5
D5
330
1F
100
AcDbEntity
  8
0
  6
Continuous
100
AcDbCircle
 10
-5013483.412156974
 20
-1127570.411884349
 30
0.0
 40
10526.69026219379
100
AcDbArc
 50
51.5477882579176
 51
231.5477882579176
  0
LINE
  5
D6
330
1F
100
AcDbEntity
  8
0
  6
Continuous
100
AcDbLine
 10
-5006937.266902359
 20
-1119326.675463183
 30
0.0
 11
-5003391.438222777
 21
-1114861.318235052
 31
0.0
  0
HATCH
  5
D7
330
1F
100
AcDbEntity
  8
0
100
AcDbHatch
 10
0.0
 20
0.0
 30
0.0
210
0.0
220
0.0
230
1.0
  2
SOLID
 70
     1
 71
     0
 91
        1
 92
       19
 72
     0
 73
     1
 93
        4
 10
-5880368.599204076
 20
-1291543.915465543
 10
-5855091.894752012
 20
-1295237.572578683
 10
-5874601.881566636
 20
-1278747.717960778
 10
-5877485.240385355
 20
-1285145.816713161
 97
        0
 75
     0
 76
     1
 98
        0
1001
ACAD
1010
-5880368.599204076
1020
-1295237.572578683
1030
0.0
  0
LWPOLYLINE
  5
D8
330
1F
100
AcDbEntity
  8
0
100
AcDbPolyline
 90
        5
 70
     0
 43
0.0
 10
-5880368.599204076
 20
-1291543.915465543
 10
-5855091.894752012
 20
-1295237.572578683
 10
-5874601.881566636
 20
-1278747.717960778
 10
-5877485.240385355
 20
-1285145.816713161
 10
-5880368.599204076
 20
-1291543.915465543
  0
HATCH
  5
D9
330
1F
100
AcDbEntity
  8
0
100
AcDbHatch
 10
0.0
 20
0.0
 30
0.0
210
0.0
220
0.0
230
1.0
  2
SOLID
 70
     1
 71
     0
 91
        1
 92
       19
 72
     0
 73
     1
 93
        4
 10
-5826979.319051595
 20
-1284336.299246216
 10
-5801466.933191162
 20
-1285629.766885854
 10
-5822445.051489459
 20
-1271053.29805801
 10
-5824712.185270527
 20
-1277694.798652114
 97
        0
 75
     0
 76
     1
 98
        0
1001
ACAD
1010
-5826979.319051595
1020
-1285629.766885854
1030
0.0
  0
LWPOLYLINE
  5
DA
330
1F
100
AcDbEntity
  8
0
100
AcDbPolyline
 90
        5
 70
     0
 43
0.0
 10
-5826979.319051595
 20
-1284336.299246216
 10
-5801466.933191162
 20
-1285629.766885854
 10
-5822445.051489459
 20
-1271053.29805801
 10
-5824712.185270527
 20
-1277694.798652114
 10
-5826979.319051595
 20
-1284336.299246216
  0
HATCH
  5
DB
330
1F
100
AcDbEntity
  8
0
100
AcDbHatch
 10
0.0
 20
0.0
 30
0.0
210
0.0
220
0.0
230
1.0
  2
SOLID
 70
     1
 71
     0
 91
        1
 92
       19
 72
     0
 73
     1
 93
        4
 10
-5922990.648692653
 20
-1233101.32397404
 10
-5900990.31004716
 20
-1220119.028710486
 10
-5926528.413942004
 20
-1219518.911819661
 10
-5924759.531317328
 20
-1226310.117896851
 97
        0
 75
     0
 76
     1
 98
        0
1001
ACAD
1010
-5926528.413942004
1020
-1233101.32397404
1030
0.0
  0
LWPOLYLINE
  5
DC
330
1F
100
AcDbEntity
  8
0
100
AcDbPolyline
 90
        5
 70
     0
 43
0.0
 10
-5922990.648692653
 20
-1233101.32397404
 10
-5900990.31004716
 20
-1220119.028710486
 10
-5926528.413942004
 20
-1219518.911819661
 10
-5924759.531317328
 20
-1226310.117896851
 10
-5922990.648692653
 20
-1233101.32397404
  0
HATCH
  5
DD
330
1F
100
AcDbEntity
  8
0
100
AcDbHatch
 10
0.0
 20
0.0
 30
0.0
210
0.0
220
0.0
230
1.0
  2
SOLID
 70
     1
 71
     0
 91
        1
 92
       19
 72
     0
 73
     1
 93
        4
 10
-5897068.721586865
 20
-1181451.703225769
 10
-5871659.141082383
 20
-1178823.374971414
 10
-5894621.863984718
 20
-1167631.045109538
 10
-5895845.292785792
 20
-1174541.374167654
 97
        0
 75
     0
 76
     1
 98
        0
1001
ACAD
1010
-5897068.721586865
1020
-1181451.703225769
1030
0.0
  0
LWPOLYLINE
  5
DE
330
1F
100
AcDbEntity
  8
0
100
AcDbPolyline
 90
        5
 70
     0
 43
0.0
 10
-5897068.721586865
 20
-1181451.703225769
 10
-5871659.141082383
 20
-1178823.374971414
 10
-5894621.863984718
 20
-1167631.045109538
 10
-5895845.292785792
 20
-1174541.374167654
 10
-5897068.721586865
 20
-1181451.703225769
  0
HATCH
  5
DF
330
1F
100
AcDbEntity
  8
0
100
AcDbHatch
 10
0.0
 20
0.0
 30
0.0
210
0.0
220
0.0
230
1.0
  2
SOLID
 70
     1
 71
     0
 91
        1
 92
       19
 72
     0
 73
     1
 93
        4
 10
-5840289.453747881
 20
-1164511.508090005
 10
-5815484.772884355
 20
-1170617.464041784
 10
-5833319.562926034
 20
-1152328.802117092
 10
-5836804.508336957
 20
-1158420.155103549
 97
        0
 75
     0
 76
     1
 98
        0
1001
ACAD
1010
-5840289.453747881
1020
-1170617.464041784
1030
0.0
  0
LWPOLYLINE
  5
E0
330
1F
100
AcDbEntity
  8
0
100
AcDbPolyline
 90
        5
 70
     0
 43
0.0
 10
-5840289.453747881
 20
-1164511.508090005
 10
-5815484.772884355
 20
-1170617.464041784
 10
-5833319.562926034
 20
-1152328.802117092
 10
-5836804.508336957
 20
-1158420.155103549
 10
-5840289.453747881
 20
-1164511.508090005
  0
HATCH
  5
E1
330
1F
100
AcDbEntity
  8
0
100
AcDbHatch
 10
0.0
 20
0.0
 30
0.0
210
0.0
220
0.0
230
1.0
  2
SOLID
 70
     1
 71
     0
 91
        1
 92
       19
 72
     0
 73
     1
 93
        4
 10
-5695748.576131151
 20
-1270407.687439226
 10
-5671552.617960627
 20
-1278599.787233336
 10
-5687768.454251923
 20
-1258861.460450136
 10
-5691758.515191537
 20
-1264634.573944681
 97
        0
 75
     0
 76
     1
 98
        0
1001
ACAD
1010
-5695748.576131151
1020
-1278599.787233336
1030
0.0
  0
LWPOLYLINE
  5
E2
330
1F
100
AcDbEntity
  8
0
100
AcDbPolyline
 90
        5
 70
     0
 43
0.0
 10
-5695748.576131151
 20
-1270407.687439226
 10
-5671552.617960627
 20
-1278599.787233336
 10
-5687768.454251923
 20
-1258861.460450136
 10
-5691758.515191537
 20
-1264634.573944681
 10
-5695748.576131151
 20
-1270407.687439226
  0
HATCH
  5
E3
330
1F
100
AcDbEntity
  8
0
100
AcDbHatch
 10
0.0
 20
0.0
 30
0.0
210
0.0
220
0.0
230
1.0
  2
SOLID
 70
     1
 71
     0
 91
        1
 92
       19
 72
     0
 73
     1
 93
        4
 10
-5648167.57684486
 20
-1270904.694563813
 10
-5623437.822839459
 20
-1277307.36257479
 10
-5641052.242196739
 20
-1258806.359317335
 10
-5644609.909520799
 20
-1264855.526940575
 97
        0
 75
     0
 76
     1
 98
        0
1001
ACAD
1010
-5648167.57684486
1020
-1277307.36257479
1030
0.0
  0
LWPOLYLINE
  5
E4
330
1F
100
AcDbEntity
  8
0
100
AcDbPolyline
 90
        5
 70
     0
 43
0.0
 10
-5648167.57684486
 20
-1270904.694563813
 10
-5623437.822839459
 20
-1277307.36257479
 10
-5641052.242196739
 20
-1258806.359317335
 10
-5644609.909520799
 20
-1264855.526940575
 10
-5648167.57684486
 20
-1270904.694563813
  0
HATCH
  5
E5
330
1F
100
AcDbEntity
  8
0
100
AcDbHatch
 10
0.0
 20
0.0
 30
0.0
210
0.0
220
0.0
230
1.0
  2
SOLID
 70
     1
 71
     0
 91
        1
 92
       19
 72
     0
 73
     1
 93
        4
 10
-5372069.498128207
 20
-1354251.457028317
 10
-5346951.14379039
 20
-1358901.528660698
 10
-5365821.406799734
 20
-1341683.280643416
 10
-5368945.452463971
 20
-1347967.368835867
 97
        0
 75
     0
 76
     1
 98
        0
1001
ACAD
1010
-5372069.498128207
1020
-1358901.528660698
1030
0.0
  0
LWPOLYLINE
  5
E6
330
1F
100
AcDbEntity
  8
0
100
AcDbPolyline
 90
        5
 70
     0
 43
0.0
 10
-5372069.498128207
 20
-1354251.457028317
 10
-5346951.14379039
 20
-1358901.528660698
 10
-5365821.406799734
 20
-1341683.280643416
 10
-5368945.452463971
 20
-1347967.368835867
 10
-5372069.498128207
 20
-1354251.457028317
  0
HATCH
  5
E7
330
1F
100
AcDbEntity
  8
0
100
AcDbHatch
 10
0.0
 20
0.0
 30
0.0
210
0.0
220
0.0
230
1.0
  2
SOLID
 70
     1
 71
     0
 91
        1
 92
       19
 72
     0
 73
     1
 93
        4
 10
-5349269.055925805
 20
-1315492.494590621
 10
-5323788.378803159
 20
-1317306.325949355
 10
-5344464.665453624
 20
-1302304.79065545
 10
-5346866.860689715
 20
-1308898.642623036
 97
        0
 75
     0
 76
     1
 98
        0
1001
ACAD
1010
-5349269.055925805
1020
-1317306.325949355
1030
0.0
  0
LWPOLYLINE
  5
E8
330
1F
100
AcDbEntity
  8
0
100
AcDbPolyline
 90
        5
 70
     0
 43
0.0
 10
-5349269.055925805
 20
-1315492.494590621
 10
-5323788.378803159
 20
-1317306.325949355
 10
-5344464.665453624
 20
-1302304.79065545
 10
-5346866.860689715
 20
-1308898.642623036
 10
-5349269.055925805
 20
-1315492.494590621
  0
HATCH
  5
E9
330
1F
100
AcDbEntity
  8
0
100
AcDbHatch
 10
0.0
 20
0.0
 30
0.0
210
0.0
220
0.0
230
1.0
  2
SOLID
 70
     1
 71
     0
 91
        1
 92
       19
 72
     0
 73
     1
 93
        4
 10
-5024443.116900163
 20
-1333171.558220063
 10
-4998902.063591558
 20
-1332713.861034779
 10
-5020829.66585713
 20
-1319609.085198872
 10
-5022636.391378647
 20
-1326390.321709468
 97
        0
 75
     0
 76
     1
 98
        0
1001
ACAD
1010
-5024443.116900163
1020
-1333171.558220063
1030
0.0
  0
LWPOLYLINE
  5
EA
330
1F
100
AcDbEntity
  8
0
100
AcDbPolyline
 90
        5
 70
     0
 43
0.0
 10
-5024443.116900163
 20
-1333171.558220063
 10
-4998902.063591558
 20
-1332713.861034779
 10
-5020829.66585713
 20
-1319609.085198872
 10
-5022636.391378647
 20
-1326390.321709468
 10
-5024443.116900163
 20
-1333171.558220063
  0
HATCH
  5
EB
330
1F
100
AcDbEntity
  8
0
100
AcDbHatch
 10
0.0
 20
0.0
 30
0.0
210
0.0
220
0.0
230
1.0
  2
SOLID
 70
     1
 71
     0
 91
        1
 92
       19
 72
     0
 73
     1
 93
        4
 10
-4322061.818830006
 20
-1345545.876330441
 10
-4302962.545573008
 20
-1328582.013212596
 10
-4328140.950551585
 20
-1332895.11112028
 10
-4325101.384690795
 20
-1339220.49372536
 97
        0
 75
     0
 76
     1
 98
        0
1001
ACAD
1010
-4328140.950551585
1020
-1345545.876330441
1030
0.0
  0
LWPOLYLINE
  5
EC
330
1F
100
AcDbEntity
  8
0
100
AcDbPolyline
 90
        5
 70
     0
 43
0.0
 10
-4322061.818830006
 20
-1345545.876330441
 10
-4302962.545573008
 20
-1328582.013212596
 10
-4328140.950551585
 20
-1332895.11112028
 10
-4325101.384690795
 20
-1339220.49372536
 10
-4322061.818830006
 20
-1345545.876330441
  0
HATCH
  5
ED
330
1F
100
AcDbEntity
  8
0
100
AcDbHatch
 10
0.0
 20
0.0
 30
0.0
210
0.0
220
0.0
230
1.0
  2
SOLID
 70
     1
 71
     0
 91
        1
 92
       19
 72
     0
 73
     1
 93
        4
 10
-4781507.318236645
 20
-713152.4537188525
 10
-4756060.499314739
 20
-710913.1909870186
 10
-4778849.295691668
 20
-699370.84934776
 10
-4780178.306964156
 20
-706261.651533307
 97
        0
 75
     0
 76
     1
 98
        0
1001
ACAD
1010
-4781507.318236645
1020
-713152.4537188525
1030
0.0
  0
LWPOLYLINE
  5
EE
330
1F
100
AcDbEntity
  8
0
100
AcDbPolyline
 90
        5
 70
     0
 43
0.0
 10
-4781507.318236645
 20
-713152.4537188525
 10
-4756060.499314739
 20
-710913.1909870186
 10
-4778849.295691668
 20
-699370.84934776
 10
-4780178.306964156
 20
-706261.651533307
 10
-4781507.318236645
 20
-713152.4537188525
  0
HATCH
  5
EF
330
1F
100
AcDbEntity
  8
0
100
AcDbHatch
 10
0.0
 20
0.0
 30
0.0
210
0.0
220
0.0
230
1.0
  2
SOLID
 70
     1
 71
     0
 91
        1
 92
       19
 72
     0
 73
     1
 93
        4
 10
-5260414.801651629
 20
-1062748.501428743
 10
-5234887.879884141
 20
-1063713.465626522
 10
-5256051.888978466
 20
-1049408.235468227
 10
-5258233.345315048
 20
-1056078.368448485
 97
        0
 75
     0
 76
     1
 98
        0
1001
ACAD
1010
-5260414.801651629
1020
-1063713.465626522
1030
0.0
  0
LWPOLYLINE
  5
F0
330
1F
100
AcDbEntity
  8
0
100
AcDbPolyline
 90
        5
 70
     0
 43
0.0
 10
-5260414.801651629
 20
-1062748.501428743
 10
-5234887.879884141
 20
-1063713.465626522
 10
-5256051.888978466
 20
-1049408.235468227
 10
-5258233.345315048
 20
-1056078.368448485
 10
-5260414.801651629
 20
-1062748.501428743
  0
ARC
  5
F1
330
1F
100
AcDbEntity
  8
0
  6
Continuous
100
AcDbCircle
 10
-16399003.74184063
 20
-12943397.51114526
 30
0.0
 40
16977196.36699828
100
AcDbArc
 50
43.78278195624296
 51
45.75742181381918
  0
MTEXT
  5
F2
330
1F
100
AcDbEntity
  8
0
100
AcDbMText
 10
-4174084.845218844
 20
-1080818.648192801
 30
0.0
 40
12000.0
 41
140202.4046335136
 46
24574.97749774977
 71
     1
 72
     1
  1
架垴回风西石门
  7
宋体
 11
0.4808054331456497
 21
-0.8768273122215253
 31
0.0
 73
     1
 44
1.0
1001
ACAD
1000
ACAD_MTEXT_DEFINED_HEIGHT_BEGIN
1070
    46
1040
24574.97749774977
1000
ACAD_MTEXT_DEFINED_HEIGHT_END
  0
MTEXT
  5
F3
330
1F
100
AcDbEntity
  8
0
100
AcDbMText
 10
-5760448.487615711
 20
-1007741.242392078
 30
0.0
 40
12000.0
 41
87767.776778
 46
24574.97749774977
 71
     1
 72
     1
  1
\pxsm0.96,ql;\fￋￎￌ￥|b0|i0;西翼轨道巷\fￋￎￌ￥|b0|i0;\P
  7
宋体
 11
0.9770420180166041
 21
0.2130466968296905
 31
0.0
 73
     1
 44
1.0
1001
ACAD
1000
ACAD_MTEXT_DEFINED_HEIGHT_BEGIN
1070
    46
1040
24574.97749774977
1000
ACAD_MTEXT_DEFINED_HEIGHT_END
  0
ARC
  5
F4
330
1F
100
AcDbEntity
  8
0
  6
Continuous
100
AcDbCircle
 10
-5626986.243636509
 20
-1249336.533099147
 30
0.0
 40
176810.9679592285
100
AcDbArc
 50
98.5653215206208
 51
160.3525139909962
  0
MTEXT
  5
F5
330
1F
100
AcDbEntity
  8
0
100
AcDbMText
 10
-5804970.961387575
 20
-1165695.678225548
 30
0.0
 40
12000.0
 41
87767.776778
 46
24574.97749774977
 71
     1
 72
     1
  1
\pxsm0.96,ql;\fￋￎￌ￥|b0|i0;集中皮带巷\fￋￎￌ￥|b0|i0;\P
  7
宋体
 11
0.590499244792637
 21
0.807038191103324
 31
0.0
 73
     1
 44
1.0
1001
ACAD
1000
ACAD_MTEXT_DEFINED_HEIGHT_BEGIN
1070
    46
1040
24574.97749774977
1000
ACAD_MTEXT_DEFINED_HEIGHT_END
  0
MTEXT
  5
F6
330
1F
100
AcDbEntity
  8
0
100
AcDbMText
 10
-5729661.747425308
 20
-1171194.555051144
 30
0.0
 40
12000.0
 41
87767.776778
 46
24574.97749774977
 71
     1
 72
     1
  1
\pxsm0.96,ql;\fￋￎￌ￥|b0|i0;集中轨道巷\fￋￎￌ￥|b0|i0;\P
  7
宋体
 11
0.778429137090685
 21
0.6277324896229696
 31
0.0
 73
     1
 44
1.0
1001
ACAD
1000
ACAD_MTEXT_DEFINED_HEIGHT_BEGIN
1070
    46
1040
24574.97749774977
1000
ACAD_MTEXT_DEFINED_HEIGHT_END
  0
ARC
  5
F7
330
1F
100
AcDbEntity
  8
0
  6
Continuous
100
AcDbCircle
 10
-5729649.288817215
 20
-1848437.88274232
 30
0.0
 40
1030502.522887867
100
AcDbArc
 50
73.84834942571366
 51
88.44742971325455
  0
ARC
  5
F8
330
1F
100
AcDbEntity
  8
0
  6
Continuous
100
AcDbCircle
 10
-5520310.6907711
 20
-1103316.310240828
 30
0.0
 40
136095.4534797943
100
AcDbArc
 50
125.8828033008815
 51
167.7748545908629
  0
ARC
  5
F9
330
1F
100
AcDbEntity
  8
0
  6
Continuous
100
AcDbCircle
 10
-6047137.740111182
 20
1823276.970831293
 30
0.0
 40
2924412.741539039
100
AcDbArc
 50
277.7392842005111
 51
282.5645646497474
  0
ARC
  5
FA
330
1F
100
AcDbEntity
  8
0
  6
Continuous
100
AcDbCircle
 10
-6047137.740111182
 20
1823276.970831293
 30
0.0
 40
2924412.741539039
100
AcDbArc
 50
283.0169433083103
 51
283.9162814007467
  0
ARC
  5
FB
330
1F
100
AcDbEntity
  8
0
  6
Continuous
100
AcDbCircle
 10
-5398663.446452257
 20
-1033126.817460697
 30
0.0
 40
12464.44646173869
100
AcDbArc
 50
32.777785159007
 51
176.7680342417094
  0
ARC
  5
FC
330
1F
100
AcDbEntity
  8
0
  6
Continuous
100
AcDbCircle
 10
-4939045.97837028
 20
-2095996.576536702
 30
0.0
 40
1488004.887315452
100
AcDbArc
 50
120.8340947477727
 51
134.9750934317451
  0
LINE
  5
FD
330
1F
100
AcDbEntity
  8
0
  6
Continuous
100
AcDbLine
 10
-5990785.094478395
 20
-1043360.946204712
 30
0.0
 11
-6210190.964567807
 21
-1043360.946204712
 31
0.0
  0
MTEXT
  5
FE
330
1F
100
AcDbEntity
  8
0
100
AcDbMText
 10
-5885195.443007547
 20
-1222034.064545605
 30
0.0
 40
12000.0
 41
70214.221423
 46
24574.97749774977
 71
     1
 72
     1
  1
\pxsm0.96,ql;\fￋￎￌ￥|b0|i0;皮带大巷\fￋￎￌ￥|b0|i0;\P
  7
宋体
 11
0.9521640170108545
 21
0.3055874420026994
 31
0.0
 73
     1
 44
1.0
1001
ACAD
1000
ACAD_MTEXT_DEFINED_HEIGHT_BEGIN
1070
    46
1040
24574.97749774977
1000
ACAD_MTEXT_DEFINED_HEIGHT_END
  0
ARC
  5
FF
330
1F
100
AcDbEntity
  8
0
  6
Continuous
100
AcDbCircle
 10
-6651248.570268649
 20
-10946288.18320175
 30
0.0
 40
10016683.87655891
100
AcDbArc
 50
75.65064181238542
 51
82.49997794370805
  0
MTEXT
  5
100
330
1F
100
AcDbEntity
  8
0
100
AcDbMText
 10
-4838238.815466946
 20
-1078268.13329094
 30
0.0
 40
12000.0
 41
199645.6036871126
 46
24574.97749774977
 71
     1
 72
     1
  1
集中高抽横贯{\fￋￎￌ￥|b0|i0|c134|p0;180m\fISOCPEUR|b0|i0|c134|p34;³\fￋￎￌ￥|b0|i0|c134|p0;/min}
  7
宋体
 11
0.9802611194895323
 21
-0.1977072017330901
 31
0.0
 73
     1
 44
1.0
1001
ACAD
1000
ACAD_MTEXT_DEFINED_HEIGHT_BEGIN
1070
    46
1040
24574.97749774977
1000
ACAD_MTEXT_DEFINED_HEIGHT_END
  0
LINE
  5
101
330
1F
100
AcDbEntity
  8
0
  6
Continuous
100
AcDbLine
 10
-4552303.283937966
 20
-1172345.192239953
 30
0.0
 11
-4544469.185664134
 21
-1139042.485331537
 31
0.0
  0
LINE
  5
102
330
1F
100
AcDbEntity
  8
0
  6
Continuous
100
AcDbLine
 10
-4561696.355117267
 20
-1170135.574778102
 30
0.0
 11
-4559988.923442202
 21
-1162877.292503191
 31
0.0
  0
ARC
  5
103
330
1F
100
AcDbEntity
  8
0
  6
Continuous
100
AcDbCircle
 10
-4557578.431665637
 20
-1152630.30576214
 30
0.0
 40
10526.69026219379
100
AcDbArc
 50
76.76246792301342
 51
256.7624679230134
  0
LINE
  5
104
330
1F
100
AcDbEntity
  8
0
  6
Continuous
100
AcDbLine
 10
-4555167.939889073
 20
-1142383.319021089
 30
0.0
 11
-4553862.256843435
 21
-1136832.867869686
 31
0.0
  0
HATCH
  5
105
330
1F
100
AcDbEntity
  8
0
100
AcDbHatch
 10
0.0
 20
0.0
 30
0.0
210
0.0
220
0.0
230
1.0
  2
SOLID
 70
     1
 71
     0
 91
        1
 92
       19
 72
     0
 73
     1
 93
        4
 10
-4478801.169118914
 20
-1174254.125398479
 10
-4453313.696381238
 20
-1175969.824752278
 10
-4474047.596216883
 20
-1161048.018948962
 10
-4476424.382667898
 20
-1167651.072173721
 97
        0
 75
     0
 76
     1
 98
        0
1001
ACAD
1010
-4478801.169118914
1020
-1175969.824752278
1030
0.0
  0
LWPOLYLINE
  5
106
330
1F
100
AcDbEntity
  8
0
100
AcDbPolyline
 90
        5
 70
     0
 43
0.0
 10
-4478801.169118914
 20
-1174254.125398479
 10
-4453313.696381238
 20
-1175969.824752278
 10
-4474047.596216883
 20
-1161048.018948962
 10
-4476424.382667898
 20
-1167651.072173721
 10
-4478801.169118914
 20
-1174254.125398479
  0
LINE
  5
107
330
1F
100
AcDbEntity
  8
0
  6
Continuous
100
AcDbLine
 10
-5990766.84164765
 20
-1043360.946161616
 30
0.0
 11
-5990766.841647774
 21
-1231635.209380921
 31
0.0
  0
ARC
  5
108
330
1F
100
AcDbEntity
  8
0
  6
Continuous
100
AcDbCircle
 10
-5284146.026863527
 20
-678441.5373270726
 30
0.0
 40
897405.2678064536
100
AcDbArc
 50
218.0563983867011
 51
238.006768992619
  0
ARC
  5
109
330
1F
100
AcDbEntity
  8
0
  6
Continuous
100
AcDbCircle
 10
-4921127.13363322
 20
-659724.2850284621
 30
0.0
 40
1145060.835128963
100
AcDbArc
 50
222.9238744106163
 51
269.6591560735463
  0
ARC
  5
10A
330
1F
100
AcDbEntity
  8
0
  6
Continuous
100
AcDbCircle
 10
-4949726.911881674
 20
872008.7228172768
 30
0.0
 40
2449319.930951758
100
AcDbArc
 50
250.6914228254755
 51
272.7537562353367
  0
ARC
  5
10B
330
1F
100
AcDbEntity
  8
0
  6
Continuous
100
AcDbCircle
 10
-4743877.836450577
 20
-829697.3571520653
 30
0.0
 40
735181.3798611789
100
AcDbArc
 50
305.8289527969387
 51
322.5980918604445
  0
MTEXT
  5
10C
330
1F
100
AcDbEntity
  8
0
100
AcDbMText
 10
-4272606.054102957
 20
-1363409.690979453
 30
0.0
 40
5999.999999999999
 41
75725.05769413119
 46
23776.56464835089
 71
     1
 72
     1
  1
{\fￋￎￌ￥|b0|i0|c134|p0;8#}煤一采区回风巷{\fￋￎￌ￥|b0|i0|c134|p0;2189m\fISOCPEUR|b0|i0|c134|p34;³\fￋￎￌ￥|b0|i0|c134|p0;/mi}
  7
宋体
 11
0.7106844984347924
 21
0.7035108696278172
 31
0.0
 73
     1
 44
1.0
1001
ACAD
1000
ACAD_MTEXT_DEFINED_HEIGHT_BEGIN
1070
    46
1040
23776.56464835089
1000
ACAD_MTEXT_DEFINED_HEIGHT_END
  0
HATCH
  5
10D
330
1F
100
AcDbEntity
  8
0
100
AcDbHatch
 10
0.0
 20
0.0
 30
0.0
210
0.0
220
0.0
230
1.0
  2
SOLID
 70
     1
 71
     0
 91
        1
 92
       19
 72
     0
 73
     1
 93
        4
 10
-4282410.931503248
 20
-1410046.871990166
 10
-4268964.483311805
 20
-1388327.113200961
 10
-4291855.868495062
 20
-1399664.633883112
 10
-4287133.399999153
 20
-1404855.75293664
 97
        0
 75
     0
 76
     1
 98
        0
1001
ACAD
1010
-4291855.868495062
1020
-1410046.871990166
1030
0.0
  0
LWPOLYLINE
  5
10E
330
1F
100
AcDbEntity
  8
0
100
AcDbPolyline
 90
        5
 70
     0
 43
0.0
 10
-4282410.931503248
 20
-1410046.871990166
 10
-4268964.483311805
 20
-1388327.113200961
 10
-4291855.868495062
 20
-1399664.633883112
 10
-4287133.399999153
 20
-1404855.75293664
 10
-4282410.931503248
 20
-1410046.871990166
  0
MTEXT
  5
10F
330
1F
100
AcDbEntity
  8
0
100
AcDbMText
 10
-5226260.182235246
 20
-1747437.13995853
 30
0.0
 40
12000.0
 41
136504.4412506154
 46
24574.97749774977
 71
     1
 72
     1
  1
{\fￋￎￌ￥|b0|i0|c134|p0;8#}煤煤仓系统巷
  7
宋体
 11
0.9852228006146206
 21
-0.1712776492981017
 31
0.0
 73
     1
 44
1.0
1001
ACAD
1000
ACAD_MTEXT_DEFINED_HEIGHT_BEGIN
1070
    46
1040
24574.97749774977
1000
ACAD_MTEXT_DEFINED_HEIGHT_END
  0
HATCH
  5
110
330
1F
100
AcDbEntity
  8
0
100
AcDbHatch
 10
0.0
 20
0.0
 30
0.0
210
0.0
220
0.0
230
1.0
  2
SOLID
 70
     1
 71
     0
 91
        1
 92
       19
 72
     0
 73
     1
 93
        4
 10
-5880946.128080283
 20
-1356786.848908035
 10
-5857456.654596855
 20
-1366826.745635484
 10
-5872096.450792815
 20
-1345892.771856785
 10
-5876521.289436548
 20
-1351339.810382411
 97
        0
 75
     0
 76
     1
 98
        0
1001
ACAD
1010
-5880946.128080283
1020
-1366826.745635484
1030
0.0
  0
LWPOLYLINE
  5
111
330
1F
100
AcDbEntity
  8
0
100
AcDbPolyline
 90
        5
 70
     0
 43
0.0
 10
-5880946.128080283
 20
-1356786.848908035
 10
-5857456.654596855
 20
-1366826.745635484
 10
-5872096.450792815
 20
-1345892.771856785
 10
-5876521.289436548
 20
-1351339.810382411
 10
-5880946.128080283
 20
-1356786.848908035
  0
HATCH
  5
112
330
1F
100
AcDbEntity
  8
0
100
AcDbHatch
 10
0.0
 20
0.0
 30
0.0
210
0.0
220
0.0
230
1.0
  2
SOLID
 70
     1
 71
     0
 91
        1
 92
       19
 72
     0
 73
     1
 93
        4
 10
-5303736.67497786
 20
-1747951.941923502
 10
-5278197.994402451
 20
-1747376.889496659
 10
-5300185.581078774
 20
-1734373.008423009
 10
-5301961.128028316
 20
-1741162.475173256
 97
        0
 75
     0
 76
     1
 98
        0
1001
ACAD
1010
-5303736.67497786
1020
-1747951.941923502
1030
0.0
  0
LWPOLYLINE
  5
113
330
1F
100
AcDbEntity
  8
0
100
AcDbPolyline
 90
        5
 70
     0
 43
0.0
 10
-5303736.67497786
 20
-1747951.941923502
 10
-5278197.994402451
 20
-1747376.889496659
 10
-5300185.581078774
 20
-1734373.008423009
 10
-5301961.128028316
 20
-1741162.475173256
 10
-5303736.67497786
 20
-1747951.941923502
  0
MTEXT
  5
114
330
1F
100
AcDbEntity
  8
0
100
AcDbMText
 10
-4627001.779661875
 20
-1523459.986922233
 30
0.0
 40
12000.0
 41
147173.9098962552
 46
25013.34147232937
 71
     1
 72
     1
  1
{\fￋￎￌ￥|b0|i0|c134|p0;8#}煤一采区回风北1750{\fￋￎￌ￥|b0|i0|c134|p0;m\fISOCPEUR|b0|i0|c134|p34;³\fￋￎￌ￥|b0|i0|c134|p0;/min}
  7
宋体
 11
0.965552870834839
 21
0.260206943840092
 31
0.0
 73
     1
 44
1.0
1001
ACAD
1000
ACAD_MTEXT_DEFINED_HEIGHT_BEGIN
1070
    46
1040
25013.34147232937
1000
ACAD_MTEXT_DEFINED_HEIGHT_END
  0
ARC
  5
115
330
1F
100
AcDbEntity
  8
0
  6
Continuous
100
AcDbCircle
 10
-5043892.92222031
 20
-664004.355336708
 30
0.0
 40
1055322.272015825
100
AcDbArc
 50
227.2971539937017
 51
313.7949021982172
  0
MTEXT
  5
116
330
1F
100
AcDbEntity
  8
0
100
AcDbMText
 10
-5128960.253037341
 20
-1695293.997831752
 30
0.0
 40
12000.0
 41
96185.16442049526
 46
24574.97749774978
 71
     1
 72
     1
  1
{\fￋￎￌ￥|b0|i0|c134|p0;8#}煤配电室
  7
宋体
 11
0.9997319250532135
 21
-0.02315335892253639
 31
0.0
 73
     1
 44
1.0
1001
ACAD
1000
ACAD_MTEXT_DEFINED_HEIGHT_BEGIN
1070
    46
1040
24574.97749774978
1000
ACAD_MTEXT_DEFINED_HEIGHT_END
  0
LINE
  5
117
330
1F
100
AcDbEntity
  8
0
  6
Continuous
100
AcDbLine
 10
-5153021.873461577
 20
-1726444.543992985
 30
0.0
 11
-5160362.81674559
 21
-1693029.668040905
 31
0.0
  0
LINE
  5
118
330
1F
100
AcDbEntity
  8
0
  6
Continuous
100
AcDbLine
 10
-5157791.843997609
 20
-1727019.899514574
 30
0.0
 11
-5159391.793174895
 21
-1719737.170140403
 31
0.0
  0
ARC
  5
119
330
1F
100
AcDbEntity
  8
0
  6
Continuous
100
AcDbCircle
 10
-5161650.54495459
 20
-1709455.669847455
 30
0.0
 40
10526.69026219379
100
AcDbArc
 50
102.3905234538995
 51
282.3905234538995
  0
LINE
  5
11A
330
1F
100
AcDbEntity
  8
0
  6
Continuous
100
AcDbLine
 10
-5163909.296734286
 20
-1699174.169554508
 30
0.0
 11
-5165132.787281622
 21
-1693605.023562495
 31
0.0
  0
ARC
  5
11B
330
1F
100
AcDbEntity
  8
0
  6
Continuous
100
AcDbCircle
 10
-4895946.521066815
 20
-1450490.303976018
 30
0.0
 40
751679.473912789
100
AcDbArc
 50
62.94542866065854
 51
91.16188523033217
  0
MTEXT
  5
11C
330
1F
100
AcDbEntity
  8
0
100
AcDbMText
 10
-4709496.608553056
 20
-686344.9918578787
 30
0.0
 40
12000.0
 41
157981.9982
 46
24574.97749774977
 71
     1
 72
     1
  1
\pxsm0.96,ql;\fￋￎￌ￥|b0|i0;西翼轨道正前配电室\fￋￎￌ￥|b0|i0;\P
  7
宋体
 11
0.9418782872415972
 21
-0.3359543004976054
 31
0.0
 73
     1
 44
1.0
1001
ACAD
1000
ACAD_MTEXT_DEFINED_HEIGHT_BEGIN
1070
    46
1040
24574.97749774977
1000
ACAD_MTEXT_DEFINED_HEIGHT_END
  0
LINE
  5
11D
330
1F
100
AcDbEntity
  8
0
  6
Continuous
100
AcDbLine
 10
-4581043.158249363
 20
-2187245.802557491
 30
0.0
 11
-3746570.517143131
 21
-2187245.802557491
 31
0.0
  0
LINE
  5
11E
330
1F
100
AcDbEntity
  8
0
  6
Continuous
100
AcDbLine
 10
-4581043.158249363
 20
-2372883.387299652
 30
0.0
 11
-3746570.517143131
 21
-2372883.387299652
 31
0.0
  0
LINE
  5
11F
330
1F
100
AcDbEntity
  8
0
  6
Continuous
100
AcDbLine
 10
-4581043.158249363
 20
-2250818.395823989
 30
0.0
 11
-3746570.517143131
 21
-2250818.395823989
 31
0.0
  0
LINE
  5
120
330
1F
100
AcDbEntity
  8
0
  6
Continuous
100
AcDbLine
 10
-4381333.941718012
 20
-2186102.768745296
 30
0.0
 11
-4381333.941718013
 21
-2437753.380428732
 31
0.0
  0
MTEXT
  5
121
330
1F
100
AcDbEntity
  8
0
100
AcDbMText
 10
-4555091.541098308
 20
-2207008.973127719
 30
0.0
 40
24000.0
 41
154825.9319775223
 46
49149.95499549954
 71
     1
 72
     1
  1
\pxsm0.96,ql;\fￋￎￌ￥|b0|i0;编\fￋￎￌ￥|b0|i0;    \fￋￎￌ￥|b0|i0;制\fￋￎￌ￥|b0|i0;\P
  7
宋体
 73
     1
 44
1.0
1001
ACAD
1000
ACAD_MTEXT_DEFINED_HEIGHT_BEGIN
1070
    46
1040
49149.95499549954
1000
ACAD_MTEXT_DEFINED_HEIGHT_END
  0
MTEXT
  5
122
330
1F
100
AcDbEntity
  8
0
100
AcDbMText
 10
-4567637.434937498
 20
-2329602.600808283
 30
0.0
 40
21600.0
 41
189578.39784
 46
44234.95949594959
 71
     1
 72
     1
  1
\pxsm0.96,ql;\fￋￎￌ￥|b0|i0;副主任工程师\fￋￎￌ￥|b0|i0;\P
  7
宋体
 73
     1
 44
1.0
1001
ACAD
1000
ACAD_MTEXT_DEFINED_HEIGHT_BEGIN
1070
    46
1040
44234.95949594959
1000
ACAD_MTEXT_DEFINED_HEIGHT_END
  0
MTEXT
  5
123
330
1F
100
AcDbEntity
  8
0
100
AcDbMText
 10
-4124950.134936191
 20
-2210774.475992763
 30
0.0
 40
24000.0
 41
140428.442845
 46
49149.95499549954
 71
     1
 72
     1
  1
\pxsm0.96,ql;\fￋￎￌ￥|b0|i0;总工程师\fￋￎￌ￥|b0|i0;\P
  7
宋体
 73
     1
 44
1.0
1001
ACAD
1000
ACAD_MTEXT_DEFINED_HEIGHT_BEGIN
1070
    46
1040
49149.95499549954
1000
ACAD_MTEXT_DEFINED_HEIGHT_END
  0
LINE
  5
124
330
1F
100
AcDbEntity
  8
0
  6
Continuous
100
AcDbLine
 10
-4155967.324366436
 20
-2187245.802557491
 30
0.0
 11
-4155967.324366436
 21
-2437753.380428732
 31
0.0
  0
LINE
  5
125
330
1F
100
AcDbEntity
  8
0
  6
Continuous
100
AcDbLine
 10
-3948655.749644846
 20
-2187245.802557491
 30
0.0
 11
-3948655.749644846
 21
-2437753.380428732
 31
0.0
  0
LINE
  5
126
330
1F
100
AcDbEntity
  8
0
  6
Continuous
100
AcDbLine
 10
-3746570.517143131
 20
-2200975.688271499
 30
0.0
 11
-3746570.517143131
 21
-2437753.380428732
 31
0.0
  0
LINE
  5
127
330
1F
100
AcDbEntity
  8
0
  6
Continuous
100
AcDbLine
 10
-4581043.158249363
 20
-2083807.779455854
 30
0.0
 11
-4581043.158249363
 21
-2437753.380428732
 31
0.0
  0
LINE
  5
128
330
1F
100
AcDbEntity
  8
0
  6
Continuous
100
AcDbLine
 10
-4581043.158249363
 20
-2083807.779455854
 30
0.0
 11
-3746570.517143131
 21
-2083807.779455854
 31
0.0
  0
MTEXT
  5
129
330
1F
100
AcDbEntity
  8
0
100
AcDbMText
 10
-4492613.466718138
 20
-2124435.204600929
 30
0.0
 40
24000.0
 41
702142.214222
 46
49149.95499549954
 71
     1
 72
     1
  1
\pxsm0.96,ql;\fￋￎￌ￥|b0|i0;晋能控股南煤集团新大地公司矿井通风网络图\fￋￎￌ￥|b0|i0;\P
  7
宋体
 73
     1
 44
1.0
1001
ACAD
1000
ACAD_MTEXT_DEFINED_HEIGHT_BEGIN
1070
    46
1040
49149.95499549954
1000
ACAD_MTEXT_DEFINED_HEIGHT_END
  0
MTEXT
  5
12A
330
1F
100
AcDbEntity
  8
0
100
AcDbMText
 10
-4125979.94160433
 20
-2329038.499741493
 30
0.0
 40
24000.0
 41
140442.844285
 46
49149.95499549954
 71
     1
 72
     1
  1
\pxsm0.96,ql;\fﾷￂￋￎ|b0|i0;制图日期\fￋￎￌ￥|b0|i0;\P
  7
宋体
 73
     1
 44
1.0
1001
ACAD
1000
ACAD_MTEXT_DEFINED_HEIGHT_BEGIN
1070
    46
1040
49149.95499549954
1000
ACAD_MTEXT_DEFINED_HEIGHT_END
  0
MTEXT
  5
12B
330
1F
100
AcDbEntity
  8
0
100
AcDbMText
 10
-4118459.804867607
 20
-2271042.922207582
 30
0.0
 40
24000.0
 41
136886.25
 46
49149.95499549954
 71
     1
 72
     1
  1
\pxsm0.96,ql;\fￋￎￌ￥|b0|i0;编\fￋￎￌ￥|b0|i0;   \fￋￎￌ￥|b0|i0;号\fￋￎￌ￥|b0|i0;\P
  7
宋体
 73
     1
 44
1.0
1001
ACAD
1000
ACAD_MTEXT_DEFINED_HEIGHT_BEGIN
1070
    46
1040
49149.95499549954
1000
ACAD_MTEXT_DEFINED_HEIGHT_END
  0
MTEXT
  5
12C
330
1F
100
AcDbEntity
  8
0
100
AcDbMText
 10
-6191461.165256022
 20
-2309853.468655383
 30
0.0
 40
18000.0
 41
105332.133214
 46
36862.46624662466
 71
     1
 72
     1
  1
\pxsm0.96,ql;\fﾷￂￋￎ|b0|i0;风流方向\fￋￎￌ￥|b0|i0;\P
  7
宋体
 73
     1
 44
1.0
1001
ACAD
1000
ACAD_MTEXT_DEFINED_HEIGHT_BEGIN
1070
    46
1040
36862.46624662466
1000
ACAD_MTEXT_DEFINED_HEIGHT_END
  0
MTEXT
  5
12D
330
1F
100
AcDbEntity
  8
0
100
AcDbMText
 10
-6190759.498825932
 20
-2355139.554900827
 30
0.0
 40
18000.0
 41
103059.84375
 46
36862.46624662466
 71
     1
 72
     1
  1
\pxsm0.96,ql;\fￋￎￌ￥|b0|i0;风\fￋￎￌ￥|b0|i0;   \fￋￎￌ￥|b0|i0;卡\fￋￎￌ￥|b0|i0;\P
  7
宋体
 73
     1
 44
1.0
1001
ACAD
1000
ACAD_MTEXT_DEFINED_HEIGHT_BEGIN
1070
    46
1040
36862.46624662466
1000
ACAD_MTEXT_DEFINED_HEIGHT_END
  0
MTEXT
  5
12E
330
1F
100
AcDbEntity
  8
0
100
AcDbMText
 10
-6191279.978587268
 20
-2398355.00317833
 30
0.0
 40
18000.0
 41
122273.4375
 46
36862.46624662466
 71
     1
 72
     1
  1
\pxsm0.96,ql;\fￋￎￌ￥|b0|i0;主\fￋￎￌ￥|b0|i0;   \fￋￎￌ￥|b0|i0;扇\fￋￎￌ￥|b0|i0;\P
  7
宋体
 73
     1
 44
1.0
1001
ACAD
1000
ACAD_MTEXT_DEFINED_HEIGHT_BEGIN
1070
    46
1040
36862.46624662466
1000
ACAD_MTEXT_DEFINED_HEIGHT_END
  0
MTEXT
  5
12F
330
1F
100
AcDbEntity
  8
0
100
AcDbMText
 10
-6148487.525599862
 20
-2262428.900551589
 30
0.0
 40
18000.0
 41
118306.0163616044
 46
36862.46624662466
 71
     1
 72
     1
  1
\pxsm0.96,ql;图    例\P
  7
宋体
 73
     1
 44
1.0
1001
ACAD
1000
ACAD_MTEXT_DEFINED_HEIGHT_BEGIN
1070
    46
1040
36862.46624662466
1000
ACAD_MTEXT_DEFINED_HEIGHT_END
  0
LINE
  5
130
330
1F
100
AcDbEntity
  8
0
  6
Continuous
100
AcDbLine
 10
-6212835.615769506
 20
-2297397.510266151
 30
0.0
 11
-5963703.946230927
 21
-2297397.510266151
 31
0.0
  0
LINE
  5
131
330
1F
100
AcDbEntity
  8
0
  6
Continuous
100
AcDbLine
 10
-6212835.615769506
 20
-2345118.506121429
 30
0.0
 11
-5963703.946230927
 21
-2345118.506121429
 31
0.0
  0
LINE
  5
132
330
1F
100
AcDbEntity
  8
0
  6
Continuous
100
AcDbLine
 10
-6212835.615769506
 20
-2388628.825871829
 30
0.0
 11
-5963703.946230927
 21
-2388628.825871829
 31
0.0
  0
LINE
  5
133
330
1F
100
AcDbEntity
  8
0
  6
Continuous
100
AcDbLine
 10
-6212835.615769506
 20
-2437753.380428732
 30
0.0
 11
-5963703.946230927
 21
-2437753.380428732
 31
0.0
  0
LINE
  5
134
330
1F
100
AcDbEntity
  8
0
  6
Continuous
100
AcDbLine
 10
-6212835.615769506
 20
-2246167.617656809
 30
0.0
 11
-6212835.615769506
 21
-2437753.380428732
 31
0.0
  0
LINE
  5
135
330
1F
100
AcDbEntity
  8
0
  6
Continuous
100
AcDbLine
 10
-6071076.1869053
 20
-2297397.510266151
 30
0.0
 11
-6071076.1869053
 21
-2437753.380428732
 31
0.0
  0
LINE
  5
136
330
1F
100
AcDbEntity
  8
0
  6
Continuous
100
AcDbLine
 10
-5963703.946230927
 20
-2246167.617656809
 30
0.0
 11
-5963703.946230927
 21
-2437753.380428732
 31
0.0
  0
LINE
  5
137
330
1F
100
AcDbEntity
  8
0
  6
Continuous
100
AcDbLine
 10
-6212835.615769506
 20
-2246167.617656809
 30
0.0
 11
-5963703.946230927
 21
-2246167.617656809
 31
0.0
  0
LINE
  5
138
330
1F
100
AcDbEntity
  8
0
  6
Continuous
100
AcDbLine
 10
-6021811.170334106
 20
-2349836.045290165
 30
0.0
 11
-6021811.170334106
 21
-2384047.788642294
 31
0.0
  0
LINE
  5
139
330
1F
100
AcDbEntity
  8
0
  6
Continuous
100
AcDbLine
 10
-6012161.704260427
 20
-2349836.045290165
 30
0.0
 11
-6012161.704260427
 21
-2357292.450892551
 31
0.0
  0
ARC
  5
13A
330
1F
100
AcDbEntity
  8
0
  6
Continuous
100
AcDbCircle
 10
-6012161.704260427
 20
-2367819.141154745
 30
0.0
 40
10526.69026219379
100
AcDbArc
 50
270.0
 51
90.0
  0
LINE
  5
13B
330
1F
100
AcDbEntity
  8
0
  6
Continuous
100
AcDbLine
 10
-6012161.704260427
 20
-2378345.831416939
 30
0.0
 11
-6012161.704260427
 21
-2384047.788642294
 31
0.0
  0
LINE
  5
13C
330
1F
100
AcDbEntity
  8
0
  6
Continuous
100
AcDbLine
 10
-6023898.963902773
 20
-2321519.248484864
 30
0.0
 11
-5999336.686624318
 21
-2321519.248484864
 31
0.0
  0
LINE
  5
13D
330
1F
100
AcDbEntity
  8
0
  6
Continuous
100
AcDbLine
 10
-6023898.963902773
 20
-2321519.248484864
 30
0.0
 11
-6023898.963902773
 21
-2314501.454976734
 31
0.0
  0
LINE
  5
13E
330
1F
100
AcDbEntity
  8
0
  6
Continuous
100
AcDbLine
 10
-6023898.963902773
 20
-2314501.454976734
 30
0.0
 11
-5999336.686624318
 21
-2321519.248484864
 31
0.0
  0
LINE
  5
13F
330
1F
100
AcDbEntity
  8
0
  6
Continuous
100
AcDbLine
 10
-6023898.963902773
 20
-2321519.248484863
 30
0.0
 11
-5999336.686624318
 21
-2321519.248484863
 31
0.0
  0
LINE
  5
140
330
1F
100
AcDbEntity
  8
0
  6
Continuous
100
AcDbLine
 10
-6023898.963902773
 20
-2321519.248484863
 30
0.0
 11
-6023898.963902773
 21
-2328537.041992992
 31
0.0
  0
LINE
  5
141
330
1F
100
AcDbEntity
  8
0
  6
Continuous
100
AcDbLine
 10
-6023898.963902773
 20
-2328537.041992992
 30
0.0
 11
-5999336.686624318
 21
-2321519.248484863
 31
0.0
  0
HATCH
  5
142
330
1F
100
AcDbEntity
  8
0
100
AcDbHatch
 10
0.0
 20
0.0
 30
0.0
210
0.0
220
0.0
230
1.0
  2
SOLID
 70
     1
 71
     0
 91
        1
 92
       19
 72
     0
 73
     1
 93
        4
 10
-6023898.963902773
 20
-2328537.041992992
 10
-5999336.686624318
 20
-2321519.248484864
 10
-6023898.963902773
 20
-2314501.454976734
 10
-6023898.963902773
 20
-2321519.248484864
 97
        0
 75
     0
 76
     1
 98
        0
1001
ACAD
1010
-6023898.963902773
1020
-2328537.041992992
1030
0.0
  0
LWPOLYLINE
  5
143
330
1F
100
AcDbEntity
  8
0
100
AcDbPolyline
 90
        5
 70
     0
 43
0.0
 10
-6023898.963902773
 20
-2328537.041992992
 10
-5999336.686624318
 20
-2321519.248484864
 10
-6023898.963902773
 20
-2314501.454976734
 10
-6023898.963902773
 20
-2321519.248484864
 10
-6023898.963902773
 20
-2328537.041992992
  0
CIRCLE
  5
144
330
1F
100
AcDbEntity
  8
0
  6
Continuous
100
AcDbCircle
 10
-6017582.949745455
 20
-2416785.795357715
 30
0.0
 40
5614.234806502936
  0
ARC
  5
145
330
1F
100
AcDbEntity
  8
0
  6
Continuous
100
AcDbCircle
 10
-6047466.71719287
 20
-2398652.373439674
 30
0.0
 40
31485.84057739176
100
AcDbArc
 50
334.7614276787637
 51
1.759527786106215
  0
ARC
  5
146
330
1F
100
AcDbEntity
  8
0
  6
Continuous
100
AcDbCircle
 10
-6029817.455797419
 20
-2398388.461062212
 30
0.0
 40
26002.94462361333
100
AcDbArc
 50
313.6048172365489
 51
1.548876272918108
  0
LINE
  5
147
330
1F
100
AcDbEntity
  8
0
  6
Continuous
100
AcDbLine
 10
-6015995.722229358
 20
-2397685.609315571
 30
0.0
 11
-6003824.011844744
 21
-2397685.609315571
 31
0.0
  0
MTEXT
  5
148
330
1F
100
AcDbEntity
  8
0
100
AcDbMText
 10
-5847059.969683341
 20
-1349065.041610964
 30
0.0
 40
12000.0
 41
113468.1110287238
 46
24101.21470433657
 71
     1
 72
     1
  1
\pxsm0.96,ql;\fￋￎￌ￥|b0|i0;8#煤材料巷\fￋￎￌ￥|b0|i0;\P
  7
宋体
 11
0.7959833412920867
 21
-0.6053185280374999
 31
0.0
 73
     1
 44
1.0
1001
ACAD
1000
ACAD_MTEXT_DEFINED_HEIGHT_BEGIN
1070
    46
1040
24101.21470433657
1000
ACAD_MTEXT_DEFINED_HEIGHT_END
  0
MTEXT
  5
149
330
1F
100
AcDbEntity
  8
0
100
AcDbMText
 10
-4669956.497854387
 20
-722180.7067486991
 30
0.0
 40
12000.0
 41
78999.09991
 46
24574.97749774977
 71
     1
 72
     1
  1
147{\fￋￎￌ￥|b0|i0|c134|p0;m\fISOCPEUR|b0|i0|c134|p34;³\fￋￎￌ￥|b0|i0|c134|p0;/min}
  7
宋体
 11
0.9410663869128265
 21
-0.3382219026361808
 31
0.0
 73
     1
 44
1.0
1001
ACAD
1000
ACAD_MTEXT_DEFINED_HEIGHT_BEGIN
1070
    46
1040
24574.97749774977
1000
ACAD_MTEXT_DEFINED_HEIGHT_END
  0
MTEXT
  5
14A
330
1F
100
AcDbEntity
  8
0
100
AcDbMText
 10
-5023655.056689825
 20
-774669.4631568668
 30
0.0
 40
12000.0
 41
105321.332134
 46
24574.97749774978
 71
     1
 72
     1
  1
\pxsm0.96,ql;\fￋￎￌ￥|b0|i0;瓦斯抽放泵站\fￋￎￌ￥|b0|i0;\P
  7
宋体
 11
0.9992694036367632
 21
0.03821856820221877
 31
0.0
 73
     1
 44
1.0
1001
ACAD
1000
ACAD_MTEXT_DEFINED_HEIGHT_BEGIN
1070
    46
1040
24574.97749774978
1000
ACAD_MTEXT_DEFINED_HEIGHT_END
  0
MTEXT
  5
14B
330
1F
100
AcDbEntity
  8
0
100
AcDbMText
 10
-4920355.683907589
 20
-771042.5609330148
 30
0.0
 40
12000.0
 41
78999.09991
 46
24574.97749774977
 71
     1
 72
     1
  1
{\fￋￎￌ￥|b0|i0|c134|p0;317m\fISOCPEUR|b0|i0|c134|p34;³\fￋￎￌ￥|b0|i0|c134|p0;/min}
  7
宋体
 11
0.9994175644754688
 21
0.03412523725810928
 31
0.0
 73
     1
 44
1.0
1001
ACAD
1000
ACAD_MTEXT_DEFINED_HEIGHT_BEGIN
1070
    46
1040
24574.97749774977
1000
ACAD_MTEXT_DEFINED_HEIGHT_END
  0
LINE
  5
14C
330
1F
100
AcDbEntity
  8
0
  6
Continuous
100
AcDbLine
 10
-4587445.068479838
 20
-836809.868461092
 30
0.0
 11
-4581586.228043516
 21
-803103.5282276333
 31
0.0
  0
LINE
  5
14D
330
1F
100
AcDbEntity
  8
0
  6
Continuous
100
AcDbLine
 10
-4596951.984955944
 20
-835157.3750046927
 30
0.0
 11
-4595675.058194182
 21
-827811.121364068
 31
0.0
  0
ARC
  5
14E
330
1F
100
AcDbEntity
  8
0
  6
Continuous
100
AcDbCircle
 10
-4593872.338059928
 20
-817439.9397537727
 30
0.0
 40
10526.69026219379
100
AcDbArc
 50
80.13936035127064
 51
260.1393603512706
  0
LINE
  5
14F
330
1F
100
AcDbEntity
  8
0
  6
Continuous
100
AcDbLine
 10
-4592069.617925676
 20
-807068.7581434776
 30
0.0
 11
-4591093.144519623
 21
-801451.034771235
 31
0.0
  0
HATCH
  5
150
330
1F
100
AcDbEntity
  8
0
100
AcDbHatch
 10
0.0
 20
0.0
 30
0.0
210
0.0
220
0.0
230
1.0
  2
SOLID
 70
     1
 71
     0
 91
        1
 92
       19
 72
     0
 73
     1
 93
        4
 10
-4733379.731944434
 20
-806148.0578334776
 10
-4708465.155842795
 20
-800507.2433087825
 10
-4732599.094168556
 20
-792134.1965685085
 10
-4732989.413056495
 20
-799141.1272009937
 97
        0
 75
     0
 76
     1
 98
        0
1001
ACAD
1010
-4733379.731944434
1020
-806148.0578334776
1030
0.0
  0
LWPOLYLINE
  5
151
330
1F
100
AcDbEntity
  8
0
100
AcDbPolyline
 90
        5
 70
     0
 43
0.0
 10
-4733379.731944434
 20
-806148.0578334776
 10
-4708465.155842795
 20
-800507.2433087825
 10
-4732599.094168556
 20
-792134.1965685085
 10
-4732989.413056495
 20
-799141.1272009937
 10
-4733379.731944434
 20
-806148.0578334776
  0
MTEXT
  5
152
330
1F
100
AcDbEntity
  8
0
100
AcDbMText
 10
-4914812.429323008
 20
-855541.2148660994
 30
0.0
 40
12000.0
 41
78999.09991
 46
24574.97749774977
 71
     1
 72
     1
  1
\pxsm0.96,ql;\fￋￎￌ￥|b0|i0;243m³/min\fￋￎￌ￥|b0|i0;\P
  7
宋体
 11
0.9992952019985081
 21
-0.03753797094624376
 31
0.0
 73
     1
 44
1.0
1001
ACAD
1000
ACAD_MTEXT_DEFINED_HEIGHT_BEGIN
1070
    46
1040
24574.97749774977
1000
ACAD_MTEXT_DEFINED_HEIGHT_END
  0
MTEXT
  5
153
330
1F
100
AcDbEntity
  8
0
100
AcDbMText
 10
-4883435.829846187
 20
-1157288.965391659
 30
0.0
 40
12000.0
 41
78999.09991
 46
24574.97749774977
 71
     1
 72
     1
  1
\pxsm0.96,ql;\fￋￎￌ￥|b0|i0;165m³/min\fￋￎￌ￥|b0|i0;\P
  7
宋体
 11
0.9125030532171019
 21
-0.4090698936238975
 31
0.0
 73
     1
 44
1.0
1001
ACAD
1000
ACAD_MTEXT_DEFINED_HEIGHT_BEGIN
1070
    46
1040
24574.97749774977
1000
ACAD_MTEXT_DEFINED_HEIGHT_END
  0
ARC
  5
154
330
1F
100
AcDbEntity
  8
0
  6
Continuous
100
AcDbCircle
 10
-4983172.131378996
 20
-2385263.328946409
 30
0.0
 40
1662193.356223942
100
AcDbArc
 50
75.1684064558301
 51
110.6875698986547
  0
LINE
  5
155
330
1F
100
AcDbEntity
  8
0
  6
Continuous
100
AcDbLine
 10
-4716728.872301163
 20
-761615.7041407423
 30
0.0
 11
-4710870.031864841
 21
-727909.3639072836
 31
0.0
  0
LINE
  5
156
330
1F
100
AcDbEntity
  8
0
  6
Continuous
100
AcDbLine
 10
-4726235.788777269
 20
-759963.210684343
 30
0.0
 11
-4724958.862015507
 21
-752616.9570437183
 31
0.0
  0
ARC
  5
157
330
1F
100
AcDbEntity
  8
0
  6
Continuous
100
AcDbCircle
 10
-4723156.141881254
 20
-742245.775433423
 30
0.0
 40
10526.69026219379
100
AcDbArc
 50
80.13936035127064
 51
260.1393603512706
  0
LINE
  5
158
330
1F
100
AcDbEntity
  8
0
  6
Continuous
100
AcDbLine
 10
-4721353.421747001
 20
-731874.5938231279
 30
0.0
 11
-4720376.948340949
 21
-726256.8704508853
 31
0.0
  0
MTEXT
  5
159
330
1F
100
AcDbEntity
  8
0
100
AcDbMText
 10
-5174462.871749129
 20
-711414.2616592525
 30
0.0
 40
12000.0
 41
123611.9418877597
 46
24574.97749774978
 71
     1
 72
     1
  1
{\fￋￎￌ￥|b0|i0|c134|p0;15303}低位系统
  7
宋体
 11
0.9992694036367632
 21
0.03821856820221877
 31
0.0
 73
     1
 44
1.0
1001
ACAD
1000
ACAD_MTEXT_DEFINED_HEIGHT_BEGIN
1070
    46
1040
24574.97749774978
1000
ACAD_MTEXT_DEFINED_HEIGHT_END
  0
MTEXT
  5
15A
330
1F
100
AcDbEntity
  8
0
100
AcDbMText
 10
-4963184.516550025
 20
-710457.6625473113
 30
0.0
 40
12000.0
 41
78999.09991
 46
24574.97749774977
 71
     1
 72
     1
  1
{\fￋￎￌ￥|b0|i0|c134|p0;144m\fISOCPEUR|b0|i0|c134|p34;³\fￋￎￌ￥|b0|i0|c134|p0;/min}
  7
宋体
 11
0.9994175644754688
 21
0.03412523725810929
 31
0.0
 73
     1
 44
1.0
1001
ACAD
1000
ACAD_MTEXT_DEFINED_HEIGHT_BEGIN
1070
    46
1040
24574.97749774977
1000
ACAD_MTEXT_DEFINED_HEIGHT_END
  0
MTEXT
  5
15B
330
1F
100
AcDbEntity
  8
0
100
AcDbMText
 10
-4988410.98130509
 20
-1321959.138000149
 30
0.0
 40
12000.0
 41
78999.09991
 46
24574.97749774977
 71
     1
 72
     1
  1
{\fￋￎￌ￥|b0|i0|c134|p0;347m\fISOCPEUR|b0|i0|c134|p34;³\fￋￎￌ￥|b0|i0|c134|p0;/min}
  7
宋体
 11
0.9790515845446113
 21
-0.2036123640663451
 31
0.0
 73
     1
 44
1.0
1001
ACAD
1000
ACAD_MTEXT_DEFINED_HEIGHT_BEGIN
1070
    46
1040
24574.97749774977
1000
ACAD_MTEXT_DEFINED_HEIGHT_END
  0
MTEXT
  5
15C
330
1F
100
AcDbEntity
  8
0
100
AcDbMText
 10
-5124345.316100922
 20
-1360113.176401395
 30
0.0
 40
12000.0
 41
78999.09991
 46
24574.97749774977
 71
     1
 72
     1
  1
{\fￋￎￌ￥|b0|i0|c134|p0;249m\fISOCPEUR|b0|i0|c134|p34;³\fￋￎￌ￥|b0|i0|c134|p0;/min}
  7
宋体
 11
0.9790515845446113
 21
-0.2036123640663451
 31
0.0
 73
     1
 44
1.0
1001
ACAD
1000
ACAD_MTEXT_DEFINED_HEIGHT_BEGIN
1070
    46
1040
24574.97749774977
1000
ACAD_MTEXT_DEFINED_HEIGHT_END
  0
MTEXT
  5
15D
330
1F
100
AcDbEntity
  8
0
100
AcDbMText
 10
-5157053.364364004
 20
-1412544.353766878
 30
0.0
 40
12000.0
 41
78999.09991
 46
24574.97749774977
 71
     1
 72
     1
  1
\pxsm0.96,ql;\fￋￎￌ￥|b0|i0;244m³/min\fￋￎￌ￥|b0|i0;\P
  7
宋体
 11
0.9374118824142615
 21
-0.3482225763912368
 31
0.0
 73
     1
 44
1.0
1001
ACAD
1000
ACAD_MTEXT_DEFINED_HEIGHT_BEGIN
1070
    46
1040
24574.97749774977
1000
ACAD_MTEXT_DEFINED_HEIGHT_END
  0
MTEXT
  5
15E
330
1F
100
AcDbEntity
  8
0
100
AcDbMText
 10
-5370557.520783281
 20
-1381488.54890265
 30
0.0
 40
12000.0
 41
78999.09991
 46
24574.97749774977
 71
     1
 72
     1
  1
\pxsm0.96,ql;\fￋￎￌ￥|b0|i0;180m³/min\fￋￎￌ￥|b0|i0;\P
  7
宋体
 11
0.9374118824142615
 21
-0.3482225763912368
 31
0.0
 73
     1
 44
1.0
1001
ACAD
1000
ACAD_MTEXT_DEFINED_HEIGHT_BEGIN
1070
    46
1040
24574.97749774977
1000
ACAD_MTEXT_DEFINED_HEIGHT_END
  0
MTEXT
  5
15F
330
1F
100
AcDbEntity
  8
0
100
AcDbMText
 10
-5477985.631378388
 20
-1383513.878478069
 30
0.0
 40
12000.0
 41
78999.09991
 46
24574.97749774977
 71
     1
 72
     1
  1
\pxsm0.96,ql;\fￋￎￌ￥|b0|i0;215m³/min\fￋￎￌ￥|b0|i0;\P
  7
宋体
 11
0.9374118824142615
 21
-0.3482225763912368
 31
0.0
 73
     1
 44
1.0
1001
ACAD
1000
ACAD_MTEXT_DEFINED_HEIGHT_BEGIN
1070
    46
1040
24574.97749774977
1000
ACAD_MTEXT_DEFINED_HEIGHT_END
  0
MTEXT
  5
160
330
1F
100
AcDbEntity
  8
0
100
AcDbMText
 10
-5653982.850757217
 20
-1325904.128200967
 30
0.0
 40
12000.0
 41
78999.09991
 46
24574.97749774977
 71
     1
 72
     1
  1
\pxsm0.96,ql;\fￋￎￌ￥|b0|i0;160m³/min\fￋￎￌ￥|b0|i0;\P
  7
宋体
 11
0.9374118824142615
 21
-0.3482225763912368
 31
0.0
 73
     1
 44
1.0
1001
ACAD
1000
ACAD_MTEXT_DEFINED_HEIGHT_BEGIN
1070
    46
1040
24574.97749774977
1000
ACAD_MTEXT_DEFINED_HEIGHT_END
  0
MTEXT
  5
161
330
1F
100
AcDbEntity
  8
0
100
AcDbMText
 10
-5681292.102227783
 20
-1349402.609796901
 30
0.0
 40
12000.0
 41
78999.09991
 46
24574.97749774977
 71
     1
 72
     1
  1
\pxsm0.96,ql;\fￋￎￌ￥|b0|i0;165m³/min\fￋￎￌ￥|b0|i0;\P
  7
宋体
 11
0.9374118824142615
 21
-0.3482225763912368
 31
0.0
 73
     1
 44
1.0
1001
ACAD
1000
ACAD_MTEXT_DEFINED_HEIGHT_BEGIN
1070
    46
1040
24574.97749774977
1000
ACAD_MTEXT_DEFINED_HEIGHT_END
  0
MTEXT
  5
162
330
1F
100
AcDbEntity
  8
0
100
AcDbMText
 10
-5039222.109791622
 20
-1697805.519939306
 30
0.0
 40
12000.0
 41
78999.09991
 46
24574.97749774977
 71
     1
 72
     1
  1
\pxsm0.96,ql;\fￋￎￌ￥|b0|i0;224m³/min\fￋￎￌ￥|b0|i0;\P
  7
宋体
 11
0.9996864787178048
 21
-0.02503885518141542
 31
0.0
 73
     1
 44
1.0
1001
ACAD
1000
ACAD_MTEXT_DEFINED_HEIGHT_BEGIN
1070
    46
1040
24574.97749774977
1000
ACAD_MTEXT_DEFINED_HEIGHT_END
  0
ARC
  5
163
330
1F
100
AcDbEntity
  8
0
  6
Continuous
100
AcDbCircle
 10
-5674897.233508322
 20
-15719333.14751508
 30
0.0
 40
14858038.64721917
100
AcDbArc
 50
85.14836618773239
 51
88.05073330393984
  0
MTEXT
  5
164
330
1F
100
AcDbEntity
  8
0
100
AcDbMText
 10
-5025055.025094715
 20
-849326.5367914601
 30
0.0
 40
12000.0
 41
114100.810082
 46
24574.97749774978
 71
     1
 72
     1
  1
\pxsm0.96,ql;\fￋￎￌ￥|b0|i0;15#煤西翼库房\fￋￎￌ￥|b0|i0;\P
  7
宋体
 11
0.9975207583332381
 21
-0.07037284060119776
 31
0.0
 73
     1
 44
1.0
1001
ACAD
1000
ACAD_MTEXT_DEFINED_HEIGHT_BEGIN
1070
    46
1040
24574.97749774978
1000
ACAD_MTEXT_DEFINED_HEIGHT_END
  0
HATCH
  5
165
330
1F
100
AcDbEntity
  8
0
100
AcDbHatch
 10
0.0
 20
0.0
 30
0.0
210
0.0
220
0.0
230
1.0
  2
SOLID
 70
     1
 71
     0
 91
        1
 92
       19
 72
     0
 73
     1
 93
        4
 10
-4856106.207494493
 20
-892815.0839096792
 10
-4831506.119632215
 20
-885931.0031435429
 10
-4856029.859542674
 20
-878779.7045460427
 10
-4856068.033518584
 20
-885797.3942278619
 97
        0
 75
     0
 76
     1
 98
        0
1001
ACAD
1010
-4856106.207494493
1020
-892815.0839096792
1030
0.0
  0
LWPOLYLINE
  5
166
330
1F
100
AcDbEntity
  8
0
100
AcDbPolyline
 90
        5
 70
     0
 43
0.0
 10
-4856106.207494493
 20
-892815.0839096792
 10
-4831506.119632215
 20
-885931.0031435429
 10
-4856029.859542674
 20
-878779.7045460427
 10
-4856068.033518584
 20
-885797.3942278619
 10
-4856106.207494493
 20
-892815.0839096792
  0
ARC
  5
167
330
1F
100
AcDbEntity
  8
0
  6
Continuous
100
AcDbCircle
 10
-5995349.745397719
 20
-4040205.603467925
 30
0.0
 40
3072461.450695415
100
AcDbArc
 50
63.9190622037395
 51
82.61420417754847
  0
HATCH
  5
168
330
1F
100
AcDbEntity
  8
0
100
AcDbHatch
 10
0.0
 20
0.0
 30
0.0
210
0.0
220
0.0
230
1.0
  2
SOLID
 70
     1
 71
     0
 91
        1
 92
       19
 72
     0
 73
     1
 93
        4
 10
-5655288.318729647
 20
-1483700.455173932
 10
-5629917.747922918
 20
-1480719.007913415
 10
-5653033.90282098
 20
-1469847.104972566
 10
-5654161.110775313
 20
-1476773.780073249
 97
        0
 75
     0
 76
     1
 98
        0
1001
ACAD
1010
-5648479.337579945
1020
-1483108.786294499
1030
0.0
  0
ARC
  5
16A
330
1F
100
AcDbEntity
  8
0
  6
Continuous
100
AcDbCircle
 10
-4881002.796766384
 20
-2420104.662279639
 30
0.0
 40
1628302.082155449
100
AcDbArc
 50
76.31519666892916
 51
104.6661616326547
  0
ARC
  5
16B
330
1F
100
AcDbEntity
  8
0
  6
Continuous
100
AcDbCircle
 10
-5342067.05759856
 20
-1585558.056369689
 30
0.0
 40
736175.4245449988
100
AcDbArc
 50
76.4437471776736
 51
119.3836421025542
  0
MTEXT
  5
16C
330
1F
100
AcDbEntity
  8
0
100
AcDbMText
 10
-4058471.867086979
 20
-1262604.922054528
 30
0.0
 40
12000.0
 41
96554.455446
 46
24574.97749774977
 71
     1
 72
     1
  1
18851{\fￋￎￌ￥|b0|i0|c134|p0;m\fISOCPEUR|b0|i0|c134|p34;³\fￋￎￌ￥|b0|i0|c134|p0;/min}
  7
宋体
 11
0.9999998936393342
 21
0.0004612172160737837
 31
0.0
 73
     1
 44
1.0
1001
ACAD
1000
ACAD_MTEXT_DEFINED_HEIGHT_BEGIN
1070
    46
1040
24574.97749774977
1000
ACAD_MTEXT_DEFINED_HEIGHT_END
  0
MTEXT
  5
16D
330
1F
100
AcDbEntity
  8
0
100
AcDbMText
 10
-6058781.171722265
 20
-1022028.584847747
 30
0.0
 40
12000.0
 41
87776.777678
 46
24574.97749774977
 71
     1
 72
     1
  1
{\fￋￎￌ￥|b0|i0|c134|p0;10132m\fISOCPEUR|b0|i0|c134|p34;³\fￋￎￌ￥|b0|i0|c134|p0;/min}
  7
宋体
 11
0.9999998936393342
 21
0.0004612172160737837
 31
0.0
 73
     1
 44
1.0
1001
ACAD
1000
ACAD_MTEXT_DEFINED_HEIGHT_BEGIN
1070
    46
1040
24574.97749774977
1000
ACAD_MTEXT_DEFINED_HEIGHT_END
  0
MTEXT
  5
16E
330
1F
100
AcDbEntity
  8
0
100
AcDbMText
 10
-6080291.205803605
 20
-1088605.333690762
 30
0.0
 40
12000.0
 41
87776.777678
 46
24574.97749774977
 71
     1
 72
     1
  1
{\fￋￎￌ￥|b0|i0|c134|p0;3652m\fISOCPEUR|b0|i0|c134|p34;³\fￋￎￌ￥|b0|i0|c134|p0;/min}
  7
宋体
 11
0.9999998936393342
 21
0.0004612172160737837
 31
0.0
 73
     1
 44
1.0
1001
ACAD
1000
ACAD_MTEXT_DEFINED_HEIGHT_BEGIN
1070
    46
1040
24574.97749774977
1000
ACAD_MTEXT_DEFINED_HEIGHT_END
  0
MTEXT
  5
16F
330
1F
100
AcDbEntity
  8
0
100
AcDbMText
 10
-6079597.514197441
 20
-1143392.489580094
 30
0.0
 40
12000.0
 41
87776.777678
 46
24574.97749774977
 71
     1
 72
     1
  1
4921{\fￋￎￌ￥|b0|i0|c134|p0;m\fISOCPEUR|b0|i0|c134|p34;³\fￋￎￌ￥|b0|i0|c134|p0;/min}
  7
宋体
 11
0.9999998936393342
 21
0.0004612172160737837
 31
0.0
 73
     1
 44
1.0
1001
ACAD
1000
ACAD_MTEXT_DEFINED_HEIGHT_BEGIN
1070
    46
1040
24574.97749774977
1000
ACAD_MTEXT_DEFINED_HEIGHT_END
  0
MTEXT
  5
170
330
1F
100
AcDbEntity
  8
0
100
AcDbMText
 10
-6074740.429778667
 20
-1211356.047823428
 30
0.0
 40
12000.0
 41
87776.777678
 46
24574.97749774977
 71
     1
 72
     1
  1
{\fￋￎￌ￥|b0|i0|c134|p0;1278m\fISOCPEUR|b0|i0|c134|p34;³\fￋￎￌ￥|b0|i0|c134|p0;/min}
  7
宋体
 11
0.9999998936393342
 21
0.0004612172160737837
 31
0.0
 73
     1
 44
1.0
1001
ACAD
1000
ACAD_MTEXT_DEFINED_HEIGHT_BEGIN
1070
    46
1040
24574.97749774977
1000
ACAD_MTEXT_DEFINED_HEIGHT_END
  0
ARC
  5
171
330
1F
100
AcDbEntity
  8
0
  6
Continuous
100
AcDbCircle
 10
-4936211.891348164
 20
-226246.9400713672
 30
0.0
 40
1352183.335529524
100
AcDbArc
 50
274.3140809724473
 51
297.2355122080631
  0
HATCH
  5
172
330
1F
100
AcDbEntity
  8
0
100
AcDbHatch
 10
0.0
 20
0.0
 30
0.0
210
0.0
220
0.0
230
1.0
  2
SOLID
 70
     1
 71
     0
 91
        1
 92
       19
 72
     0
 73
     1
 93
        4
 10
-5538583.295113627
 20
-842967.1504502113
 10
-5513097.771778642
 20
-841222.7333073372
 10
-5535658.002534772
 20
-829239.7921384667
 10
-5537120.648824199
 20
-836103.4712943399
 97
        0
 75
     0
 76
     1
 98
        0
1001
ACAD
1010
-5538583.295113627
1020
-842967.1504502113
1030
0.0
  0
LWPOLYLINE
  5
173
330
1F
100
AcDbEntity
  8
0
100
AcDbPolyline
 90
        5
 70
     0
 43
0.0
 10
-5538583.295113627
 20
-842967.1504502113
 10
-5513097.771778642
 20
-841222.7333073372
 10
-5535658.002534772
 20
-829239.7921384667
 10
-5537120.648824199
 20
-836103.4712943399
 10
-5538583.295113627
 20
-842967.1504502113
  0
MTEXT
  5
174
330
1F
100
AcDbEntity
  8
0
100
AcDbMText
 10
-5596112.174236007
 20
-832524.5220842229
 30
0.0
 40
12000.0
 41
87776.777678
 46
24574.97749774977
 71
     1
 72
     1
  1
1014{\fￋￎￌ￥|b0|i0|c134|p0;m\fISOCPEUR|b0|i0|c134|p34;³\fￋￎￌ￥|b0|i0|c134|p0;/min}
  7
宋体
 11
0.991994600435413
 21
-0.1262802942148356
 31
0.0
 73
     1
 44
1.0
1001
ACAD
1000
ACAD_MTEXT_DEFINED_HEIGHT_BEGIN
1070
    46
1040
24574.97749774977
1000
ACAD_MTEXT_DEFINED_HEIGHT_END
  0
HATCH
  5
175
330
1F
100
AcDbEntity
  8
0
100
AcDbHatch
 10
0.0
 20
0.0
 30
0.0
210
0.0
220
0.0
230
1.0
  2
SOLID
 70
     1
 71
     0
 91
        1
 92
       19
 72
     0
 73
     1
 93
        4
 10
-5201620.449550343
 20
-742266.2894538041
 10
-5177593.887339761
 20
-733589.9308185534
 10
-5202577.535288124
 20
-728263.3722655373
 10
-5202098.992419233
 20
-735264.8308596712
 97
        0
 75
     0
 76
     1
 98
        0
1001
ACAD
1010
-5202577.535288124
1020
-742266.2894538041
1030
0.0
  0
LWPOLYLINE
  5
176
330
1F
100
AcDbEntity
  8
0
100
AcDbPolyline
 90
        5
 70
     0
 43
0.0
 10
-5201620.449550343
 20
-742266.2894538041
 10
-5177593.887339761
 20
-733589.9308185534
 10
-5202577.535288124
 20
-728263.3722655373
 10
-5202098.992419233
 20
-735264.8308596712
 10
-5201620.449550343
 20
-742266.2894538041
  0
HATCH
  5
177
330
1F
100
AcDbEntity
  8
0
100
AcDbHatch
 10
0.0
 20
0.0
 30
0.0
210
0.0
220
0.0
230
1.0
  2
SOLID
 70
     1
 71
     0
 91
        1
 92
       19
 72
     0
 73
     1
 93
        4
 10
-5284664.840808148
 20
-1698886.604334668
 10
-5259248.124767256
 20
-1696328.199260583
 10
-5282179.965595833
 20
-1685072.730943394
 10
-5283422.40320199
 20
-1691979.667639032
 97
        0
 75
     0
 76
     1
 98
        0
1001
ACAD
1010
-5284664.840808148
1020
-1698886.604334668
1030
0.0
  0
LWPOLYLINE
  5
178
330
1F
100
AcDbEntity
  8
0
100
AcDbPolyline
 90
        5
 70
     0
 43
0.0
 10
-5284664.840808148
 20
-1698886.604334668
 10
-5259248.124767256
 20
-1696328.199260583
 10
-5282179.965595833
 20
-1685072.730943394
 10
-5283422.40320199
 20
-1691979.667639032
 10
-5284664.840808148
 20
-1698886.604334668
  0
MTEXT
  5
179
330
1F
100
AcDbEntity
  8
0
100
AcDbMText
 10
-5732613.906440438
 20
-1428579.882312113
 30
0.0
 40
12000.0
 41
148217.9386795357
 46
22575.95430533236
 71
     1
 72
     1
  1
\pxsm0.96,ql;\fￋￎￌ￥|b0|i0;8#煤东翼皮带巷\fￋￎￌ￥|b0|i0;\P
  7
宋体
 11
0.9598305741874917
 21
-0.2805802360375911
 31
0.0
 73
     1
 44
1.0
1001
ACAD
1000
ACAD_MTEXT_DEFINED_HEIGHT_BEGIN
1070
    46
1040
22575.95430533236
1000
ACAD_MTEXT_DEFINED_HEIGHT_END
  0
HATCH
  5
17A
330
1F
100
AcDbEntity
  8
0
100
AcDbHatch
 10
0.0
 20
0.0
 30
0.0
210
0.0
220
0.0
230
1.0
  2
SOLID
 70
     1
 71
     0
 91
        1
 92
       19
 72
     0
 73
     1
 93
        4
 10
-4770385.734773088
 20
-1574937.978842013
 10
-4746481.169017735
 20
-1565930.946762883
 10
-4771535.930474463
 20
-1560949.599638565
 10
-4770960.832623773
 20
-1567943.789240289
 97
        0
 75
     0
 76
     1
 98
        0
1001
ACAD
1010
-4788661.825657907
1020
-1575481.294804924
1030
0.0
  0
HATCH
  5
17C
330
1F
100
AcDbEntity
  8
0
100
AcDbHatch
 10
0.0
 20
0.0
 30
0.0
210
0.0
220
0.0
230
1.0
  2
SOLID
 70
     1
 71
     0
 91
        1
 92
       19
 72
     0
 73
     1
 93
        4
 10
-5473508.500293734
 20
-1004880.635348124
 10
-5448560.484563293
 20
-999389.6061240087
 10
-5472643.683169805
 20
-990871.7169661396
 10
-5473076.09173177
 20
-997876.1761571318
 97
        0
 75
     0
 76
     1
 98
        0
1001
ACAD
1010
-5474598.710385366
1020
-1007331.901298994
1030
0.0
  0
ARC
  5
17E
330
1F
100
AcDbEntity
  8
0
  6
Continuous
100
AcDbCircle
 10
-5223413.21209409
 20
-1903460.213744512
 30
0.0
 40
1060905.618739916
100
AcDbArc
 50
93.77529563174564
 51
96.62923401600322
  0
ARC
  5
17F
330
1F
100
AcDbEntity
  8
0
  6
Continuous
100
AcDbCircle
 10
-8307535.747729903
 20
-14374966.01464496
 30
0.0
 40
13863088.49815797
100
AcDbArc
 50
72.63395785634444
 51
77.16373023885224
  0
ARC
  5
180
330
1F
100
AcDbEntity
  8
0
  6
Continuous
100
AcDbCircle
 10
-4201706.802574277
 20
-1135702.783541858
 30
0.0
 40
9924.539384130536
100
AcDbArc
 50
356.1372444601265
 51
176.2053623306707
  0
ARC
  5
181
330
1F
100
AcDbEntity
  8
0
  6
Continuous
100
AcDbCircle
 10
-4106373.99918591
 20
288811.9380667488
 30
0.0
 40
1427741.530371462
100
AcDbArc
 50
266.5695818563108
 51
267.4236670556162
  0
HATCH
  5
182
330
1F
100
AcDbEntity
  8
0
100
AcDbHatch
 10
0.0
 20
0.0
 30
0.0
210
0.0
220
0.0
230
1.0
  2
SOLID
 70
     1
 71
     0
 91
        1
 92
       19
 72
     0
 73
     1
 93
        4
 10
-4507230.679469409
 20
-1112815.505307125
 10
-4481694.219693143
 20
-1113481.923285236
 10
-4503024.049627954
 20
-1099425.136818248
 10
-4505127.364548682
 20
-1106120.321062687
 97
        0
 75
     0
 76
     1
 98
        0
1001
ACAD
1010
-4507230.679469409
1020
-1113481.923285236
1030
0.0
  0
LWPOLYLINE
  5
183
330
1F
100
AcDbEntity
  8
0
100
AcDbPolyline
 90
        5
 70
     0
 43
0.0
 10
-4507230.679469409
 20
-1112815.505307125
 10
-4481694.219693143
 20
-1113481.923285236
 10
-4503024.049627954
 20
-1099425.136818248
 10
-4505127.364548682
 20
-1106120.321062687
 10
-4507230.679469409
 20
-1112815.505307125
  0
ARC
  5
184
330
1F
100
AcDbEntity
  8
0
  6
Continuous
100
AcDbCircle
 10
-3813958.626934022
 20
2411178.979953561
 30
0.0
 40
3586033.369470188
100
AcDbArc
 50
245.4359240241542
 51
263.948424744343
  0
MTEXT
  5
185
330
1F
100
AcDbEntity
  8
0
100
AcDbMText
 10
-4914116.329317751
 20
-908468.5547250832
 30
0.0
 40
12000.0
 41
144586.6392160878
 46
24574.97749774977
 71
     1
 72
     1
  1
{\fￋￎￌ￥|b0|i0|c134|p0;15406}回风系统巷
  7
宋体
 11
0.9556828243688889
 21
-0.2943982663099487
 31
0.0
 73
     1
 44
1.0
1001
ACAD
1000
ACAD_MTEXT_DEFINED_HEIGHT_BEGIN
1070
    46
1040
24574.97749774977
1000
ACAD_MTEXT_DEFINED_HEIGHT_END
  0
HATCH
  5
186
330
1F
100
AcDbEntity
  8
0
100
AcDbHatch
 10
0.0
 20
0.0
 30
0.0
210
0.0
220
0.0
230
1.0
  2
SOLID
 70
     1
 71
     0
 91
        1
 92
       19
 72
     0
 73
     1
 93
        4
 10
-4807855.197166474
 20
-1039451.640034468
 10
-4782316.592230437
 20
-1040030.04192545
 10
-4803694.742592216
 20
-1026046.852806524
 10
-4805774.969879346
 20
-1032749.246420496
 97
        0
 75
     0
 76
     1
 98
        0
1001
ACAD
1010
-4807855.197166474
1020
-1040030.04192545
1030
0.0
  0
LWPOLYLINE
  5
187
330
1F
100
AcDbEntity
  8
0
100
AcDbPolyline
 90
        5
 70
     0
 43
0.0
 10
-4807855.197166474
 20
-1039451.640034468
 10
-4782316.592230437
 20
-1040030.04192545
 10
-4803694.742592216
 20
-1026046.852806524
 10
-4805774.969879346
 20
-1032749.246420496
 10
-4807855.197166474
 20
-1039451.640034468
  0
ARC
  5
188
330
1F
100
AcDbEntity
  8
0
  6
Continuous
100
AcDbCircle
 10
-4181768.091938138
 20
-1156154.512436688
 30
0.0
 40
10323.37162870036
100
AcDbArc
 50
350.6813698434299
 51
172.8571146502953
  0
ARC
  5
189
330
1F
100
AcDbEntity
  8
0
  6
Continuous
100
AcDbCircle
 10
-3499772.848255709
 20
3558634.487830519
 30
0.0
 40
4764066.205616536
100
AcDbArc
 50
261.8933755918642
 51
262.0418408914077
  0
MTEXT
  5
18A
330
1F
100
AcDbEntity
  8
0
100
AcDbMText
 10
-4781885.98305231
 20
-952620.5149906722
 30
0.0
 40
12000.0
 41
87776.777678
 46
24574.97749774977
 71
     1
 72
     1
  1
1107{\fￋￎￌ￥|b0|i0|c134|p0;m\fISOCPEUR|b0|i0|c134|p34;³\fￋￎￌ￥|b0|i0|c134|p0;/min}
  7
宋体
 11
0.9768838199623446
 21
-0.2137709107801559
 31
0.0
 73
     1
 44
1.0
1001
ACAD
1000
ACAD_MTEXT_DEFINED_HEIGHT_BEGIN
1070
    46
1040
24574.97749774977
1000
ACAD_MTEXT_DEFINED_HEIGHT_END
  0
ARC
  5
18B
330
1F
100
AcDbEntity
  8
0
  6
Continuous
100
AcDbCircle
 10
-4990499.48097365
 20
-1056183.381419401
 30
0.0
 40
859355.176848565
100
AcDbArc
 50
206.4936500209918
 51
345.1582902006945
  0
MTEXT
  5
18C
330
1F
100
AcDbEntity
  8
0
100
AcDbMText
 10
-5206942.85423513
 20
-1545701.237831234
 30
0.0
 40
12000.0
 41
107989.3008611412
 46
23483.75771094172
 71
     1
 72
     1
  1
\pxsm0.96,ql;\fￋￎￌ￥|b0|i0;8106轨道巷\fￋￎￌ￥|b0|i0;\P
  7
宋体
 11
0.9955835484512233
 21
-0.09387969989976944
 31
0.0
 73
     1
 44
1.0
1001
ACAD
1000
ACAD_MTEXT_DEFINED_HEIGHT_BEGIN
1070
    46
1040
23483.75771094172
1000
ACAD_MTEXT_DEFINED_HEIGHT_END
  0
ARC
  5
18D
330
1F
100
AcDbEntity
  8
0
  6
Continuous
100
AcDbCircle
 10
-4767342.457657606
 20
-7644551.397432533
 30
0.0
 40
5791163.421254087
100
AcDbArc
 50
89.0505618307129
 51
94.77170415970605
  0
MTEXT
  5
18E
330
1F
100
AcDbEntity
  8
0
100
AcDbMText
 10
-5159492.786154051
 20
-1850460.609248173
 30
0.0
 40
12000.0
 41
126507.4386197814
 46
23700.16863026584
 71
     1
 72
     1
  1
\pxsm0.96,ql;\fￋￎￌ￥|b0|i0;8207轨道巷\fￋￎￌ￥|b0|i0;\P
  7
宋体
 11
0.9973436036448157
 21
0.07284048509429966
 31
0.0
 73
     1
 44
1.0
1001
ACAD
1000
ACAD_MTEXT_DEFINED_HEIGHT_BEGIN
1070
    46
1040
23700.16863026584
1000
ACAD_MTEXT_DEFINED_HEIGHT_END
  0
MTEXT
  5
18F
330
1F
100
AcDbEntity
  8
0
100
AcDbMText
 10
-4999630.872681637
 20
-1837347.393000199
 30
0.0
 40
12000.0
 41
78999.09991
 46
24574.97749774977
 71
     1
 72
     1
  1
{\fￋￎￌ￥|b0|i0|c134|p0;382m\fISOCPEUR|b0|i0|c134|p34;³\fￋￎￌ￥|b0|i0|c134|p0;/min}
  7
宋体
 11
0.9996864787178048
 21
-0.02503885518141542
 31
0.0
 73
     1
 44
1.0
1001
ACAD
1000
ACAD_MTEXT_DEFINED_HEIGHT_BEGIN
1070
    46
1040
24574.97749774977
1000
ACAD_MTEXT_DEFINED_HEIGHT_END
  0
LWPOLYLINE
  5
190
330
1F
100
AcDbEntity
  8
0
  6
Continuous
100
AcDbPolyline
 90
       69
 70
     0
 43
0.0
 10
-3995547.125067896
 20
-961134.740043788
 10
-3995328.089929354
 20
-959783.6933274209
 10
-3995274.628567123
 20
-959086.34141617
 10
-3995280.621718018
 20
-958340.1501355435
 10
-3995340.081891016
 20
-957777.113995963
 10
-3995432.896119789
 20
-957329.748122889
 10
-3995545.657014366
 20
-956971.0650753026
 10
-3995671.320067188
 20
-956676.9691869428
 10
-3995809.798256453
 20
-956425.6085343852
 10
-3995958.906917451
 20
-956209.027010973
 10
-3996122.681007772
 20
-956015.9477347882
 10
-3996302.713860312
 20
-955842.8933631732
 10
-3996498.821459362
 20
-955689.7633512868
 10
-3996719.751885851
 20
-955551.0486132068
 10
-3996970.48693826
 20
-955427.6124626172
 10
-3997264.037177371
 20
-955319.2431482275
 10
-3997620.406694308
 20
-955229.356131102
 10
-3998064.123370544
 20
-955167.154671455
 10
-3998625.460235773
 20
-955149.9556030026
 10
-3999182.109538627
 20
-955186.0570405686
 10
-3999882.492957317
 20
-955291.1684193778
 10
-4000754.693699335
 20
-955493.5119765772
 10
-4002559.100572074
 20
-956106.9267529371
 10
-4005636.327523667
 20
-957567.8246377028
 10
-4009802.081185864
 20
-960104.5404913878
 10
-4017664.937553324
 20
-966087.426837749
 10
-4026674.930740758
 20
-974536.6011500382
 10
-4033954.652940282
 20
-982839.0155179648
 10
-4038716.402893808
 20
-989467.7756356942
 10
-4041579.945980222
 20
-994416.22378105
 10
-4043243.508273634
 20
-998084.1035641395
 10
-4044193.750567489
 20
-1000894.495376765
 10
-4044724.49598149
 20
-1003225.723056625
 10
-4044976.227863802
 20
-1005306.166763709
 10
-4045010.005759819
 20
-1007236.358902579
 10
-4044852.589139725
 20
-1009062.16173189
 10
-4044511.968517525
 20
-1010836.847862336
 10
-4043972.41300688
 20
-1012613.04604837
 10
-4043209.316839651
 20
-1014417.411421058
 10
-4042154.140692918
 20
-1016319.294227935
 10
-4041101.597883236
 20
-1017856.870937591
 10
-4039773.494751926
 20
-1019491.730671258
 10
-4038113.966458738
 20
-1021235.107248644
 10
-4034880.458748042
 20
-1024029.451618571
 10
-4029616.784608579
 20
-1027628.310607478
 10
-4020707.473426208
 20
-1032378.265770952
 10
-3990118.961086935
 20
-1045562.89758484
 10
-3984972.714875533
 20
-1048354.751552112
 10
-3982216.850087959
 20
-1050214.037013607
 10
-3980507.711207061
 20
-1051629.720304653
 10
-3979370.140468028
 20
-1052780.544589318
 10
-3978581.048168424
 20
-1053756.764141003
 10
-3978011.56455932
 20
-1054627.041807084
 10
-3977601.592343456
 20
-1055417.398857663
 10
-3977290.324281924
 20
-1056207.286363967
 10
-3977066.700534972
 20
-1057012.79375803
 10
-3976926.265682734
 20
-1057851.145146304
 10
-3976871.724635227
 20
-1058740.847517527
 10
-3976914.656758721
 20
-1059719.996103919
 10
-3977082.034653091
 20
-1060829.469577832
 10
-3977423.929578319
 20
-1062132.334720552
 10
-3978036.578019279
 20
-1063736.056756911
 10
-3979118.718740824
 20
-1065838.833107347
 10
-3981111.785760071
 20
-1068827.546545302
 10
-3985476.511078817
 20
-1073943.940026824
 10
-3994486.914753148
 20
-1082548.169832439
 10
-4022911.340274965
 20
-1107091.304796548
 10
-4029090.048006316
 20
-1113785.829462663
 10
-4032007.597782346
 20
-1117405.067421272
  0
HATCH
  5
191
330
1F
100
AcDbEntity
  8
0
100
AcDbHatch
 10
0.0
 20
0.0
 30
0.0
210
0.0
220
0.0
230
1.0
  2
SOLID
 70
     1
 71
     0
 91
        1
 92
       19
 72
     0
 73
     1
 93
        4
 10
-5377898.283385987
 20
-1829709.265411371
 10
-5352624.820539658
 20
-1833425.038087633
 10
-5372120.371353802
 20
-1816918.118651239
 10
-5375009.327369894
 20
-1823313.692031305
 97
        0
 75
     0
 76
     1
 98
        0
1001
ACAD
1010
-5377898.283385987
1020
-1833425.038087633
1030
0.0
  0
LWPOLYLINE
  5
192
330
1F
100
AcDbEntity
  8
0
100
AcDbPolyline
 90
        5
 70
     0
 43
0.0
 10
-5377898.283385987
 20
-1829709.265411371
 10
-5352624.820539658
 20
-1833425.038087633
 10
-5372120.371353802
 20
-1816918.118651239
 10
-5375009.327369894
 20
-1823313.692031305
 10
-5377898.283385987
 20
-1829709.265411371
  0
HATCH
  5
193
330
1F
100
AcDbEntity
  8
0
100
AcDbHatch
 10
0.0
 20
0.0
 30
0.0
210
0.0
220
0.0
230
1.0
  2
SOLID
 70
     1
 71
     0
 91
        1
 92
       19
 72
     0
 73
     1
 93
        4
 10
-4653453.096644878
 20
-1852634.208654881
 10
-4633233.199535855
 20
-1837022.973863009
 10
-4658648.4814996
 20
-1839595.586062664
 10
-4656050.789072239
 20
-1846114.897358772
 97
        0
 75
     0
 76
     1
 98
        0
1001
ACAD
1010
-4658648.4814996
1020
-1852634.208654881
1030
0.0
  0
LWPOLYLINE
  5
194
330
1F
100
AcDbEntity
  8
0
100
AcDbPolyline
 90
        5
 70
     0
 43
0.0
 10
-4653453.096644878
 20
-1852634.208654881
 10
-4633233.199535855
 20
-1837022.973863009
 10
-4658648.4814996
 20
-1839595.586062664
 10
-4656050.789072239
 20
-1846114.897358772
 10
-4653453.096644878
 20
-1852634.208654881
  0
MTEXT
  5
195
330
1F
100
AcDbEntity
  8
0
100
AcDbMText
 10
-5129258.839720305
 20
-1916160.911980189
 30
0.0
 40
12000.0
 41
130185.1491002353
 46
18141.88880978469
 71
     1
 72
     1
  1
\pxsm0.96,ql;\fￋￎￌ￥|b0|i0;8207皮带巷\fￋￎￌ￥|b0|i0;\P
  7
宋体
 11
0.9996743172787168
 21
-0.02551978395934287
 31
0.0
 73
     1
 44
1.0
1001
ACAD
1000
ACAD_MTEXT_DEFINED_HEIGHT_BEGIN
1070
    46
1040
18141.88880978469
1000
ACAD_MTEXT_DEFINED_HEIGHT_END
  0
MTEXT
  5
196
330
1F
100
AcDbEntity
  8
0
100
AcDbMText
 10
-4985583.571684872
 20
-1916122.87355552
 30
0.0
 40
12000.0
 41
87776.777678
 46
24574.97749774977
 71
     1
 72
     1
  1
{\fￋￎￌ￥|b0|i0|c134|p0;991m\fISOCPEUR|b0|i0|c134|p34;³\fￋￎￌ￥|b0|i0|c134|p0;/min}
  7
宋体
 11
0.9997476605323191
 21
-0.02246364307397371
 31
0.0
 73
     1
 44
1.0
1001
ACAD
1000
ACAD_MTEXT_DEFINED_HEIGHT_BEGIN
1070
    46
1040
24574.97749774977
1000
ACAD_MTEXT_DEFINED_HEIGHT_END
  0
MTEXT
  5
197
330
1F
100
AcDbEntity
  8
0
100
AcDbMText
 10
-4250847.252422105
 20
-1519239.600132949
 30
0.0
 40
12000.0
 41
170381.3246471828
 46
26131.95263787261
 71
     1
 72
     1
  1
\pxsm0.96,ql;\fￋￎￌ￥|b0|i0;8#煤西翼南回风巷\fￋￎￌ￥|b0|i0;\P
  7
宋体
 11
0.4846793816673141
 21
0.8746918868873713
 31
0.0
 73
     1
 44
1.0
1001
ACAD
1000
ACAD_MTEXT_DEFINED_HEIGHT_BEGIN
1070
    46
1040
26131.95263787261
1000
ACAD_MTEXT_DEFINED_HEIGHT_END
  0
ARC
  5
198
330
1F
100
AcDbEntity
  8
0
  6
Continuous
100
AcDbCircle
 10
-5108692.749195349
 20
-1626757.655484638
 30
0.0
 40
1057543.684505218
100
AcDbArc
 50
28.79746544403903
 51
146.5195386368808
  0
MTEXT
  5
199
330
1F
100
AcDbEntity
  8
0
100
AcDbMText
 10
-5864884.848735516
 20
-862831.0731452443
 30
0.0
 40
12000.0
 41
87767.776778
 46
24574.97749774977
 71
     1
 72
     1
  1
\pxsm0.96,ql;\fￋￎￌ￥|b0|i0;东翼皮带巷\fￋￎￌ￥|b0|i0;\P
  7
宋体
 11
0.7144428410750264
 21
0.6996938093456626
 31
0.0
 73
     1
 44
1.0
1001
ACAD
1000
ACAD_MTEXT_DEFINED_HEIGHT_BEGIN
1070
    46
1040
24574.97749774977
1000
ACAD_MTEXT_DEFINED_HEIGHT_END
  0
ARC
  5
19A
330
1F
100
AcDbEntity
  8
0
  6
Continuous
100
AcDbCircle
 10
-5539856.67252772
 20
-1099924.553253053
 30
0.0
 40
454462.1913484605
100
AcDbArc
 50
85.73862980473636
 51
172.8502695571511
  0
MTEXT
  5
19B
330
1F
100
AcDbEntity
  8
0
100
AcDbMText
 10
-5927276.046472438
 20
-828496.7504679171
 30
0.0
 40
12000.0
 41
87767.776778
 46
24574.97749774977
 71
     1
 72
     1
  1
\pxsm0.96,ql;\fￋￎￌ￥|b0|i0;东翼轨道巷\fￋￎￌ￥|b0|i0;\P
  7
宋体
 11
0.6507762723375453
 21
0.7592695459205835
 31
0.0
 73
     1
 44
1.0
1001
ACAD
1000
ACAD_MTEXT_DEFINED_HEIGHT_BEGIN
1070
    46
1040
24574.97749774977
1000
ACAD_MTEXT_DEFINED_HEIGHT_END
  0
MTEXT
  5
19C
330
1F
100
AcDbEntity
  8
0
100
AcDbMText
 10
-5863605.453903003
 20
-755773.3690774394
 30
0.0
 40
12000.0
 41
87776.777678
 46
24574.97749774977
 71
     1
 72
     1
  1
2848{\fￋￎￌ￥|b0|i0|c134|p0;m\fISOCPEUR|b0|i0|c134|p34;³\fￋￎￌ￥|b0|i0|c134|p0;/min}
  7
宋体
 11
0.7613634287998569
 21
0.6483253267350624
 31
0.0
 73
     1
 44
1.0
1001
ACAD
1000
ACAD_MTEXT_DEFINED_HEIGHT_BEGIN
1070
    46
1040
24574.97749774977
1000
ACAD_MTEXT_DEFINED_HEIGHT_END
  0
MTEXT
  5
19D
330
1F
100
AcDbEntity
  8
0
100
AcDbMText
 10
-5802856.892496986
 20
-804112.2495599343
 30
0.0
 40
12000.0
 41
87776.777678
 46
24574.97749774977
 71
     1
 72
     1
  1
\pxsm0.96,ql;1821\fￋￎￌ￥|b0|i0;m³/min\fￋￎￌ￥|b0|i0;\P
  7
宋体
 11
0.7613634287998569
 21
0.6483253267350624
 31
0.0
 73
     1
 44
1.0
1001
ACAD
1000
ACAD_MTEXT_DEFINED_HEIGHT_BEGIN
1070
    46
1040
24574.97749774977
1000
ACAD_MTEXT_DEFINED_HEIGHT_END
  0
MTEXT
  5
19E
330
1F
100
AcDbEntity
  8
0
100
AcDbMText
 10
-4661430.909049456
 20
-641004.1912206394
 30
0.0
 40
12000.0
 41
87767.776778
 46
24574.97749774977
 71
     1
 72
     1
  1
\pxsm0.96,ql;\fￋￎￌ￥|b0|i0;东翼回风巷\fￋￎￌ￥|b0|i0;\P
  7
宋体
 11
0.8967780460639745
 21
-0.4424806618347067
 31
0.0
 73
     1
 44
1.0
1001
ACAD
1000
ACAD_MTEXT_DEFINED_HEIGHT_BEGIN
1070
    46
1040
24574.97749774977
1000
ACAD_MTEXT_DEFINED_HEIGHT_END
  0
ARC
  5
19F
330
1F
100
AcDbEntity
  8
0
  6
Continuous
100
AcDbCircle
 10
-5136143.507881748
 20
2722360.166489326
 30
0.0
 40
3360990.527486583
100
AcDbArc
 50
264.7163761974866
 51
275.9829641870635
  0
MTEXT
  5
1A0
330
1F
100
AcDbEntity
  8
0
100
AcDbMText
 10
-5309772.818781332
 20
-620695.2885704929
 30
0.0
 40
12000.0
 41
178343.2554941077
 46
24574.97749774976
 71
     1
 72
     1
  1
{\fￋￎￌ￥|b0|i0|c134|p0;15402}进风顺槽系统巷
  7
宋体
 11
0.9999942619343529
 21
0.003387639055279999
 31
0.0
 73
     1
 44
1.0
1001
ACAD
1000
ACAD_MTEXT_DEFINED_HEIGHT_BEGIN
1070
    46
1040
24574.97749774976
1000
ACAD_MTEXT_DEFINED_HEIGHT_END
  0
MTEXT
  5
1A1
330
1F
100
AcDbEntity
  8
0
100
AcDbMText
 10
-5118615.492092946
 20
-620876.059848157
 30
0.0
 40
12000.0
 41
78999.09991
 46
24574.97749774976
 71
     1
 72
     1
  1
235{\fￋￎￌ￥|b0|i0|c134|p0;m\fISOCPEUR|b0|i0|c134|p34;³\fￋￎￌ￥|b0|i0|c134|p0;/min}
  7
宋体
 11
0.9999995902941896
 21
0.0009052134847538085
 31
0.0
 73
     1
 44
1.0
1001
ACAD
1000
ACAD_MTEXT_DEFINED_HEIGHT_BEGIN
1070
    46
1040
24574.97749774976
1000
ACAD_MTEXT_DEFINED_HEIGHT_END
  0
HATCH
  5
1A2
330
1F
100
AcDbEntity
  8
0
100
AcDbHatch
 10
0.0
 20
0.0
 30
0.0
210
0.0
220
0.0
230
1.0
  2
SOLID
 70
     1
 71
     0
 91
        1
 92
       19
 72
     0
 73
     1
 93
        4
 10
-5131232.602905226
 20
-577598.1891472932
 10
-5107206.040694644
 20
-568921.8305120425
 10
-5132189.688643008
 20
-563595.2719590263
 10
-5131711.145774116
 20
-570596.7305531603
 97
        0
 75
     0
 76
     1
 98
        0
1001
ACAD
1010
-5132189.688643008
1020
-577598.1891472932
1030
0.0
  0
LWPOLYLINE
  5
1A3
330
1F
100
AcDbEntity
  8
0
100
AcDbPolyline
 90
        5
 70
     0
 43
0.0
 10
-5131232.602905226
 20
-577598.1891472932
 10
-5107206.040694644
 20
-568921.8305120425
 10
-5132189.688643008
 20
-563595.2719590263
 10
-5131711.145774116
 20
-570596.7305531603
 10
-5131232.602905226
 20
-577598.1891472932
  0
HATCH
  5
1A4
330
1F
100
AcDbEntity
  8
0
100
AcDbHatch
 10
0.0
 20
0.0
 30
0.0
210
0.0
220
0.0
230
1.0
  2
SOLID
 70
     1
 71
     0
 91
        1
 92
       19
 72
     0
 73
     1
 93
        4
 10
-5005655.327084971
 20
-643613.1070668098
 10
-4981628.764874388
 20
-634936.7484315591
 10
-5006612.412822752
 20
-629610.1898785429
 10
-5006133.869953861
 20
-636611.6484726769
 97
        0
 75
     0
 76
     1
 98
        0
1001
ACAD
1010
-5006612.412822752
1020
-643613.1070668098
1030
0.0
  0
LWPOLYLINE
  5
1A5
330
1F
100
AcDbEntity
  8
0
100
AcDbPolyline
 90
        5
 70
     0
 43
0.0
 10
-5005655.327084971
 20
-643613.1070668098
 10
-4981628.764874388
 20
-634936.7484315591
 10
-5006612.412822752
 20
-629610.1898785429
 10
-5006133.869953861
 20
-636611.6484726769
 10
-5005655.327084971
 20
-643613.1070668098
  0
MTEXT
  5
1A6
330
1F
100
AcDbEntity
  8
0
100
AcDbMText
 10
-5685155.474095796
 20
-1573524.610147677
 30
0.0
 40
12000.0
 41
141746.9621983379
 46
24574.97749774978
 71
     1
 72
     1
  1
{\fￋￎￌ￥|b0|i0|c134|p0;8#}煤西翼轨道巷
  7
宋体
 11
0.7027258369194298
 21
-0.7114607495328796
 31
0.0
 73
     1
 44
1.0
1001
ACAD
1000
ACAD_MTEXT_DEFINED_HEIGHT_BEGIN
1070
    46
1040
24574.97749774978
1000
ACAD_MTEXT_DEFINED_HEIGHT_END
  0
ARC
  5
1A7
330
1F
100
AcDbEntity
  8
0
  6
Continuous
100
AcDbCircle
 10
-5082044.055602244
 20
-775715.1847956688
 30
0.0
 40
1049326.136354285
100
AcDbArc
 50
244.8940297076659
 51
331.502794493667
  0
MTEXT
  5
1A8
330
1F
100
AcDbEntity
  8
0
100
AcDbMText
 10
-5323988.375082741
 20
-1778456.33439309
 30
0.0
 40
12000.0
 41
105321.332134
 46
24574.97749774978
 71
     1
 72
     1
  1
\pxsm0.96,ql;\fￋￎￌ￥|b0|i0;二采区配电室\fￋￎￌ￥|b0|i0;\P
  7
宋体
 11
0.9895080631032003
 21
-0.1444776558979032
 31
0.0
 73
     1
 44
1.0
1001
ACAD
1000
ACAD_MTEXT_DEFINED_HEIGHT_BEGIN
1070
    46
1040
24574.97749774978
1000
ACAD_MTEXT_DEFINED_HEIGHT_END
  0
MTEXT
  5
1A9
330
1F
100
AcDbEntity
  8
0
100
AcDbMText
 10
-5224455.619597632
 20
-1794690.844721801
 30
0.0
 40
12000.0
 41
78999.09991
 46
24574.97749774977
 71
     1
 72
     1
  1
\pxsm0.96,ql;\fￋￎￌ￥|b0|i0;205m³/min\fￋￎￌ￥|b0|i0;\P
  7
宋体
 11
0.9899451101279196
 21
-0.1414520375739463
 31
0.0
 73
     1
 44
1.0
1001
ACAD
1000
ACAD_MTEXT_DEFINED_HEIGHT_BEGIN
1070
    46
1040
24574.97749774977
1000
ACAD_MTEXT_DEFINED_HEIGHT_END
  0
ARC
  5
1AA
330
1F
100
AcDbEntity
  8
0
  6
Continuous
100
AcDbCircle
 10
-4656507.348441172
 20
-1083243.878540451
 30
0.0
 40
0.0000000002328306
100
AcDbArc
 50
270.0
 51
90.0
  0
HATCH
  5
1AB
330
1F
100
AcDbEntity
  8
0
100
AcDbHatch
 10
0.0
 20
0.0
 30
0.0
210
0.0
220
0.0
230
1.0
  2
SOLID
 70
     1
 71
     0
 91
        1
 92
       19
 72
     0
 73
     1
 93
        4
 10
-4755135.048444466
 20
-1861897.019617247
 10
-4730541.218954642
 20
-1854990.613760947
 10
-4755071.439539897
 20
-1847861.576738656
 10
-4755103.243992181
 20
-1854879.298177952
 97
        0
 75
     0
 76
     1
 98
        0
1001
ACAD
1010
-4755135.048444466
1020
-1861897.019617247
1030
0.0
  0
LWPOLYLINE
  5
1AC
330
1F
100
AcDbEntity
  8
0
100
AcDbPolyline
 90
        5
 70
     0
 43
0.0
 10
-4755135.048444466
 20
-1861897.019617247
 10
-4730541.218954642
 20
-1854990.613760947
 10
-4755071.439539897
 20
-1847861.576738656
 10
-4755103.243992181
 20
-1854879.298177952
 10
-4755135.048444466
 20
-1861897.019617247
  0
MTEXT
  5
1AD
330
1F
100
AcDbEntity
  8
0
100
AcDbMText
 10
-4341883.743608997
 20
-1526304.809646375
 30
0.0
 40
12000.0
 41
180622.1780408678
 46
22168.00437536643
 71
     1
 72
     1
  1
\pxsm0.96,ql;\fￋￎￌ￥|b0|i0;8#煤西翼北回风巷\fￋￎￌ￥|b0|i0;\P
  7
宋体
 11
0.6670064800393216
 21
0.7450519146915563
 31
0.0
 73
     1
 44
1.0
1001
ACAD
1000
ACAD_MTEXT_DEFINED_HEIGHT_BEGIN
1070
    46
1040
22168.00437536643
1000
ACAD_MTEXT_DEFINED_HEIGHT_END
  0
HATCH
  5
1AE
330
1F
100
AcDbEntity
  8
0
100
AcDbHatch
 10
0.0
 20
0.0
 30
0.0
210
0.0
220
0.0
230
1.0
  2
SOLID
 70
     1
 71
     0
 91
        1
 92
       19
 72
     0
 73
     1
 93
        4
 10
-4746956.762330689
 20
-1778190.757668818
 10
-4726736.865221665
 20
-1762579.522876947
 10
-4752152.14718541
 20
-1765152.135076602
 10
-4749554.454758049
 20
-1771671.44637271
 97
        0
 75
     0
 76
     1
 98
        0
1001
ACAD
1010
-4752152.14718541
1020
-1778190.757668818
1030
0.0
  0
LWPOLYLINE
  5
1AF
330
1F
100
AcDbEntity
  8
0
100
AcDbPolyline
 90
        5
 70
     0
 43
0.0
 10
-4746956.762330689
 20
-1778190.757668818
 10
-4726736.865221665
 20
-1762579.522876947
 10
-4752152.14718541
 20
-1765152.135076602
 10
-4749554.454758049
 20
-1771671.44637271
 10
-4746956.762330689
 20
-1778190.757668818
  0
MTEXT
  5
1B0
330
1F
100
AcDbEntity
  8
0
100
AcDbMText
 10
-5639265.39404072
 20
-1517482.588081901
 30
0.0
 40
12000.0
 41
157983.79838
 46
24574.97749774978
 71
     1
 72
     1
  1
\pxsm0.96,ql;\fￋￎￌ￥|b0|i0;8#煤机轨运输巷北段\fￋￎￌ￥|b0|i0;\P
  7
宋体
 11
0.8717296932376346
 21
-0.4899870834295731
 31
0.0
 73
     1
 44
1.0
1001
ACAD
1000
ACAD_MTEXT_DEFINED_HEIGHT_BEGIN
1070
    46
1040
24574.97749774978
1000
ACAD_MTEXT_DEFINED_HEIGHT_END
  0
MTEXT
  5
1B1
330
1F
100
AcDbEntity
  8
0
100
AcDbMText
 10
-5538203.014628978
 20
-1609806.61968728
 30
0.0
 40
12000.0
 41
157983.79838
 46
24574.97749774978
 71
     1
 72
     1
  1
\pxsm0.96,ql;\fￋￎￌ￥|b0|i0;8#煤机轨运输巷南段\fￋￎￌ￥|b0|i0;\P
  7
宋体
 11
0.894478139330826
 21
-0.4471116843242453
 31
0.0
 73
     1
 44
1.0
1001
ACAD
1000
ACAD_MTEXT_DEFINED_HEIGHT_BEGIN
1070
    46
1040
24574.97749774978
1000
ACAD_MTEXT_DEFINED_HEIGHT_END
  0
MTEXT
  5
1B2
330
1F
100
AcDbEntity
  8
0
100
AcDbMText
 10
-5504103.602548833
 20
-1595241.661553087
 30
0.0
 40
12000.0
 41
87776.777678
 46
24574.97749774977
 71
     1
 72
     1
  1
1980{\fￋￎￌ￥|b0|i0|c134|p0;m\fISOCPEUR|b0|i0|c134|p34;³\fￋￎￌ￥|b0|i0|c134|p0;/min}
  7
宋体
 11
0.9140690376428912
 21
-0.405558620205019
 31
0.0
 73
     1
 44
1.0
1001
ACAD
1000
ACAD_MTEXT_DEFINED_HEIGHT_BEGIN
1070
    46
1040
24574.97749774977
1000
ACAD_MTEXT_DEFINED_HEIGHT_END
  0
ARC
  5
1B3
330
1F
100
AcDbEntity
  8
0
  6
Continuous
100
AcDbCircle
 10
-5806230.987948233
 20
-7562056.334077308
 30
0.0
 40
6572044.627713155
100
AcDbArc
 50
75.40496972403392
 51
88.20512464299807
  0
HATCH
  5
1B4
330
1F
100
AcDbEntity
  8
0
100
AcDbHatch
 10
0.0
 20
0.0
 30
0.0
210
0.0
220
0.0
230
1.0
  2
SOLID
 70
     1
 71
     0
 91
        1
 92
       19
 72
     0
 73
     1
 93
        4
 10
-4946269.552519806
 20
-1055359.777052586
 10
-4921238.946384854
 20
-1050258.439253216
 10
-4945186.394204765
 20
-1041366.047351199
 10
-4945727.973362286
 20
-1048362.912201893
 97
        0
 75
     0
 76
     1
 98
        0
1001
ACAD
1010
-4946269.552519806
1020
-1055359.777052586
1030
0.0
  0
LWPOLYLINE
  5
1B5
330
1F
100
AcDbEntity
  8
0
100
AcDbPolyline
 90
        5
 70
     0
 43
0.0
 10
-4946269.552519806
 20
-1055359.777052586
 10
-4921238.946384854
 20
-1050258.439253216
 10
-4945186.394204765
 20
-1041366.047351199
 10
-4945727.973362286
 20
-1048362.912201893
 10
-4946269.552519806
 20
-1055359.777052586
  0
MTEXT
  5
1B6
330
1F
100
AcDbEntity
  8
0
100
AcDbMText
 10
-4880378.921779133
 20
-1037688.975267809
 30
0.0
 40
12000.0
 41
105321.332134
 46
24574.97749774977
 71
     1
 72
     1
  1
\pxsm0.96,ql;\fￋￎￌ￥|b0|i0;集中高抽回风\fￋￎￌ￥|b0|i0;\P
  7
宋体
 11
0.9904535791677006
 21
-0.1378466811856256
 31
0.0
 73
     1
 44
1.0
1001
ACAD
1000
ACAD_MTEXT_DEFINED_HEIGHT_BEGIN
1070
    46
1040
24574.97749774977
1000
ACAD_MTEXT_DEFINED_HEIGHT_END
  0
HATCH
  5
1B7
330
1F
100
AcDbEntity
  8
0
100
AcDbHatch
 10
0.0
 20
0.0
 30
0.0
210
0.0
220
0.0
230
1.0
  2
SOLID
 70
     1
 71
     0
 91
        1
 92
       19
 72
     0
 73
     1
 93
        4
 10
-4788889.204366861
 20
-1898574.727050491
 10
-4767183.174841106
 20
-1885106.127529625
 10
-4792728.309090978
 20
-1885074.394543172
 10
-4790808.756728919
 20
-1891824.560796832
 97
        0
 75
     0
 76
     1
 98
        0
1001
ACAD
1010
-4792728.309090978
1020
-1898574.727050491
1030
0.0
  0
LWPOLYLINE
  5
1B8
330
1F
100
AcDbEntity
  8
0
100
AcDbPolyline
 90
        5
 70
     0
 43
0.0
 10
-4788889.204366861
 20
-1898574.727050491
 10
-4767183.174841106
 20
-1885106.127529625
 10
-4792728.309090978
 20
-1885074.394543172
 10
-4790808.756728919
 20
-1891824.560796832
 10
-4788889.204366861
 20
-1898574.727050491
  0
MTEXT
  5
1B9
330
1F
100
AcDbEntity
  8
0
100
AcDbMText
 10
-5401532.100610044
 20
-1680240.501052896
 30
0.0
 40
12000.0
 41
78999.09991
 46
24574.97749774977
 71
     1
 72
     1
  1
{\fￋￎￌ￥|b0|i0|c134|p0;463m\fISOCPEUR|b0|i0|c134|p34;³\fￋￎￌ￥|b0|i0|c134|p0;/min}
  7
宋体
 11
0.950531681661005
 21
-0.3106276262000884
 31
0.0
 73
     1
 44
1.0
1001
ACAD
1000
ACAD_MTEXT_DEFINED_HEIGHT_BEGIN
1070
    46
1040
24574.97749774977
1000
ACAD_MTEXT_DEFINED_HEIGHT_END
  0
MTEXT
  5
1BA
330
1F
100
AcDbEntity
  8
0
100
AcDbMText
 10
-5595762.428822299
 20
-1667176.043619658
 30
0.0
 40
12000.0
 41
87776.777678
 46
24574.97749774976
 71
     1
 72
     1
  1
4670{\fￋￎￌ￥|b0|i0|c134|p0;m\fISOCPEUR|b0|i0|c134|p34;³\fￋￎￌ￥|b0|i0|c134|p0;/min}
  7
宋体
 11
0.7882934066734935
 21
-0.6152995246179687
 31
0.0
 73
     1
 44
1.0
1001
ACAD
1000
ACAD_MTEXT_DEFINED_HEIGHT_BEGIN
1070
    46
1040
24574.97749774976
1000
ACAD_MTEXT_DEFINED_HEIGHT_END
  0
MTEXT
  5
1BB
330
1F
100
AcDbEntity
  8
0
100
AcDbMText
 10
-5859685.223174461
 20
-1371984.787504452
 30
0.0
 40
12000.0
 41
87776.777678
 46
24574.97749774977
 71
     1
 72
     1
  1
7845{\fￋￎￌ￥|b0|i0|c134|p0;m\fISOCPEUR|b0|i0|c134|p34;³\fￋￎￌ￥|b0|i0|c134|p0;/min}
  7
宋体
 11
0.8230728621467975
 21
-0.5679357917911837
 31
0.0
 73
     1
 44
1.0
1001
ACAD
1000
ACAD_MTEXT_DEFINED_HEIGHT_BEGIN
1070
    46
1040
24574.97749774977
1000
ACAD_MTEXT_DEFINED_HEIGHT_END
  0
MTEXT
  5
1BC
330
1F
100
AcDbEntity
  8
0
100
AcDbMText
 10
-4245331.945686659
 20
-1414052.810481297
 30
0.0
 40
12000.0
 41
87776.777678
 46
24574.97749774976
 71
     1
 72
     1
  1
1743{\fￋￎￌ￥|b0|i0|c134|p0;m\fISOCPEUR|b0|i0|c134|p34;³\fￋￎￌ￥|b0|i0|c134|p0;/min}
  7
宋体
 11
0.565291065223452
 21
0.8248915150360895
 31
0.0
 73
     1
 44
1.0
1001
ACAD
1000
ACAD_MTEXT_DEFINED_HEIGHT_BEGIN
1070
    46
1040
24574.97749774976
1000
ACAD_MTEXT_DEFINED_HEIGHT_END
  0
MTEXT
  5
1BD
330
1F
100
AcDbEntity
  8
0
100
AcDbMText
 10
-4177992.108673402
 20
-1380839.573599931
 30
0.0
 40
12000.0
 41
87776.777678
 46
24574.97749774976
 71
     1
 72
     1
  1
5452{\fￋￎￌ￥|b0|i0|c134|p0;m\fISOCPEUR|b0|i0|c134|p34;³\fￋￎￌ￥|b0|i0|c134|p0;/min}
  7
宋体
 11
0.4087218274944214
 21
0.9126590095592222
 31
0.0
 73
     1
 44
1.0
1001
ACAD
1000
ACAD_MTEXT_DEFINED_HEIGHT_BEGIN
1070
    46
1040
24574.97749774976
1000
ACAD_MTEXT_DEFINED_HEIGHT_END
  0
ARC
  5
1BF
330
1F
100
AcDbEntity
  8
0
  6
Continuous
100
AcDbCircle
 10
-5118387.81103148
 20
-819520.4871026012
 30
0.0
 40
411160.3969545462
100
AcDbArc
 50
27.32405770605634
 51
154.0521411133601
  0
MTEXT
  5
1C0
330
1F
100
AcDbEntity
  8
0
100
AcDbMText
 10
-5494147.058294563
 20
-582198.474874971
 30
0.0
 40
12000.0
 41
129958.5120035052
 46
24574.97749774976
 71
     1
 72
     1
  1
{\fￋￎￌ￥|b0|i0|c134|p0;15401}进风顺槽
  7
宋体
 11
0.7395305784318985
 21
0.6731229631829402
 31
0.0
 73
     1
 44
1.0
1001
ACAD
1000
ACAD_MTEXT_DEFINED_HEIGHT_BEGIN
1070
    46
1040
24574.97749774976
1000
ACAD_MTEXT_DEFINED_HEIGHT_END
  0
MTEXT
  5
1C1
330
1F
100
AcDbEntity
  8
0
100
AcDbMText
 10
-5394666.490845582
 20
-488191.9683859818
 30
0.0
 40
12000.0
 41
87776.777678
 46
24574.97749774977
 71
     1
 72
     1
  1
3251{\fￋￎￌ￥|b0|i0|c134|p0;m\fISOCPEUR|b0|i0|c134|p34;³\fￋￎￌ￥|b0|i0|c134|p0;/min}
  7
宋体
 11
0.8421607563105685
 21
0.5392265391562355
 31
0.0
 73
     1
 44
1.0
1001
ACAD
1000
ACAD_MTEXT_DEFINED_HEIGHT_BEGIN
1070
    46
1040
24574.97749774977
1000
ACAD_MTEXT_DEFINED_HEIGHT_END
  0
HATCH
  5
1C2
330
1F
100
AcDbEntity
  8
0
100
AcDbHatch
 10
0.0
 20
0.0
 30
0.0
210
0.0
220
0.0
230
1.0
  2
SOLID
 70
     1
 71
     0
 91
        1
 92
       19
 72
     0
 73
     1
 93
        4
 10
-5026090.895586159
 20
-426575.9165840778
 10
-5000545.742202722
 20
-426570.4904363565
 10
-5022237.890021421
 20
-413079.5448120414
 10
-5024164.392803788
 20
-419827.7306980603
 97
        0
 75
     0
 76
     1
 98
        0
1001
ACAD
1010
-5026090.895586159
1020
-426575.9165840778
1030
0.0
  0
LWPOLYLINE
  5
1C3
330
1F
100
AcDbEntity
  8
0
100
AcDbPolyline
 90
        5
 70
     0
 43
0.0
 10
-5026090.895586159
 20
-426575.9165840778
 10
-5000545.742202722
 20
-426570.4904363565
 10
-5022237.890021421
 20
-413079.5448120414
 10
-5024164.392803788
 20
-419827.7306980603
 10
-5026090.895586159
 20
-426575.9165840778
  0
ARC
  5
1C4
330
1F
100
AcDbEntity
  8
0
  6
Continuous
100
AcDbCircle
 10
-4946589.446133845
 20
-1269877.911368321
 30
0.0
 40
738365.244403759
100
AcDbArc
 50
218.1381609005626
 51
344.807470410349
  0
MTEXT
  5
1C5
330
1F
100
AcDbEntity
  8
0
100
AcDbMText
 10
-5094868.032703898
 20
-1979352.837331128
 30
0.0
 40
12000.0
 41
183985.5492144216
 46
25472.60505297278
 71
     1
 72
     1
  1
\pxsm0.96,ql;\fￋￎￌ￥|b0|i0;8201皮带巷系统巷\fￋￎￌ￥|b0|i0;\P
  7
宋体
 11
0.9996743172787168
 21
-0.02551978395934287
 31
0.0
 73
     1
 44
1.0
1001
ACAD
1000
ACAD_MTEXT_DEFINED_HEIGHT_BEGIN
1070
    46
1040
25472.60505297278
1000
ACAD_MTEXT_DEFINED_HEIGHT_END
  0
MTEXT
  5
1C6
330
1F
100
AcDbEntity
  8
0
100
AcDbMText
 10
-4943853.867388641
 20
-1984696.314434925
 30
0.0
 40
12000.0
 41
78999.09991
 46
24574.97749774977
 71
     1
 72
     1
  1
{\fￋￎￌ￥|b0|i0|c134|p0;734m\fISOCPEUR|b0|i0|c134|p34;³\fￋￎￌ￥|b0|i0|c134|p0;/min}
  7
宋体
 11
0.9997476605323191
 21
-0.02246364307397371
 31
0.0
 73
     1
 44
1.0
1001
ACAD
1000
ACAD_MTEXT_DEFINED_HEIGHT_BEGIN
1070
    46
1040
24574.97749774977
1000
ACAD_MTEXT_DEFINED_HEIGHT_END
  0
HATCH
  5
1C7
330
1F
100
AcDbEntity
  8
0
100
AcDbHatch
 10
0.0
 20
0.0
 30
0.0
210
0.0
220
0.0
230
1.0
  2
SOLID
 70
     1
 71
     0
 91
        1
 92
       19
 72
     0
 73
     1
 93
        4
 10
-4745416.878390847
 20
-1987871.845093377
 10
-4723710.848865092
 20
-1974403.245572511
 10
-4749255.983114963
 20
-1974371.512586058
 10
-4747336.430752905
 20
-1981121.678839718
 97
        0
 75
     0
 76
     1
 98
        0
1001
ACAD
1010
-4749255.983114963
1020
-1987871.845093377
1030
0.0
  0
LWPOLYLINE
  5
1C8
330
1F
100
AcDbEntity
  8
0
100
AcDbPolyline
 90
        5
 70
     0
 43
0.0
 10
-4745416.878390847
 20
-1987871.845093377
 10
-4723710.848865092
 20
-1974403.245572511
 10
-4749255.983114963
 20
-1974371.512586058
 10
-4747336.430752905
 20
-1981121.678839718
 10
-4745416.878390847
 20
-1987871.845093377
  0
MTEXT
  5
1C9
330
1F
100
AcDbEntity
  8
0
100
AcDbMText
 10
-4551830.648030145
 20
-2269562.195325821
 30
0.0
 40
24000.0
 41
160061.2583939442
 46
49149.95499549954
 71
     1
 72
     1
  1
审{\fￋￎￌ￥|b0|i0|c134|p0;    }核
  7
宋体
 73
     1
 44
1.0
1001
ACAD
1000
ACAD_MTEXT_DEFINED_HEIGHT_BEGIN
1070
    46
1040
49149.95499549954
1000
ACAD_MTEXT_DEFINED_HEIGHT_END
  0
LINE
  5
1CA
330
1F
100
AcDbEntity
  8
0
  6
Continuous
100
AcDbLine
 10
-4362384.091385819
 20
-1561847.486833882
 30
0.0
 11
-4384894.96095095
 21
-1536085.030921962
 31
0.0
  0
LINE
  5
1CB
330
1F
100
AcDbEntity
  8
0
  6
Continuous
100
AcDbLine
 10
-4366468.110666501
 20
-1566492.141908487
 30
0.0
 11
-4371374.325828133
 21
-1560877.247671275
 31
0.0
  0
ARC
  5
1CC
330
1F
100
AcDbEntity
  8
0
  6
Continuous
100
AcDbCircle
 10
-4378300.747232788
 20
-1552950.338159914
 30
0.0
 40
10526.69026219379
100
AcDbArc
 50
131.1465015808172
 51
311.1465015808172
  0
LINE
  5
1CD
330
1F
100
AcDbEntity
  8
0
  6
Continuous
100
AcDbLine
 10
-4385227.168637444
 20
-1545023.428648555
 30
0.0
 11
-4388978.980231633
 21
-1540729.685996568
 31
0.0
  0
MTEXT
  5
1CE
330
1F
100
AcDbEntity
  8
0
100
AcDbMText
 10
-4587593.894578424
 20
-680443.6990421345
 30
0.0
 40
12000.0
 41
87776.777678
 46
24574.97749774977
 71
     1
 72
     1
  1
3909{\fￋￎￌ￥|b0|i0|c134|p0;m\fISOCPEUR|b0|i0|c134|p34;³\fￋￎￌ￥|b0|i0|c134|p0;/min}
  7
宋体
 11
0.8683057093485351
 21
-0.4960294296841038
 31
0.0
 73
     1
 44
1.0
1001
ACAD
1000
ACAD_MTEXT_DEFINED_HEIGHT_BEGIN
1070
    46
1040
24574.97749774977
1000
ACAD_MTEXT_DEFINED_HEIGHT_END
  0
MTEXT
  5
1CF
330
1F
100
AcDbEntity
  8
0
100
AcDbMText
 10
-4142132.838457889
 20
-1102308.142916193
 30
0.0
 40
12000.0
 41
87776.777678
 46
24574.97749774977
 71
     1
 72
     1
  1
{\fￋￎￌ￥|b0|i0|c134|p0;7664m\fISOCPEUR|b0|i0|c134|p34;³\fￋￎￌ￥|b0|i0|c134|p0;/min}
  7
宋体
 11
0.4734535690290997
 21
-0.8808187770328284
 31
0.0
 73
     1
 44
1.0
1001
ACAD
1000
ACAD_MTEXT_DEFINED_HEIGHT_BEGIN
1070
    46
1040
24574.97749774977
1000
ACAD_MTEXT_DEFINED_HEIGHT_END
  0
LINE
  5
1D0
330
1F
100
AcDbEntity
  8
0
  6
Continuous
100
AcDbLine
 10
-5126686.509973835
 20
-1837668.338138807
 30
0.0
 11
-5129577.079145501
 21
-1803578.92639475
 31
0.0
  0
LINE
  5
1D1
330
1F
100
AcDbEntity
  8
0
  6
Continuous
100
AcDbLine
 10
-5132727.628338723
 20
-1838993.827915629
 30
0.0
 11
-5133357.62418383
 21
-1831564.084330386
 31
0.0
  0
ARC
  5
1D2
330
1F
100
AcDbEntity
  8
0
  6
Continuous
100
AcDbCircle
 10
-5134247.030082803
 20
-1821075.034562984
 30
0.0
 40
10526.69026219379
100
AcDbArc
 50
94.84673041783633
 51
274.8467304178363
  0
LINE
  5
1D3
330
1F
100
AcDbEntity
  8
0
  6
Continuous
100
AcDbLine
 10
-5135136.435981778
 20
-1810585.984795583
 30
0.0
 11
-5135618.19751039
 21
-1804904.416171574
 31
0.0
  0
LINE
  5
1D4
330
1F
100
AcDbEntity
  8
0
  6
Continuous
100
AcDbLine
 10
-4315115.038652784
 20
-1161404.506770181
 30
0.0
 11
-4151032.4343375
 21
-1174150.682719953
 31
0.0
  0
MTEXT
  5
1D5
330
1F
100
AcDbEntity
  8
0
100
AcDbMText
 10
-4318545.356397264
 20
-1146888.70761174
 30
0.0
 40
12000.0
 41
125480.8015324774
 46
24574.97749774978
 71
     1
 72
     1
  1
{\fￋￎￌ￥|b0|i0|c134|p0;15405}高抽系统
  7
宋体
 11
0.998562173295552
 21
-0.05360583982425815
 31
0.0
 73
     1
 44
1.0
1001
ACAD
1000
ACAD_MTEXT_DEFINED_HEIGHT_BEGIN
1070
    46
1040
24574.97749774978
1000
ACAD_MTEXT_DEFINED_HEIGHT_END
  0
HATCH
  5
1D6
330
1F
100
AcDbEntity
  8
0
100
AcDbHatch
 10
0.0
 20
0.0
 30
0.0
210
0.0
220
0.0
230
1.0
  2
SOLID
 70
     1
 71
     0
 91
        1
 92
       19
 72
     0
 73
     1
 93
        4
 10
-4190982.766524662
 20
-1178995.265851066
 10
-4166102.655027234
 20
-1173204.329596716
 10
-4190286.640546218
 20
-1164976.952417808
 10
-4190634.703535439
 20
-1171986.109134437
 97
        0
 75
     0
 76
     1
 98
        0
1001
ACAD
1010
-4190982.766524662
1020
-1178995.265851066
1030
0.0
  0
LWPOLYLINE
  5
1D7
330
1F
100
AcDbEntity
  8
0
100
AcDbPolyline
 90
        5
 70
     0
 43
0.0
 10
-4190982.766524662
 20
-1178995.265851066
 10
-4166102.655027234
 20
-1173204.329596716
 10
-4190286.640546218
 20
-1164976.952417808
 10
-4190634.703535439
 20
-1171986.109134437
 10
-4190982.766524662
 20
-1178995.265851066
  0
MTEXT
  5
1D8
330
1F
100
AcDbEntity
  8
0
100
AcDbMText
 10
-4276352.689279908
 20
-1162482.978133727
 30
0.0
 40
12000.0
 41
78999.09991
 46
24574.97749774977
 71
     1
 72
     1
  1
\pxsm0.96,ql;\fￋￎￌ￥|b0|i0;185m³/min\fￋￎￌ￥|b0|i0;\P
  7
宋体
 11
0.9952083746357233
 21
-0.09777674086878679
 31
0.0
 73
     1
 44
1.0
1001
ACAD
1000
ACAD_MTEXT_DEFINED_HEIGHT_BEGIN
1070
    46
1040
24574.97749774977
1000
ACAD_MTEXT_DEFINED_HEIGHT_END
  0
ARC
  5
1D9
330
1F
100
AcDbEntity
  8
0
  6
Continuous
100
AcDbCircle
 10
-4984877.893165801
 20
-804894.1552518016
 30
0.0
 40
1001490.626376872
100
AcDbArc
 50
219.3237641828465
 51
278.2447009142773
  0
MTEXT
  5
1DA
330
1F
100
AcDbEntity
  8
0
100
AcDbMText
 10
-5629204.519694523
 20
-1574619.345310996
 30
0.0
 40
12000.0
 41
135783.2527745929
 46
24574.97749774978
 71
     1
 72
     1
  1
{\fￋￎￌ￥|b0|i0|c134|p0;8#}煤西翼皮带巷\P681{\fￋￎￌ￥|b0|i0|c134|p0;m\fISOCPEUR|b0|i0|c134|p34;³\fￋￎￌ￥|b0|i0|c134|p0;/min}
  7
宋体
 11
0.8110274717794171
 21
-0.5850080683367425
 31
0.0
 73
     1
 44
1.0
1001
ACAD
1000
ACAD_MTEXT_DEFINED_HEIGHT_BEGIN
1070
    46
1040
24574.97749774978
1000
ACAD_MTEXT_DEFINED_HEIGHT_END
  0
HATCH
  5
1DB
330
1F
100
AcDbEntity
  8
0
100
AcDbHatch
 10
0.0
 20
0.0
 30
0.0
210
0.0
220
0.0
230
1.0
  2
SOLID
 70
     1
 71
     0
 91
        1
 92
       19
 72
     0
 73
     1
 93
        4
 10
-5510083.447157493
 20
-1706756.457253845
 10
-5505828.703747636
 20
-1681568.125642903
 10
-5522748.26485235
 20
-1700706.655963968
 10
-5516415.856004921
 20
-1703731.556608905
 97
        0
 75
     0
 76
     1
 98
        0
1001
ACAD
1010
-5522748.26485235
1020
-1706756.457253845
1030
0.0
  0
LWPOLYLINE
  5
1DC
330
1F
100
AcDbEntity
  8
0
100
AcDbPolyline
 90
        5
 70
     0
 43
0.0
 10
-5510083.447157493
 20
-1706756.457253845
 10
-5505828.703747636
 20
-1681568.125642903
 10
-5522748.26485235
 20
-1700706.655963968
 10
-5516415.856004921
 20
-1703731.556608905
 10
-5510083.447157493
 20
-1706756.457253845
  0
ARC
  5
1DD
330
1F
100
AcDbEntity
  8
0
  6
Continuous
100
AcDbCircle
 10
-4830232.912766475
 20
-1794373.010386176
 30
0.0
 40
11154.49561672277
100
AcDbArc
 50
9.201937269911182
 51
188.5637796994867
  0
ARC
  5
1DE
330
1F
100
AcDbEntity
  8
0
  6
Continuous
100
AcDbCircle
 10
-4977408.570785171
 20
-826139.0354688022
 30
0.0
 40
979310.47562933
100
AcDbArc
 50
279.2956300890532
 51
319.3694834256023
  0
LINE
  5
1DF
330
1F
100
AcDbEntity
  8
0
  6
Continuous
100
AcDbLine
 10
-5526052.800542602
 20
-1727476.715374244
 30
0.0
 11
-5498624.872501611
 21
-1664572.883582374
 31
0.0
  0
MTEXT
  5
1E0
330
1F
100
AcDbEntity
  8
0
100
AcDbMText
 10
-5502949.824619192
 20
-1687651.380011482
 30
0.0
 40
12000.0
 41
193089.108911
 46
24574.97749774977
 71
     1
 72
     1
  1
\pxsm0.96,ql;\fￋￎￌ￥|b0|i0;西翼皮带巷通轨道巷横贯\fￋￎￌ￥|b0|i0;\P
  7
宋体
 11
0.9196981915615152
 21
-0.392626077124888
 31
0.0
 73
     1
 44
1.0
1001
ACAD
1000
ACAD_MTEXT_DEFINED_HEIGHT_BEGIN
1070
    46
1040
24574.97749774977
1000
ACAD_MTEXT_DEFINED_HEIGHT_END
  0
HATCH
  5
1E1
330
1F
100
AcDbEntity
  8
0
100
AcDbHatch
 10
0.0
 20
0.0
 30
0.0
210
0.0
220
0.0
230
1.0
  2
SOLID
 70
     1
 71
     0
 91
        1
 92
       19
 72
     0
 73
     1
 93
        4
 10
-5274225.118738613
 20
-1772060.150616052
 10
-5248686.438163203
 20
-1771485.098189209
 10
-5270674.024839527
 20
-1758481.21711556
 10
-5272449.571789069
 20
-1765270.683865806
 97
        0
 75
     0
 76
     1
 98
        0
1001
ACAD
1010
-5274225.118738613
1020
-1772060.150616052
1030
0.0
  0
LWPOLYLINE
  5
1E2
330
1F
100
AcDbEntity
  8
0
100
AcDbPolyline
 90
        5
 70
     0
 43
0.0
 10
-5274225.118738613
 20
-1772060.150616052
 10
-5248686.438163203
 20
-1771485.098189209
 10
-5270674.024839527
 20
-1758481.21711556
 10
-5272449.571789069
 20
-1765270.683865806
 10
-5274225.118738613
 20
-1772060.150616052
  0
ARC
  5
1E3
330
1F
100
AcDbEntity
  8
0
  6
Continuous
100
AcDbCircle
 10
-4039906.272149201
 20
-1932902.504661766
 30
0.0
 40
1896225.979934999
100
AcDbArc
 50
126.7079575403765
 51
135.767676953882
  0
MTEXT
  5
1E4
330
1F
100
AcDbEntity
  8
0
100
AcDbMText
 10
-5409899.718555977
 20
-597970.6520167445
 30
0.0
 40
11999.99999999999
 41
162601.6264104495
 46
24574.97749774976
 71
     1
 72
     1
  1
{\fￋￎￌ￥|b0|i0|c134|p0;15401}回风顺槽横贯
  7
宋体
 11
0.7210039514104558
 21
0.6929309504203929
 31
0.0
 73
     1
 44
1.0
1001
ACAD
1000
ACAD_MTEXT_DEFINED_HEIGHT_BEGIN
1070
    46
1040
24574.97749774976
1000
ACAD_MTEXT_DEFINED_HEIGHT_END
  0
MTEXT
  5
1E5
330
1F
100
AcDbEntity
  8
0
100
AcDbMText
 10
-5284484.174598954
 20
-483881.7153082336
 30
0.0
 40
12000.0
 41
78999.09991
 46
24574.97749774977
 71
     1
 72
     1
  1
{\fￋￎￌ￥|b0|i0|c134|p0;238m\fISOCPEUR|b0|i0|c134|p34;³\fￋￎￌ￥|b0|i0|c134|p0;/min}
  7
宋体
 11
0.6873451144799664
 21
0.7263309807522478
 31
0.0
 73
     1
 44
1.0
1001
ACAD
1000
ACAD_MTEXT_DEFINED_HEIGHT_BEGIN
1070
    46
1040
24574.97749774977
1000
ACAD_MTEXT_DEFINED_HEIGHT_END
  0
MTEXT
  5
1E6
330
1F
100
AcDbEntity
  8
0
100
AcDbMText
 10
-5507330.230907864
 20
-653793.2125553037
 30
0.0
 40
12000.0
 41
8777.677768
 46
24574.97749774977
 71
     1
 72
     1
  1
\pxsm0.96,ql;1\P
  7
宋体
 11
0.9770420180166041
 21
0.2130466968296905
 31
0.0
 73
     1
 44
1.0
1001
ACAD
1000
ACAD_MTEXT_DEFINED_HEIGHT_BEGIN
1070
    46
1040
24574.97749774977
1000
ACAD_MTEXT_DEFINED_HEIGHT_END
  0
MTEXT
  5
1E7
330
1F
100
AcDbEntity
  8
0
100
AcDbMText
 10
-5488505.298062033
 20
-644387.3339979197
 30
0.0
 40
12000.0
 41
8777.677768
 46
24574.97749774977
 71
     1
 72
     1
  1
\pxsm0.96,ql;2\P
  7
宋体
 11
0.9770420180166041
 21
0.2130466968296905
 31
0.0
 73
     1
 44
1.0
1001
ACAD
1000
ACAD_MTEXT_DEFINED_HEIGHT_BEGIN
1070
    46
1040
24574.97749774977
1000
ACAD_MTEXT_DEFINED_HEIGHT_END
  0
MTEXT
  5
1E8
330
1F
100
AcDbEntity
  8
0
100
AcDbMText
 10
-5446616.572239644
 20
-627591.1577688004
 30
0.0
 40
12000.0
 41
8777.677768
 46
24574.97749774977
 71
     1
 72
     1
  1
\pxsm0.96,ql;3\P
  7
宋体
 11
0.9770420180166041
 21
0.2130466968296905
 31
0.0
 73
     1
 44
1.0
1001
ACAD
1000
ACAD_MTEXT_DEFINED_HEIGHT_BEGIN
1070
    46
1040
24574.97749774977
1000
ACAD_MTEXT_DEFINED_HEIGHT_END
  0
MTEXT
  5
1E9
330
1F
100
AcDbEntity
  8
0
100
AcDbMText
 10
-5398305.030225522
 20
-612856.4986222233
 30
0.0
 40
12000.0
 41
8777.677768
 46
24574.97749774977
 71
     1
 72
     1
  1
\pxsm0.96,ql;4\P
  7
宋体
 11
0.9770420180166041
 21
0.2130466968296905
 31
0.0
 73
     1
 44
1.0
1001
ACAD
1000
ACAD_MTEXT_DEFINED_HEIGHT_BEGIN
1070
    46
1040
24574.97749774977
1000
ACAD_MTEXT_DEFINED_HEIGHT_END
  0
MTEXT
  5
1EA
330
1F
100
AcDbEntity
  8
0
100
AcDbMText
 10
-4791487.910714692
 20
-626607.7941346313
 30
0.0
 40
12000.0
 41
8777.677768
 46
24574.97749774977
 71
     1
 72
     1
  1
\pxsm0.96,ql;6\P
  7
宋体
 11
0.9770420180166041
 21
0.2130466968296905
 31
0.0
 73
     1
 44
1.0
1001
ACAD
1000
ACAD_MTEXT_DEFINED_HEIGHT_BEGIN
1070
    46
1040
24574.97749774977
1000
ACAD_MTEXT_DEFINED_HEIGHT_END
  0
MTEXT
  5
1EB
330
1F
100
AcDbEntity
  8
0
100
AcDbMText
 10
-4750220.347039348
 20
-634397.1520470227
 30
0.0
 40
12000.0
 41
8777.677768
 46
24574.97749774977
 71
     1
 72
     1
  1
\pxsm0.96,ql;7\P
  7
宋体
 11
0.9770420180166041
 21
0.2130466968296905
 31
0.0
 73
     1
 44
1.0
1001
ACAD
1000
ACAD_MTEXT_DEFINED_HEIGHT_BEGIN
1070
    46
1040
24574.97749774977
1000
ACAD_MTEXT_DEFINED_HEIGHT_END
  0
MTEXT
  5
1EC
330
1F
100
AcDbEntity
  8
0
100
AcDbMText
 10
-4183399.031053907
 20
-1123844.982601806
 30
0.0
 40
12000.0
 41
17555.355536
 46
24574.97749774977
 71
     1
 72
     1
  1
\pxsm0.96,ql;9\P
  7
宋体
 11
0.9770420180166041
 21
0.2130466968296905
 31
0.0
 73
     1
 44
1.0
1001
ACAD
1000
ACAD_MTEXT_DEFINED_HEIGHT_BEGIN
1070
    46
1040
24574.97749774977
1000
ACAD_MTEXT_DEFINED_HEIGHT_END
  0
MTEXT
  5
1ED
330
1F
100
AcDbEntity
  8
0
100
AcDbMText
 10
-4172988.389374144
 20
-1146805.606272056
 30
0.0
 40
12000.0
 41
17555.355536
 46
24574.97749774977
 71
     1
 72
     1
  1
\pxsm0.96,ql;\fￋￎￌ￥|b0|i0;10\fￋￎￌ￥|b0|i0;\P
  7
宋体
 11
0.9770420180166041
 21
0.2130466968296905
 31
0.0
 73
     1
 44
1.0
1001
ACAD
1000
ACAD_MTEXT_DEFINED_HEIGHT_BEGIN
1070
    46
1040
24574.97749774977
1000
ACAD_MTEXT_DEFINED_HEIGHT_END
  0
MTEXT
  5
1EE
330
1F
100
AcDbEntity
  8
0
100
AcDbMText
 10
-4154064.482118017
 20
-1175444.596557125
 30
0.0
 40
12000.0
 41
17555.355536
 46
24574.97749774977
 71
     1
 72
     1
  1
\pxsm0.96,ql;\fￋￎￌ￥|b0|i0;11\fￋￎￌ￥|b0|i0;\P
  7
宋体
 11
0.9770420180166041
 21
0.2130466968296905
 31
0.0
 73
     1
 44
1.0
1001
ACAD
1000
ACAD_MTEXT_DEFINED_HEIGHT_BEGIN
1070
    46
1040
24574.97749774977
1000
ACAD_MTEXT_DEFINED_HEIGHT_END
  0
MTEXT
  5
1EF
330
1F
100
AcDbEntity
  8
0
100
AcDbMText
 10
-5712169.136825926
 20
-803550.3285360183
 30
0.0
 40
12000.0
 41
17555.355536
 46
24574.97749774977
 71
     1
 72
     1
  1
\pxsm0.96,ql;\fￋￎￌ￥|b0|i0;12\fￋￎￌ￥|b0|i0;\P
  7
宋体
 11
0.9770420180166041
 21
0.2130466968296905
 31
0.0
 73
     1
 44
1.0
1001
ACAD
1000
ACAD_MTEXT_DEFINED_HEIGHT_BEGIN
1070
    46
1040
24574.97749774977
1000
ACAD_MTEXT_DEFINED_HEIGHT_END
  0
MTEXT
  5
1F0
330
1F
100
AcDbEntity
  8
0
100
AcDbMText
 10
-4554935.770865626
 20
-768336.0503039802
 30
0.0
 40
12000.0
 41
17555.355536
 46
24574.97749774977
 71
     1
 72
     1
  1
\pxsm0.96,ql;\fￋￎￌ￥|b0|i0;16\fￋￎￌ￥|b0|i0;\P
  7
宋体
 11
0.9770420180166041
 21
0.2130466968296905
 31
0.0
 73
     1
 44
1.0
1001
ACAD
1000
ACAD_MTEXT_DEFINED_HEIGHT_BEGIN
1070
    46
1040
24574.97749774977
1000
ACAD_MTEXT_DEFINED_HEIGHT_END
  0
MTEXT
  5
1F1
330
1F
100
AcDbEntity
  8
0
100
AcDbMText
 10
-4492244.646215326
 20
-826100.5337531115
 30
0.0
 40
12000.0
 41
17555.355536
 46
24574.97749774977
 71
     1
 72
     1
  1
\pxsm0.96,ql;\fￋￎￌ￥|b0|i0;17\fￋￎￌ￥|b0|i0;\P
  7
宋体
 11
0.9770420180166041
 21
0.2130466968296905
 31
0.0
 73
     1
 44
1.0
1001
ACAD
1000
ACAD_MTEXT_DEFINED_HEIGHT_BEGIN
1070
    46
1040
24574.97749774977
1000
ACAD_MTEXT_DEFINED_HEIGHT_END
  0
MTEXT
  5
1F2
330
1F
100
AcDbEntity
  8
0
100
AcDbMText
 10
-4463824.923110481
 20
-861458.8050773743
 30
0.0
 40
12000.0
 41
17555.355536
 46
24574.97749774977
 71
     1
 72
     1
  1
\pxsm0.96,ql;\fￋￎￌ￥|b0|i0;18\fￋￎￌ￥|b0|i0;\P
  7
宋体
 11
0.9770420180166041
 21
0.2130466968296905
 31
0.0
 73
     1
 44
1.0
1001
ACAD
1000
ACAD_MTEXT_DEFINED_HEIGHT_BEGIN
1070
    46
1040
24574.97749774977
1000
ACAD_MTEXT_DEFINED_HEIGHT_END
  0
MTEXT
  5
1F3
330
1F
100
AcDbEntity
  8
0
100
AcDbMText
 10
-5590416.315809495
 20
-812398.6191759552
 30
0.0
 40
12000.0
 41
17555.355536
 46
24574.97749774977
 71
     1
 72
     1
  1
\pxsm0.96,ql;\fￋￎￌ￥|b0|i0;13\fￋￎￌ￥|b0|i0;\P
  7
宋体
 11
0.9770420180166041
 21
0.2130466968296905
 31
0.0
 73
     1
 44
1.0
1001
ACAD
1000
ACAD_MTEXT_DEFINED_HEIGHT_BEGIN
1070
    46
1040
24574.97749774977
1000
ACAD_MTEXT_DEFINED_HEIGHT_END
  0
MTEXT
  5
1F4
330
1F
100
AcDbEntity
  8
0
100
AcDbMText
 10
-5459024.533164854
 20
-843942.5854528701
 30
0.0
 40
12000.0
 41
17555.355536
 46
24574.97749774977
 71
     1
 72
     1
  1
\pxsm0.96,ql;14\P
  7
宋体
 11
0.9770420180166041
 21
0.2130466968296905
 31
0.0
 73
     1
 44
1.0
1001
ACAD
1000
ACAD_MTEXT_DEFINED_HEIGHT_BEGIN
1070
    46
1040
24574.97749774977
1000
ACAD_MTEXT_DEFINED_HEIGHT_END
  0
MTEXT
  5
1F5
330
1F
100
AcDbEntity
  8
0
100
AcDbMText
 10
-5353108.671294815
 20
-834077.2124593104
 30
0.0
 40
12000.0
 41
17555.355536
 46
24574.97749774977
 71
     1
 72
     1
  1
\pxsm0.96,ql;20\P
  7
宋体
 11
0.9770420180166041
 21
0.2130466968296905
 31
0.0
 73
     1
 44
1.0
1001
ACAD
1000
ACAD_MTEXT_DEFINED_HEIGHT_BEGIN
1070
    46
1040
24574.97749774977
1000
ACAD_MTEXT_DEFINED_HEIGHT_END
  0
MTEXT
  5
1F6
330
1F
100
AcDbEntity
  8
0
100
AcDbMText
 10
-5311960.771304835
 20
-861662.4430074383
 30
0.0
 40
12000.0
 41
17555.355536
 46
24574.97749774977
 71
     1
 72
     1
  1
\pxsm0.96,ql;\fￋￎￌ￥|b0|i0;22\fￋￎￌ￥|b0|i0;\P
  7
宋体
 11
0.9770420180166041
 21
0.2130466968296905
 31
0.0
 73
     1
 44
1.0
1001
ACAD
1000
ACAD_MTEXT_DEFINED_HEIGHT_BEGIN
1070
    46
1040
24574.97749774977
1000
ACAD_MTEXT_DEFINED_HEIGHT_END
  0
MTEXT
  5
1F7
330
1F
100
AcDbEntity
  8
0
100
AcDbMText
 10
-5261461.666471071
 20
-839386.2493356313
 30
0.0
 40
12000.0
 41
17555.355536
 46
24574.97749774977
 71
     1
 72
     1
  1
\pxsm0.96,ql;\fￋￎￌ￥|b0|i0;23\fￋￎￌ￥|b0|i0;\P
  7
宋体
 11
0.9770420180166041
 21
0.2130466968296905
 31
0.0
 73
     1
 44
1.0
1001
ACAD
1000
ACAD_MTEXT_DEFINED_HEIGHT_BEGIN
1070
    46
1040
24574.97749774977
1000
ACAD_MTEXT_DEFINED_HEIGHT_END
  0
MTEXT
  5
1F8
330
1F
100
AcDbEntity
  8
0
100
AcDbMText
 10
-5221604.222070614
 20
-847063.4942530259
 30
0.0
 40
12000.0
 41
17555.355536
 46
24574.97749774977
 71
     1
 72
     1
  1
\pxsm0.96,ql;\fￋￎￌ￥|b0|i0;24\fￋￎￌ￥|b0|i0;\P
  7
宋体
 11
0.9770420180166041
 21
0.2130466968296905
 31
0.0
 73
     1
 44
1.0
1001
ACAD
1000
ACAD_MTEXT_DEFINED_HEIGHT_BEGIN
1070
    46
1040
24574.97749774977
1000
ACAD_MTEXT_DEFINED_HEIGHT_END
  0
MTEXT
  5
1F9
330
1F
100
AcDbEntity
  8
0
100
AcDbMText
 10
-5609822.265101201
 20
-980059.8343659634
 30
0.0
 40
12000.0
 41
17555.355536
 46
24574.97749774977
 71
     1
 72
     1
  1
\pxsm0.96,ql;\fￋￎￌ￥|b0|i0;25\fￋￎￌ￥|b0|i0;\P
  7
宋体
 11
0.9770420180166041
 21
0.2130466968296905
 31
0.0
 73
     1
 44
1.0
1001
ACAD
1000
ACAD_MTEXT_DEFINED_HEIGHT_BEGIN
1070
    46
1040
24574.97749774977
1000
ACAD_MTEXT_DEFINED_HEIGHT_END
  0
MTEXT
  5
1FA
330
1F
100
AcDbEntity
  8
0
100
AcDbMText
 10
-5206287.098428017
 20
-1001919.924545988
 30
0.0
 40
12000.0
 41
17555.355536
 46
24574.97749774977
 71
     1
 72
     1
  1
\pxsm0.96,ql;\fￋￎￌ￥|b0|i0;26\fￋￎￌ￥|b0|i0;\P
  7
宋体
 11
0.9770420180166041
 21
0.2130466968296905
 31
0.0
 73
     1
 44
1.0
1001
ACAD
1000
ACAD_MTEXT_DEFINED_HEIGHT_BEGIN
1070
    46
1040
24574.97749774977
1000
ACAD_MTEXT_DEFINED_HEIGHT_END
  0
MTEXT
  5
1FB
330
1F
100
AcDbEntity
  8
0
100
AcDbMText
 10
-4323575.022124714
 20
-1170802.196734324
 30
0.0
 40
12000.0
 41
17555.355536
 46
24574.97749774977
 71
     1
 72
     1
  1
\pxsm0.96,ql;\fￋￎￌ￥|b0|i0;27\fￋￎￌ￥|b0|i0;\P
  7
宋体
 11
0.9770420180166041
 21
0.2130466968296905
 31
0.0
 73
     1
 44
1.0
1001
ACAD
1000
ACAD_MTEXT_DEFINED_HEIGHT_BEGIN
1070
    46
1040
24574.97749774977
1000
ACAD_MTEXT_DEFINED_HEIGHT_END
  0
MTEXT
  5
1FC
330
1F
100
AcDbEntity
  8
0
100
AcDbMText
 10
-5803161.810825891
 20
-1199401.816844239
 30
0.0
 40
12000.0
 41
17555.355536
 46
24574.97749774977
 71
     1
 72
     1
  1
\pxsm0.96,ql;\fￋￎￌ￥|b0|i0;28\fￋￎￌ￥|b0|i0;\P
  7
宋体
 11
0.9770420180166041
 21
0.2130466968296905
 31
0.0
 73
     1
 44
1.0
1001
ACAD
1000
ACAD_MTEXT_DEFINED_HEIGHT_BEGIN
1070
    46
1040
24574.97749774977
1000
ACAD_MTEXT_DEFINED_HEIGHT_END
  0
MTEXT
  5
1FD
330
1F
100
AcDbEntity
  8
0
100
AcDbMText
 10
-5648243.398049719
 20
-1078688.172829315
 30
0.0
 40
12000.0
 41
17555.355536
 46
24574.97749774977
 71
     1
 72
     1
  1
\pxsm0.96,ql;29\P
  7
宋体
 11
0.9770420180166041
 21
0.2130466968296905
 31
0.0
 73
     1
 44
1.0
1001
ACAD
1000
ACAD_MTEXT_DEFINED_HEIGHT_BEGIN
1070
    46
1040
24574.97749774977
1000
ACAD_MTEXT_DEFINED_HEIGHT_END
  0
MTEXT
  5
1FE
330
1F
100
AcDbEntity
  8
0
100
AcDbMText
 10
-5494247.280149109
 20
-1439787.982463821
 30
0.0
 40
12000.0
 41
17555.355536
 46
24574.97749774977
 71
     1
 72
     1
  1
\pxsm0.96,ql;\fￋￎￌ￥|b0|i0;30\fￋￎￌ￥|b0|i0;\P
  7
宋体
 11
0.9770420180166041
 21
0.2130466968296905
 31
0.0
 73
     1
 44
1.0
1001
ACAD
1000
ACAD_MTEXT_DEFINED_HEIGHT_BEGIN
1070
    46
1040
24574.97749774977
1000
ACAD_MTEXT_DEFINED_HEIGHT_END
  0
MTEXT
  5
1FF
330
1F
100
AcDbEntity
  8
0
100
AcDbMText
 10
-5373583.177646286
 20
-1469552.616051092
 30
0.0
 40
12000.0
 41
17555.355536
 46
24574.97749774977
 71
     1
 72
     1
  1
\pxsm0.96,ql;\fￋￎￌ￥|b0|i0;31\fￋￎￌ￥|b0|i0;\P
  7
宋体
 11
0.9770420180166041
 21
0.2130466968296905
 31
0.0
 73
     1
 44
1.0
1001
ACAD
1000
ACAD_MTEXT_DEFINED_HEIGHT_BEGIN
1070
    46
1040
24574.97749774977
1000
ACAD_MTEXT_DEFINED_HEIGHT_END
  0
MTEXT
  5
200
330
1F
100
AcDbEntity
  8
0
100
AcDbMText
 10
-5201834.349678523
 20
-1493827.297433242
 30
0.0
 40
12000.0
 41
17555.355536
 46
24574.97749774977
 71
     1
 72
     1
  1
\pxsm0.96,ql;\fￋￎￌ￥|b0|i0;32\fￋￎￌ￥|b0|i0;\P
  7
宋体
 11
0.9770420180166041
 21
0.2130466968296905
 31
0.0
 73
     1
 44
1.0
1001
ACAD
1000
ACAD_MTEXT_DEFINED_HEIGHT_BEGIN
1070
    46
1040
24574.97749774977
1000
ACAD_MTEXT_DEFINED_HEIGHT_END
  0
MTEXT
  5
201
330
1F
100
AcDbEntity
  8
0
100
AcDbMText
 10
-5004730.968484166
 20
-1478949.580929613
 30
0.0
 40
12000.0
 41
17555.355536
 46
24574.97749774977
 71
     1
 72
     1
  1
\pxsm0.96,ql;\fￋￎￌ￥|b0|i0;33\fￋￎￌ￥|b0|i0;\P
  7
宋体
 11
0.9770420180166041
 21
0.2130466968296905
 31
0.0
 73
     1
 44
1.0
1001
ACAD
1000
ACAD_MTEXT_DEFINED_HEIGHT_BEGIN
1070
    46
1040
24574.97749774977
1000
ACAD_MTEXT_DEFINED_HEIGHT_END
  0
MTEXT
  5
202
330
1F
100
AcDbEntity
  8
0
100
AcDbMText
 10
-4800771.710404224
 20
-1491346.039012029
 30
0.0
 40
12000.0
 41
17555.355536
 46
24574.97749774977
 71
     1
 72
     1
  1
\pxsm0.96,ql;\fￋￎￌ￥|b0|i0;34\fￋￎￌ￥|b0|i0;\P
  7
宋体
 11
0.9770420180166041
 21
0.2130466968296905
 31
0.0
 73
     1
 44
1.0
1001
ACAD
1000
ACAD_MTEXT_DEFINED_HEIGHT_BEGIN
1070
    46
1040
24574.97749774977
1000
ACAD_MTEXT_DEFINED_HEIGHT_END
  0
MTEXT
  5
203
330
1F
100
AcDbEntity
  8
0
100
AcDbMText
 10
-4624782.378811366
 20
-1459133.580406323
 30
0.0
 40
12000.0
 41
17555.355536
 46
24574.97749774977
 71
     1
 72
     1
  1
\pxsm0.96,ql;\fￋￎￌ￥|b0|i0;35\fￋￎￌ￥|b0|i0;\P
  7
宋体
 11
0.9770420180166041
 21
0.2130466968296905
 31
0.0
 73
     1
 44
1.0
1001
ACAD
1000
ACAD_MTEXT_DEFINED_HEIGHT_BEGIN
1070
    46
1040
24574.97749774977
1000
ACAD_MTEXT_DEFINED_HEIGHT_END
  0
MTEXT
  5
204
330
1F
100
AcDbEntity
  8
0
100
AcDbMText
 10
-4462990.240260168
 20
-1397833.434764345
 30
0.0
 40
12000.0
 41
17555.355536
 46
24574.97749774977
 71
     1
 72
     1
  1
\pxsm0.96,ql;\fￋￎￌ￥|b0|i0;36\fￋￎￌ￥|b0|i0;\P
  7
宋体
 11
0.9770420180166041
 21
0.2130466968296905
 31
0.0
 73
     1
 44
1.0
1001
ACAD
1000
ACAD_MTEXT_DEFINED_HEIGHT_BEGIN
1070
    46
1040
24574.97749774977
1000
ACAD_MTEXT_DEFINED_HEIGHT_END
  0
MTEXT
  5
205
330
1F
100
AcDbEntity
  8
0
100
AcDbMText
 10
-5758209.099938995
 20
-1423958.984811142
 30
0.0
 40
12000.0
 41
17555.355536
 46
24574.97749774977
 71
     1
 72
     1
  1
\pxsm0.96,ql;\fￋￎￌ￥|b0|i0;37\fￋￎￌ￥|b0|i0;\P
  7
宋体
 11
0.9770420180166041
 21
0.2130466968296905
 31
0.0
 73
     1
 44
1.0
1001
ACAD
1000
ACAD_MTEXT_DEFINED_HEIGHT_BEGIN
1070
    46
1040
24574.97749774977
1000
ACAD_MTEXT_DEFINED_HEIGHT_END
  0
MTEXT
  5
206
330
1F
100
AcDbEntity
  8
0
100
AcDbMText
 10
-5598175.543007917
 20
-1475339.094416812
 30
0.0
 40
12000.0
 41
17555.355536
 46
24574.97749774977
 71
     1
 72
     1
  1
\pxsm0.96,ql;39\P
  7
宋体
 11
0.9770420180166041
 21
0.2130466968296905
 31
0.0
 73
     1
 44
1.0
1001
ACAD
1000
ACAD_MTEXT_DEFINED_HEIGHT_BEGIN
1070
    46
1040
24574.97749774977
1000
ACAD_MTEXT_DEFINED_HEIGHT_END
  0
MTEXT
  5
207
330
1F
100
AcDbEntity
  8
0
100
AcDbMText
 10
-4422168.602219793
 20
-1456016.781557824
 30
0.0
 40
12000.0
 41
17555.355536
 46
24574.97749774977
 71
     1
 72
     1
  1
\pxsm0.96,ql;\fￋￎￌ￥|b0|i0;41\fￋￎￌ￥|b0|i0;\P
  7
宋体
 11
0.9770420180166041
 21
0.2130466968296905
 31
0.0
 73
     1
 44
1.0
1001
ACAD
1000
ACAD_MTEXT_DEFINED_HEIGHT_BEGIN
1070
    46
1040
24574.97749774977
1000
ACAD_MTEXT_DEFINED_HEIGHT_END
  0
MTEXT
  5
208
330
1F
100
AcDbEntity
  8
0
100
AcDbMText
 10
-4320763.243731633
 20
-1429684.654569577
 30
0.0
 40
12000.0
 41
17555.355536
 46
24574.97749774977
 71
     1
 72
     1
  1
\pxsm0.96,ql;\fￋￎￌ￥|b0|i0;42\fￋￎￌ￥|b0|i0;\P
  7
宋体
 11
0.9770420180166041
 21
0.2130466968296905
 31
0.0
 73
     1
 44
1.0
1001
ACAD
1000
ACAD_MTEXT_DEFINED_HEIGHT_BEGIN
1070
    46
1040
24574.97749774977
1000
ACAD_MTEXT_DEFINED_HEIGHT_END
  0
MTEXT
  5
209
330
1F
100
AcDbEntity
  8
0
100
AcDbMText
 10
-4952829.762721664
 20
-1788230.12454842
 30
0.0
 40
12000.0
 41
17555.355536
 46
24574.97749774977
 71
     1
 72
     1
  1
\pxsm0.96,ql;\fￋￎￌ￥|b0|i0;43\fￋￎￌ￥|b0|i0;\P
  7
宋体
 11
0.9770420180166041
 21
0.2130466968296905
 31
0.0
 73
     1
 44
1.0
1001
ACAD
1000
ACAD_MTEXT_DEFINED_HEIGHT_BEGIN
1070
    46
1040
24574.97749774977
1000
ACAD_MTEXT_DEFINED_HEIGHT_END
  0
MTEXT
  5
20A
330
1F
100
AcDbEntity
  8
0
100
AcDbMText
 10
-5548236.721271462
 20
-1740070.401533648
 30
0.0
 40
12000.0
 41
17555.355536
 46
24574.97749774977
 71
     1
 72
     1
  1
\pxsm0.96,ql;\fￋￎￌ￥|b0|i0;45\fￋￎￌ￥|b0|i0;\P
  7
宋体
 11
0.9770420180166041
 21
0.2130466968296905
 31
0.0
 73
     1
 44
1.0
1001
ACAD
1000
ACAD_MTEXT_DEFINED_HEIGHT_BEGIN
1070
    46
1040
24574.97749774977
1000
ACAD_MTEXT_DEFINED_HEIGHT_END
  0
MTEXT
  5
20B
330
1F
100
AcDbEntity
  8
0
100
AcDbMText
 10
-5503244.054048545
 20
-1673249.059254661
 30
0.0
 40
12000.0
 41
17555.355536
 46
24574.97749774977
 71
     1
 72
     1
  1
\pxsm0.96,ql;\fￋￎￌ￥|b0|i0;44\fￋￎￌ￥|b0|i0;\P
  7
宋体
 11
0.9770420180166041
 21
0.2130466968296905
 31
0.0
 73
     1
 44
1.0
1001
ACAD
1000
ACAD_MTEXT_DEFINED_HEIGHT_BEGIN
1070
    46
1040
24574.97749774977
1000
ACAD_MTEXT_DEFINED_HEIGHT_END
  0
MTEXT
  5
20C
330
1F
100
AcDbEntity
  8
0
100
AcDbMText
 10
-4246784.442864127
 20
-1450890.684325114
 30
0.0
 40
12000.0
 41
17555.355536
 46
24574.97749774977
 71
     1
 72
     1
  1
\pxsm0.96,ql;\fￋￎￌ￥|b0|i0;46\fￋￎￌ￥|b0|i0;\P
  7
宋体
 11
0.9770420180166041
 21
0.2130466968296905
 31
0.0
 73
     1
 44
1.0
1001
ACAD
1000
ACAD_MTEXT_DEFINED_HEIGHT_BEGIN
1070
    46
1040
24574.97749774977
1000
ACAD_MTEXT_DEFINED_HEIGHT_END
  0
LWPOLYLINE
  5
20D
330
1F
100
AcDbEntity
  8
0
  6
Continuous
100
AcDbPolyline
 90
        5
 70
     0
 43
0.0
 10
-3746570.517143131
 20
-2437753.380428732
 10
-6213258.012541056
 20
-2437753.380428732
 10
-6213258.012541056
 20
-355238.9234741926
 10
-3746570.517143131
 20
-355238.9234741926
 10
-3746570.517143131
 20
-2437753.380428732
  0
MTEXT
  5
20E
330
1F
100
AcDbEntity
  8
0
100
AcDbMText
 10
-4292577.147576875
 20
-1328262.289780127
 30
0.0
 40
11999.99999999999
 41
87776.777678
 46
24574.97749774976
 71
     1
 72
     1
  1
{\fￋￎￌ￥|b0|i0|c134|p0;1273m\fISOCPEUR|b0|i0|c134|p34;³\fￋￎￌ￥|b0|i0|c134|p0;/min}
  7
宋体
 11
0.8521344588443917
 21
0.5233229061009808
 31
0.0
 73
     1
 44
1.0
1001
ACAD
1000
ACAD_MTEXT_DEFINED_HEIGHT_BEGIN
1070
    46
1040
24574.97749774976
1000
ACAD_MTEXT_DEFINED_HEIGHT_END
  0
MTEXT
  5
20F
330
1F
100
AcDbEntity
  8
0
100
AcDbMText
 10
-4777499.232162741
 20
-1051862.323171662
 30
0.0
 40
12000.0
 41
78999.09991
 46
24574.97749774976
 71
     1
 72
     1
  1
\pxsm0.96,ql;\fￋￎￌ￥|b0|i0;762m³/min\fￋￎￌ￥|b0|i0;\P
  7
宋体
 11
0.9922811638509539
 21
-0.1240084346590844
 31
0.0
 73
     1
 44
1.0
1001
ACAD
1000
ACAD_MTEXT_DEFINED_HEIGHT_BEGIN
1070
    46
1040
24574.97749774976
1000
ACAD_MTEXT_DEFINED_HEIGHT_END
  0
MTEXT
  5
210
330
1F
100
AcDbEntity
  8
0
100
AcDbMText
 10
-4614154.779203936
 20
-1811294.425636973
 30
0.0
 40
12000.0
 41
175548.154816
 46
24574.97749774977
 71
     1
 72
     1
  1
{\fￋￎￌ￥|b0|i0|c134|p0;8207}抽采巷{\fￋￎￌ￥|b0|i0|c134|p0;1317m\fISOCPEUR|b0|i0|c134|p34;³\fￋￎￌ￥|b0|i0|c134|p0;/min}
  7
宋体
 11
0.8524441554582387
 21
0.5228182875771371
 31
0.0
 73
     1
 44
1.0
1001
ACAD
1000
ACAD_MTEXT_DEFINED_HEIGHT_BEGIN
1070
    46
1040
24574.97749774977
1000
ACAD_MTEXT_DEFINED_HEIGHT_END
  0
ARC
  5
211
330
1F
100
AcDbEntity
  8
0
  6
Continuous
100
AcDbCircle
 10
-4933222.7579709
 20
-1336398.171475644
 30
0.0
 40
710811.3141094525
100
AcDbArc
 50
213.3651092681996
 51
349.6967413100947
  0
MTEXT
  5
212
330
1F
100
AcDbEntity
  8
0
100
AcDbMText
 10
-5064667.003310492
 20
-2019955.022283885
 30
0.0
 40
12000.0
 41
170502.7068296827
 46
22589.31861623989
 71
     1
 72
     1
  1
\pxsm0.96,ql;\fￋￎￌ￥|b0|i0;8201回风巷系统巷\fￋￎￌ￥|b0|i0;\P
  7
宋体
 11
0.9996743172787168
 21
-0.02551978395934287
 31
0.0
 73
     1
 44
1.0
1001
ACAD
1000
ACAD_MTEXT_DEFINED_HEIGHT_BEGIN
1070
    46
1040
22589.31861623989
1000
ACAD_MTEXT_DEFINED_HEIGHT_END
  0
MTEXT
  5
213
330
1F
100
AcDbEntity
  8
0
100
AcDbMText
 10
-4915634.164305721
 20
-2025086.310316661
 30
0.0
 40
12000.0
 41
78999.09991
 46
24574.97749774977
 71
     1
 72
     1
  1
235{\fￋￎￌ￥|b0|i0|c134|p0;m\fISOCPEUR|b0|i0|c134|p34;³\fￋￎￌ￥|b0|i0|c134|p0;/min}
  7
宋体
 11
0.9997476605323191
 21
-0.02246364307397371
 31
0.0
 73
     1
 44
1.0
1001
ACAD
1000
ACAD_MTEXT_DEFINED_HEIGHT_BEGIN
1070
    46
1040
24574.97749774977
1000
ACAD_MTEXT_DEFINED_HEIGHT_END
  0
HATCH
  5
214
330
1F
100
AcDbEntity
  8
0
100
AcDbHatch
 10
0.0
 20
0.0
 30
0.0
210
0.0
220
0.0
230
1.0
  2
SOLID
 70
     1
 71
     0
 91
        1
 92
       19
 72
     0
 73
     1
 93
        4
 10
-4735728.935329137
 20
-2027438.407093592
 10
-4714022.905803382
 20
-2013969.807572726
 10
-4739568.040053254
 20
-2013938.074586273
 10
-4737648.487691196
 20
-2020688.240839933
 97
        0
 75
     0
 76
     1
 98
        0
1001
ACAD
1010
-4739568.040053254
1020
-2027438.407093592
1030
0.0
  0
LWPOLYLINE
  5
215
330
1F
100
AcDbEntity
  8
0
100
AcDbPolyline
 90
        5
 70
     0
 43
0.0
 10
-4735728.935329137
 20
-2027438.407093592
 10
-4714022.905803382
 20
-2013969.807572726
 10
-4739568.040053254
 20
-2013938.074586273
 10
-4737648.487691196
 20
-2020688.240839933
 10
-4735728.935329137
 20
-2027438.407093592
  0
ARC
  5
216
330
1F
100
AcDbEntity
  8
0
  6
Continuous
100
AcDbCircle
 10
-4873907.7793761
 20
-2148686.23214746
 30
0.0
 40
1399087.752899996
100
AcDbArc
 50
70.97854140373009
 51
111.9949173279223
  0
HATCH
  5
217
330
1F
100
AcDbEntity
  8
0
100
AcDbHatch
 10
0.0
 20
0.0
 30
0.0
210
0.0
220
0.0
230
1.0
  2
SOLID
 70
     1
 71
     0
 91
        1
 92
       19
 72
     0
 73
     1
 93
        4
 10
-4860158.250978582
 20
-755198.1804171053
 10
-4835243.674876942
 20
-749557.3658924102
 10
-4859377.613202703
 20
-741184.3191521362
 10
-4859767.932090642
 20
-748191.2497846214
 97
        0
 75
     0
 76
     1
 98
        0
1001
ACAD
1010
-4860158.250978582
1020
-755198.1804171053
1030
0.0
  0
LWPOLYLINE
  5
218
330
1F
100
AcDbEntity
  8
0
100
AcDbPolyline
 90
        5
 70
     0
 43
0.0
 10
-4860158.250978582
 20
-755198.1804171053
 10
-4835243.674876942
 20
-749557.3658924102
 10
-4859377.613202703
 20
-741184.3191521362
 10
-4859767.932090642
 20
-748191.2497846214
 10
-4860158.250978582
 20
-755198.1804171053
  0
MTEXT
  5
219
330
1F
100
AcDbEntity
  8
0
100
AcDbMText
 10
-5165970.23960432
 20
-748282.6677081464
 30
0.0
 40
12000.0
 41
142764.8528708142
 46
24574.97749774978
 71
     1
 72
     1
  1
{\fￋￎￌ￥|b0|i0|c134|p0;15407}进风系统巷
  7
宋体
 11
0.9992694036367632
 21
0.03821856820221877
 31
0.0
 73
     1
 44
1.0
1001
ACAD
1000
ACAD_MTEXT_DEFINED_HEIGHT_BEGIN
1070
    46
1040
24574.97749774978
1000
ACAD_MTEXT_DEFINED_HEIGHT_END
  0
MTEXT
  5
21A
330
1F
100
AcDbEntity
  8
0
100
AcDbMText
 10
-5029380.140682777
 20
-739910.6516965837
 30
0.0
 40
12000.0
 41
78999.09991
 46
24574.97749774977
 71
     1
 72
     1
  1
{\fￋￎￌ￥|b0|i0|c134|p0;265m\fISOCPEUR|b0|i0|c134|p34;³\fￋￎￌ￥|b0|i0|c134|p0;/min}
  7
宋体
 11
0.9994175644754688
 21
0.03412523725810929
 31
0.0
 73
     1
 44
1.0
1001
ACAD
1000
ACAD_MTEXT_DEFINED_HEIGHT_BEGIN
1070
    46
1040
24574.97749774977
1000
ACAD_MTEXT_DEFINED_HEIGHT_END
  0
MTEXT
  5
21B
330
1F
100
AcDbEntity
  8
0
100
AcDbMText
 10
-4976599.649436692
 20
-413978.4220001241
 30
0.0
 40
12000.0
 41
125856.5660944749
 46
24574.97749774976
 71
     1
 72
     1
  1
{\fￋￎￌ￥|b0|i0|c134|p0;15401}回风顺槽
  7
宋体
 11
0.9159940413287275
 21
-0.4011918696213388
 31
0.0
 73
     1
 44
1.0
1001
ACAD
1000
ACAD_MTEXT_DEFINED_HEIGHT_BEGIN
1070
    46
1040
24574.97749774976
1000
ACAD_MTEXT_DEFINED_HEIGHT_END
  0
MTEXT
  5
21C
330
1F
100
AcDbEntity
  8
0
100
AcDbMText
 10
-4860235.965325166
 20
-474160.9704779192
 30
0.0
 40
12000.0
 41
87776.777678
 46
24574.97749774976
 71
     1
 72
     1
  1
2706{\fￋￎￌ￥|b0|i0|c134|p0;m\fISOCPEUR|b0|i0|c134|p34;³\fￋￎￌ￥|b0|i0|c134|p0;/min}
  7
宋体
 11
0.7999322965302935
 21
-0.6000902606839829
 31
0.0
 73
     1
 44
1.0
1001
ACAD
1000
ACAD_MTEXT_DEFINED_HEIGHT_BEGIN
1070
    46
1040
24574.97749774976
1000
ACAD_MTEXT_DEFINED_HEIGHT_END
  0
ARC
  5
222
330
1F
100
AcDbEntity
  8
0
  6
Continuous
100
AcDbCircle
 10
-6583167.717234441
 20
-12758320.31342023
 30
0.0
 40
11314124.365358
100
AcDbArc
 50
81.26247597234686
 51
85.04955599499775
  0
MTEXT
  5
223
330
1F
100
AcDbEntity
  8
0
100
AcDbMText
 10
-5308023.201823914
 20
-1492435.494351599
 30
0.0
 40
12000.0
 41
87776.77767776774
 46
24574.97749774976
 71
     1
 72
     1
  1
513{\fￋￎￌ￥|b0|i0|c134|p0;m\fISOCPEUR|b0|i0|c134|p34;³\fￋￎￌ￥|b0|i0|c134|p0;/min}
  7
宋体
 11
0.999485501194617
 21
-0.03207386633608877
 31
0.0
 73
     1
 44
1.0
1001
ACAD
1000
ACAD_MTEXT_DEFINED_HEIGHT_BEGIN
1070
    46
1040
24574.97749774976
1000
ACAD_MTEXT_DEFINED_HEIGHT_END
  0
MTEXT
  5
224
330
1F
100
AcDbEntity
  8
0
100
AcDbMText
 10
-5402275.772627432
 20
-1485192.74586195
 30
0.0
 40
12000.0
 41
109535.1583447512
 46
23927.40280693323
 71
     1
 72
     1
  1
\pxsm0.96,ql;\fￋￎￌ￥|b0|i0;8106胶带巷\fￋￎￌ￥|b0|i0;\P
  7
宋体
 11
0.9996091077650495
 21
-0.02795767646214043
 31
0.0
 73
     1
 44
1.0
1001
ACAD
1000
ACAD_MTEXT_DEFINED_HEIGHT_BEGIN
1070
    46
1040
23927.40280693323
1000
ACAD_MTEXT_DEFINED_HEIGHT_END
  0
LINE
  5
225
330
1F
100
AcDbEntity
  8
0
  6
Continuous
100
AcDbLine
 10
-5038849.080076694
 20
-1823249.699029565
 30
0.0
 11
-4998693.877540588
 21
-1809380.571625292
 31
0.0
  0
MTEXT
  5
226
330
1F
100
AcDbEntity
  8
0
100
AcDbMText
 10
-5051126.901702474
 20
-1819367.636062622
 30
0.0
 40
4320.0
 41
56873.519352
 46
8846.99189918992
 71
     1
 72
     1
  1
\pxsm0.96,ql;\fￋￎￌ￥|b0|i0;单轨吊充电检修硐室\fￋￎￌ￥|b0|i0;\P
  7
宋体
 11
0.9497639310505498
 21
0.3129672111825878
 31
0.0
 73
     1
 44
1.0
1001
ACAD
1000
ACAD_MTEXT_DEFINED_HEIGHT_BEGIN
1070
    46
1040
8846.99189918992
1000
ACAD_MTEXT_DEFINED_HEIGHT_END
  0
MTEXT
  5
227
330
1F
100
AcDbEntity
  8
0
100
AcDbMText
 10
-5017325.335165236
 20
-1817933.777338797
 30
0.0
 40
4320.0
 41
32757.0075
 46
11491.74437443744
 71
     1
 72
     1
  1
244m{\fISOCPEUR|b0|i0|c134|p34;³\fￋￎￌ￥|b0|i0|c134|p0;/min}
  7
宋体
 11
0.9387975485690913
 21
0.3444693931261015
 31
0.0
 73
     1
 44
1.0
1001
ACAD
1000
ACAD_MTEXT_DEFINED_HEIGHT_BEGIN
1070
    46
1040
11491.74437443744
1000
ACAD_MTEXT_DEFINED_HEIGHT_END
  0
MTEXT
  5
228
330
1F
100
AcDbEntity
  8
0
100
AcDbMText
 10
-5171281.478976733
 20
-417288.0871170606
 30
0.0
 40
12000.0
 41
8777.677768
 46
24574.97749774977
 71
     1
 72
     1
  1
\pxsm0.96,ql;5\P
  7
宋体
 11
0.9770420180166041
 21
0.2130466968296905
 31
0.0
 73
     1
 44
1.0
1001
ACAD
1000
ACAD_MTEXT_DEFINED_HEIGHT_BEGIN
1070
    46
1040
24574.97749774977
1000
ACAD_MTEXT_DEFINED_HEIGHT_END
  0
MTEXT
  5
229
330
1F
100
AcDbEntity
  8
0
100
AcDbMText
 10
-4418853.051877744
 20
-817905.9126423444
 30
0.0
 40
12000.0
 41
17555.355536
 46
24574.97749774977
 71
     1
 72
     1
  1
\pxsm0.96,ql;8\P
  7
宋体
 11
0.9770420180166041
 21
0.2130466968296905
 31
0.0
 73
     1
 44
1.0
1001
ACAD
1000
ACAD_MTEXT_DEFINED_HEIGHT_BEGIN
1070
    46
1040
24574.97749774977
1000
ACAD_MTEXT_DEFINED_HEIGHT_END
  0
MTEXT
  5
22A
330
1F
100
AcDbEntity
  8
0
100
AcDbMText
 10
-5040123.986645228
 20
-1826799.894826337
 30
0.0
 40
12000.0
 41
17555.355536
 46
24574.97749774977
 71
     1
 72
     1
  1
\pxsm0.96,ql;\fￋￎￌ￥|b0|i0;47\fￋￎￌ￥|b0|i0;\P
  7
宋体
 11
0.9770420180166041
 21
0.2130466968296905
 31
0.0
 73
     1
 44
1.0
1001
ACAD
1000
ACAD_MTEXT_DEFINED_HEIGHT_BEGIN
1070
    46
1040
24574.97749774977
1000
ACAD_MTEXT_DEFINED_HEIGHT_END
  0
MTEXT
  5
22B
330
1F
100
AcDbEntity
  8
0
100
AcDbMText
 10
-5252043.497992045
 20
-1883308.57160078
 30
0.0
 40
12000.0
 41
17555.355536
 46
24574.97749774977
 71
     1
 72
     1
  1
\pxsm0.96,ql;\fￋￎￌ￥|b0|i0;48\fￋￎￌ￥|b0|i0;\P
  7
宋体
 11
0.9770420180166041
 21
0.2130466968296905
 31
0.0
 73
     1
 44
1.0
1001
ACAD
1000
ACAD_MTEXT_DEFINED_HEIGHT_BEGIN
1070
    46
1040
24574.97749774977
1000
ACAD_MTEXT_DEFINED_HEIGHT_END
  0
MTEXT
  5
22C
330
1F
100
AcDbEntity
  8
0
100
AcDbMText
 10
-4671507.424587256
 20
-1862485.911337122
 30
0.0
 40
12000.0
 41
17555.355536
 46
24574.97749774977
 71
     1
 72
     1
  1
\pxsm0.96,ql;49\P
  7
宋体
 11
0.9770420180166041
 21
0.2130466968296905
 31
0.0
 73
     1
 44
1.0
1001
ACAD
1000
ACAD_MTEXT_DEFINED_HEIGHT_BEGIN
1070
    46
1040
24574.97749774977
1000
ACAD_MTEXT_DEFINED_HEIGHT_END
  0
MTEXT
  5
22D
330
1F
100
AcDbEntity
  8
0
100
AcDbMText
 10
-5029200.577184121
 20
-929280.5413119352
 30
0.0
 40
10135.57317619953
 41
209985.7011548899
 46
20756.79022765831
 71
     1
 72
     1
  1
{\fￋￎￌ￥|b0|i0|c134|p0;15406}低位岩石抽采系统巷
  7
宋体
 11
0.9622916458524891
 21
-0.272019830752296
 31
0.0
 73
     1
 44
1.0
1001
ACAD
1000
ACAD_MTEXT_DEFINED_HEIGHT_BEGIN
1070
    46
1040
20756.79022765831
1000
ACAD_MTEXT_DEFINED_HEIGHT_END
  0
MTEXT
  5
22E
330
1F
100
AcDbEntity
  8
0
100
AcDbMText
 10
-4857844.163666083
 20
-975794.827001615
 30
0.0
 40
10135.57317619953
 41
66725.09649930857
 46
20756.79022765831
 71
     1
 72
     1
  1
912{\fￋￎￌ￥|b0|i0|c134|p0;m\fISOCPEUR|b0|i0|c134|p34;³\fￋￎￌ￥|b0|i0|c134|p0;/min}
  7
宋体
 11
0.9622916458524891
 21
-0.272019830752296
 31
0.0
 73
     1
 44
1.0
1001
ACAD
1000
ACAD_MTEXT_DEFINED_HEIGHT_BEGIN
1070
    46
1040
20756.79022765831
1000
ACAD_MTEXT_DEFINED_HEIGHT_END
  0
MTEXT
  5
22F
330
1F
100
AcDbEntity
  8
0
100
AcDbMText
 10
-3926133.326710675
 20
-2331503.369087224
 30
0.0
 40
24000.0
 41
140442.844285
 46
49149.95499549954
 71
     1
 72
     1
  1
2026.07
  7
宋体
 73
     1
 44
1.0
1001
ACAD
1000
ACAD_MTEXT_DEFINED_HEIGHT_BEGIN
1070
    46
1040
49149.95499549954
1000
ACAD_MTEXT_DEFINED_HEIGHT_END
  0
MTEXT
  5
230
330
1F
100
AcDbEntity
  8
0
100
AcDbMText
 10
-3927254.470671494
 20
-2273566.804359945
 30
0.0
 40
24000.0
 41
140442.844285
 46
49149.95499549954
 71
     1
 72
     1
  1
WL202607
  7
宋体
 73
     1
 44
1.0
1001
ACAD
1000
ACAD_MTEXT_DEFINED_HEIGHT_BEGIN
1070
    46
1040
49149.95499549954
1000
ACAD_MTEXT_DEFINED_HEIGHT_END
  0
LINE
  5
231
330
1F
100
AcDbEntity
  8
0
100
AcDbLine
 10
-4579393.702397132
 20
-2313712.243924062
 30
0.0
 11
-3747157.572595143
 21
-2313712.243924062
 31
0.0
  0
MTEXT
  5
232
330
1F
100
AcDbEntity
  8
0
100
AcDbMText
 10
-4581951.807041532
 20
-2395297.641714973
 30
0.0
 40
20359.7000640395
 41
232873.657931333
 46
41694.93091122544
 71
     1
 72
     1
  1
\pxsm0.96,ql;通风\fￋￎￌ￥|b0|i0;副总工程师\fￋￎￌ￥|b0|i0;\P
  7
宋体
 73
     1
 44
1.0
1001
ACAD
1000
ACAD_MTEXT_DEFINED_HEIGHT_BEGIN
1070
    46
1040
41694.93091122544
1000
ACAD_MTEXT_DEFINED_HEIGHT_END
  0
LINE
  5
233
330
1F
100
AcDbEntity
  8
0
100
AcDbLine
 10
-5424994.064693119
 20
-853433.7904195555
 30
0.0
 11
-5357711.380799703
 21
-858987.934404488
 31
0.0
  0
MTEXT
  5
235
330
1F
100
AcDbEntity
  8
0
100
AcDbMText
 10
-5355907.510407694
 20
-1561670.919749676
 30
0.0
 40
12000.0
 41
106052.6988178731
 46
23307.42099902693
 71
     1
 72
     1
  1
\pxsm0.96,ql;\fￋￎￌ￥|b0|i0;8105轨道巷\fￋￎￌ￥|b0|i0;\P
  7
宋体
 11
0.9458555510910305
 21
-0.3245878563197999
 31
0.0
 73
     1
 44
1.0
1001
ACAD
1000
ACAD_MTEXT_DEFINED_HEIGHT_BEGIN
1070
    46
1040
23307.42099902693
1000
ACAD_MTEXT_DEFINED_HEIGHT_END
  0
LWPOLYLINE
  5
236
330
1F
100
AcDbEntity
  8
0
100
AcDbPolyline
 90
        8
 70
     0
 43
0.0
 10
-5638432.921627133
 20
-1478976.906525071
 10
-5232646.747904445
 20
-1593951.114738659
 10
-5121699.867918628
 20
-1614606.3147731
 10
-5084643.069331516
 20
-1618622.567940152
 10
-5047526.525410742
 20
-1620338.336230551
 10
-4995018.712666628
 20
-1617171.858690987
 10
-4837023.381155272
 20
-1589502.247997075
 10
-4626097.644366118
 20
-1542394.299299021
  0
HATCH
  5
237
330
1F
100
AcDbEntity
  8
0
100
AcDbHatch
 10
0.0
 20
0.0
 30
0.0
210
0.0
220
0.0
230
1.0
  2
SOLID
 70
     1
 71
     0
 91
        1
 92
       19
 72
     0
 73
     1
 93
        4
 10
-4881613.525378807
 20
-1605268.687901291
 10
-4859084.18467701
 20
-1593227.770229916
 10
-4884574.109703036
 20
-1591548.897693345
 10
-4883093.81754092
 20
-1598408.792797318
 97
        0
 75
     0
 76
     1
 98
        0
1001
ACAD
1010
-4883687.110738441
1020
-1606376.663671409
1030
0.0
  0
MTEXT
  5
239
330
1F
100
AcDbEntity
  8
0
100
AcDbMText
 10
-5642934.059014222
 20
-1485820.448996086
 30
0.0
 40
12000.0
 41
17555.355536
 46
24574.97749774977
 71
     1
 72
     1
  1
\pxsm0.96,ql;\fￋￎￌ￥|b0|i0;38\fￋￎￌ￥|b0|i0;\P
  7
宋体
 11
0.9770420180166041
 21
0.2130466968296905
 31
0.0
 73
     1
 44
1.0
1001
ACAD
1000
ACAD_MTEXT_DEFINED_HEIGHT_BEGIN
1070
    46
1040
24574.97749774977
1000
ACAD_MTEXT_DEFINED_HEIGHT_END
  0
MTEXT
  5
23A
330
1F
100
AcDbEntity
  8
0
100
AcDbMText
 10
-5264299.427650077
 20
-1593810.282304229
 30
0.0
 40
12000.0
 41
78999.09991
 46
24574.97749774976
 71
     1
 72
     1
  1
217{\fￋￎￌ￥|b0|i0|c134|p0;m\fISOCPEUR|b0|i0|c134|p34;³\fￋￎￌ￥|b0|i0|c134|p0;/min}
  7
宋体
 11
0.9802836881496954
 21
-0.1975952700537918
 31
0.0
 73
     1
 44
1.0
1001
ACAD
1000
ACAD_MTEXT_DEFINED_HEIGHT_BEGIN
1070
    46
1040
24574.97749774976
1000
ACAD_MTEXT_DEFINED_HEIGHT_END
  0
LWPOLYLINE
  5
23B
330
1F
100
AcDbEntity
  8
0
100
AcDbPolyline
 90
        2
 70
     0
 43
0.0
 10
-5266256.002796876
 20
-853286.6170738245
 10
-4163324.450144501
 20
-1149755.118268303
  0
LWPOLYLINE
  5
23C
330
1F
100
AcDbEntity
  8
0
100
AcDbPolyline
 90
        4
 70
     0
 43
0.0
 10
-5357794.362301947
 20
-858919.5966967574
 10
-4966912.782747246
 20
-829006.1105891913
 10
-4836787.678564232
 20
-826820.3991227502
 10
-4468779.359905544
 20
-865558.1168762962
  0
MTEXT
  5
23D
330
1F
100
AcDbEntity
  8
0
100
AcDbMText
 10
-5082263.204782235
 20
-810731.9021938689
 30
0.0
 40
11001.61134851482
 41
184231.2181200079
 46
22530.36261072835
 71
     1
 72
     1
  1
{\fￋￎￌ￥|b0|i0|c134|p0;15406}进风系统巷
  7
宋体
 11
0.9999715238258862
 21
-0.007546624234389082
 31
0.0
 73
     1
 44
1.0
1001
ACAD
1000
ACAD_MTEXT_DEFINED_HEIGHT_BEGIN
1070
    46
1040
22530.36261072835
1000
ACAD_MTEXT_DEFINED_HEIGHT_END
  0
MTEXT
  5
23E
330
1F
100
AcDbEntity
  8
0
100
AcDbMText
 10
-4953341.098827005
 20
-811153.1410759542
 30
0.0
 40
9576.207292369463
 41
63042.64638739717
 46
19611.25656031391
 71
     1
 72
     1
  1
1016{\fￋￎￌ￥|b0|i0|c134|p0;m\fISOCPEUR|b0|i0|c134|p34;³\fￋￎￌ￥|b0|i0|c134|p0;/min}
  7
宋体
 11
0.9998895855672874
 21
0.01485990155008907
 31
0.0
 73
     1
 44
1.0
1001
ACAD
1000
ACAD_MTEXT_DEFINED_HEIGHT_BEGIN
1070
    46
1040
19611.25656031391
1000
ACAD_MTEXT_DEFINED_HEIGHT_END
  0
MTEXT
  5
23F
330
1F
100
AcDbEntity
  8
0
100
AcDbMText
 10
-5102165.22300778
 20
-1556391.003700527
 30
0.0
 40
12000.0
 41
87776.777678
 46
24574.97749774977
 71
     1
 72
     1
  1
930{\fￋￎￌ￥|b0|i0|c134|p0;m\fISOCPEUR|b0|i0|c134|p34;³\fￋￎￌ￥|b0|i0|c134|p0;/min}
  7
宋体
 11
0.9990996058728764
 21
-0.04242614223168511
 31
0.0
 73
     1
 44
1.0
1001
ACAD
1000
ACAD_MTEXT_DEFINED_HEIGHT_BEGIN
1070
    46
1040
24574.97749774977
1000
ACAD_MTEXT_DEFINED_HEIGHT_END
  0
MTEXT
  5
242
330
1F
100
AcDbEntity
  8
0
100
AcDbMText
 10
-5425947.1931752
 20
-837881.3544137062
 30
0.0
 40
12000.0
 41
17555.355536
 46
24574.97749774977
 71
     1
 72
     1
  1
\pxsm0.96,ql;15\P
  7
宋体
 11
0.9770420180166041
 21
0.2130466968296905
 31
0.0
 73
     1
 44
1.0
1001
ACAD
1000
ACAD_MTEXT_DEFINED_HEIGHT_BEGIN
1070
    46
1040
24574.97749774977
1000
ACAD_MTEXT_DEFINED_HEIGHT_END
  0
MTEXT
  5
243
330
1F
100
AcDbEntity
  8
0
100
AcDbMText
 10
-4432668.37384133
 20
-920980.0070140552
 30
0.0
 40
12000.0
 41
17555.355536
 46
24574.97749774977
 71
     1
 72
     1
  1
\pxsm0.96,ql;19\P
  7
宋体
 11
0.9770420180166041
 21
0.2130466968296905
 31
0.0
 73
     1
 44
1.0
1001
ACAD
1000
ACAD_MTEXT_DEFINED_HEIGHT_BEGIN
1070
    46
1040
24574.97749774977
1000
ACAD_MTEXT_DEFINED_HEIGHT_END
  0
MTEXT
  5
244
330
1F
100
AcDbEntity
  8
0
100
AcDbMText
 10
-5352532.970013237
 20
-854790.0558121792
 30
0.0
 40
12000.0
 41
17555.355536
 46
24574.97749774977
 71
     1
 72
     1
  1
\pxsm0.96,ql;21\P
  7
宋体
 11
0.9770420180166041
 21
0.2130466968296905
 31
0.0
 73
     1
 44
1.0
1001
ACAD
1000
ACAD_MTEXT_DEFINED_HEIGHT_BEGIN
1070
    46
1040
24574.97749774977
1000
ACAD_MTEXT_DEFINED_HEIGHT_END
  0
MTEXT
  5
245
330
1F
100
AcDbEntity
  8
0
100
AcDbMText
 10
-4932277.698036696
 20
-1615388.985447596
 30
0.0
 40
12000.0
 41
17555.355536
 46
24574.97749774977
 71
     1
 72
     1
  1
\pxsm0.96,ql;\fￋￎￌ￥|b0|i0;40\fￋￎￌ￥|b0|i0;\P
  7
宋体
 11
0.9770420180166041
 21
0.2130466968296905
 31
0.0
 73
     1
 44
1.0
1001
ACAD
1000
ACAD_MTEXT_DEFINED_HEIGHT_BEGIN
1070
    46
1040
24574.97749774977
1000
ACAD_MTEXT_DEFINED_HEIGHT_END
  0
ARC
  5
2A3
330
1F
100
AcDbEntity
  8
0
  6
Continuous
100
AcDbCircle
 10
-5167565.13242331
 20
-1024623.587820758
 30
0.0
 40
629726.3314292335
100
AcDbArc
 50
228.1571725670527
 51
292.8786085404572
  0
HATCH
  5
2AA
330
1F
100
AcDbEntity
  8
0
100
AcDbHatch
 10
0.0
 20
0.0
 30
0.0
210
0.0
220
0.0
230
1.0
  2
SOLID
 70
     1
 71
     0
 91
        1
 92
       19
 72
     0
 73
     1
 93
        4
 10
-5033811.379252179
 20
-1647166.808576855
 10
-5011282.038550382
 20
-1635125.89090548
 10
-5036771.963576408
 20
-1633447.018368909
 10
-5035291.671414292
 20
-1640306.913472882
 97
        0
 75
     0
 76
     1
 98
        0
1001
ACAD
1010
-4883687.110738441
1020
-1606376.663671409
1030
0.0
  0
MTEXT
  5
2AB
330
1F
100
AcDbEntity
  8
0
100
AcDbMText
 10
-5400367.820123918
 20
-1578800.224470197
 30
0.0
 40
12000.0
 41
106052.6988178731
 46
23307.42099902693
 71
     1
 72
     1
  1
{\fￋￎￌ￥|b0|i0|c134|p0;8105}胶带巷
  7
宋体
 11
0.9458555510910305
 21
-0.3245878563197999
 31
0.0
 73
     1
 44
1.0
1001
ACAD
1000
ACAD_MTEXT_DEFINED_HEIGHT_BEGIN
1070
    46
1040
23307.42099902693
1000
ACAD_MTEXT_DEFINED_HEIGHT_END
  0
MTEXT
  5
2AC
330
1F
100
AcDbEntity
  8
0
100
AcDbMText
 10
-5308759.737366302
 20
-1610939.58702475
 30
0.0
 40
12000.0
 41
78999.09991
 46
24574.97749774976
 71
     1
 72
     1
  1
743{\fￋￎￌ￥|b0|i0|c134|p0;m\fISOCPEUR|b0|i0|c134|p34;³\fￋￎￌ￥|b0|i0|c134|p0;/min}
  7
宋体
 11
0.9802836881496954
 21
-0.1975952700537918
 31
0.0
 73
     1
 44
1.0
1001
ACAD
1000
ACAD_MTEXT_DEFINED_HEIGHT_BEGIN
1070
    46
1040
24574.97749774976
1000
ACAD_MTEXT_DEFINED_HEIGHT_END
  0
HATCH
  5
2B8
330
1F
100
AcDbEntity
  8
0
100
AcDbHatch
 10
0.0
 20
0.0
 30
0.0
210
0.0
220
0.0
230
1.0
  2
SOLID
 70
     1
 71
     0
 91
        1
 92
       19
 72
     0
 73
     1
 93
        4
 10
-5230397.771961088
 20
-1599775.996777074
 10
-5204981.055920196
 20
-1597217.591702988
 10
-5227912.896748773
 20
-1585962.123385799
 10
-5229155.33435493
 20
-1592869.060081437
 97
        0
 75
     0
 76
     1
 98
        0
1001
ACAD
1010
-5284664.840808148
1020
-1698886.604334668
1030
0.0
  0
MTEXT
  5
2BE
330
1F
100
AcDbEntity
  8
0
100
AcDbMText
 10
-4821552.638833034
 20
-1599121.434434493
 30
0.0
 40
12000.0
 41
175548.154816
 46
24574.97749774977
 71
     1
 72
     1
  1
{\fￋￎￌ￥|b0|i0|c134|p0;8105}轨道一横贯{\fￋￎￌ￥|b0|i0|c134|p0;946m\fISOCPEUR|b0|i0|c134|p34;³\fￋￎￌ￥|b0|i0|c134|p0;/min}
  7
宋体
 11
0.9530695842619611
 21
0.3027513295672422
 31
0.0
 73
     1
 44
1.0
1001
ACAD
1000
ACAD_MTEXT_DEFINED_HEIGHT_BEGIN
1070
    46
1040
24574.97749774977
1000
ACAD_MTEXT_DEFINED_HEIGHT_END
  0
MTEXT
  5
2C4
330
1F
100
AcDbEntity
  8
0
100
AcDbMText
 10
-4852155.684455383
 20
-1533833.655556043
 30
0.0
 40
12000.0
 41
175548.154816
 46
24574.97749774977
 71
     1
 72
     1
  1
{\fￋￎￌ￥|b0|i0|c134|p0;8106}抽采巷{\fￋￎￌ￥|b0|i0|c134|p0;1387m\fISOCPEUR|b0|i0|c134|p34;³\fￋￎￌ￥|b0|i0|c134|p0;/min}
  7
宋体
 11
0.9530695842619611
 21
0.3027513295672422
 31
0.0
 73
     1
 44
1.0
1001
ACAD
1000
ACAD_MTEXT_DEFINED_HEIGHT_BEGIN
1070
    46
1040
24574.97749774977
1000
ACAD_MTEXT_DEFINED_HEIGHT_END
  0
HATCH
  5
2CA
330
1F
100
AcDbEntity
  8
0
100
AcDbHatch
 10
0.0
 20
0.0
 30
0.0
210
0.0
220
0.0
230
1.0
  2
SOLID
 70
     1
 71
     0
 91
        1
 92
       19
 72
     0
 73
     1
 93
        4
 10
-5208428.241727586
 20
-1535012.734001235
 10
-5183011.525686693
 20
-1532454.32892715
 10
-5205943.36651527
 20
-1521198.860609961
 10
-5207185.804121427
 20
-1528105.797305599
 97
        0
 75
     0
 76
     1
 98
        0
1001
ACAD
1010
-5284664.840808148
1020
-1698886.604334668
1030
0.0
  0
LINE
  5
32B
330
1F
100
AcDbEntity
  8
0
100
AcDbLine
 10
-4317386.399534582
 20
-1428517.61823225
 30
0.0
 11
-4247675.165481413
 21
-1412043.634289123
 31
0.0
  0
MTEXT
  5
33D
330
1F
100
AcDbEntity
  8
0
100
AcDbMText
 10
-4321643.409636608
 20
-1438795.640669301
 30
0.0
 40
5999.999999999999
 41
73586.95494812759
 46
25013.34147232937
 71
     1
 72
     1
  1
{\fￋￎￌ￥|b0|i0|c134|p0;8#}煤通风二联巷543{\fￋￎￌ￥|b0|i0|c134|p0;m\fISOCPEUR|b0|i0|c134|p34;³\fￋￎￌ￥|b0|i0|c134|p0;/min}
  7
宋体
 11
0.965552870834839
 21
0.260206943840092
 31
0.0
 73
     1
 44
1.0
1001
ACAD
1000
ACAD_MTEXT_DEFINED_HEIGHT_BEGIN
1070
    46
1040
25013.34147232937
1000
ACAD_MTEXT_DEFINED_HEIGHT_END
  0
MTEXT
  5
343
330
1F
100
AcDbEntity
  8
0
100
AcDbMText
 10
-4258940.503835069
 20
-1403796.146871449
 30
0.0
 40
12000.0
 41
17555.355536
 46
24574.97749774977
 71
     1
 72
     1
  1
{\fￋￎￌ￥|b0|i0|c134|p0;47}
  7
宋体
 11
0.9770420180166041
 21
0.2130466968296905
 31
0.0
 73
     1
 44
1.0
1001
ACAD
1000
ACAD_MTEXT_DEFINED_HEIGHT_BEGIN
1070
    46
1040
24574.97749774977
1000
ACAD_MTEXT_DEFINED_HEIGHT_END
  0
MTEXT
  5
35E
330
1F
100
AcDbEntity
  8
0
100
AcDbMText
 10
-5274349.444364742
 20
-547462.7188252503
 30
0.0
 40
12000.0
 41
178343.2554941077
 46
24574.97749774976
 71
     1
 72
     1
  1
{\fￋￎￌ￥|b0|i0|c134|p0;15401}回风底抽巷
  7
宋体
 11
0.9999942619343529
 21
0.003387639055279999
 31
0.0
 73
     1
 44
1.0
1001
ACAD
1000
ACAD_MTEXT_DEFINED_HEIGHT_BEGIN
1070
    46
1040
24574.97749774976
1000
ACAD_MTEXT_DEFINED_HEIGHT_END
  0
MTEXT
  5
35F
330
1F
100
AcDbEntity
  8
0
100
AcDbMText
 10
-5133012.834012368
 20
-545414.0946859394
 30
0.0
 40
12000.0
 41
78999.09991
 46
24574.97749774976
 71
     1
 72
     1
  1
458{\fￋￎￌ￥|b0|i0|c134|p0;m\fISOCPEUR|b0|i0|c134|p34;³\fￋￎￌ￥|b0|i0|c134|p0;/min}
  7
宋体
 11
0.9999995902941896
 21
0.0009052134847538085
 31
0.0
 73
     1
 44
1.0
1001
ACAD
1000
ACAD_MTEXT_DEFINED_HEIGHT_BEGIN
1070
    46
1040
24574.97749774976
1000
ACAD_MTEXT_DEFINED_HEIGHT_END
  0
ENDSEC
  0
SECTION
  2
OBJECTS
  0
DICTIONARY
  5
C
330
0
100
AcDbDictionary
281
     1
  3
ACAD_COLOR
350
290
  3
ACAD_DETAILVIEWSTYLE
350
28B
  3
ACAD_GROUP
350
D
  3
ACAD_LAYOUT
350
1A
  3
ACAD_MATERIAL
350
43
  3
ACAD_MLEADERSTYLE
350
6B
  3
ACAD_MLINESTYLE
350
17
  3
ACAD_PLOTSETTINGS
350
19
  3
ACAD_PLOTSTYLENAME
350
E
  3
ACAD_SCALELIST
350
47
  3
ACAD_SECTIONVIEWSTYLE
350
28C
  3
ACAD_TABLESTYLE
350
69
  3
ACAD_VISUALSTYLE
350
2A
  3
ACDB_RECOMPOSE_DATA
350
3A2
  3
AcDbVariableDictionary
350
248
  0
DICTIONARY
  5
246
330
8
100
AcDbDictionary
280
     1
281
     1
  0
SUN
  5
6D
330
29
100
AcDbSun
 90
        1
290
     0
 63
     7
421
 16777215
 40
1.0
291
     1
 91
  2455826
 92
 54000000
292
     0
 70
     2
 71
   256
280
     1
  0
DICTIONARY
  5
290
102
{ACAD_REACTORS
330
C
102
}
330
C
100
AcDbDictionary
281
     1
  0
DICTIONARY
  5
28B
102
{ACAD_REACTORS
330
C
102
}
330
C
100
AcDbDictionary
281
     1
  0
DICTIONARY
  5
D
102
{ACAD_REACTORS
330
C
102
}
330
C
100
AcDbDictionary
281
     1
  0
DICTIONARY
  5
1A
102
{ACAD_REACTORS
330
C
102
}
330
C
100
AcDbDictionary
281
     1
  3
Layout1
350
1E
  3
Layout2
350
26
  3
Model
350
22
  0
DICTIONARY
  5
43
102
{ACAD_REACTORS
330
C
102
}
330
C
100
AcDbDictionary
281
     1
  3
ByBlock
350
45
  3
ByLayer
350
44
  3
Global
350
46
  0
DICTIONARY
  5
6B
102
{ACAD_REACTORS
330
C
102
}
330
C
100
AcDbDictionary
281
     1
  3
Standard
350
6C
  0
DICTIONARY
  5
17
102
{ACAD_REACTORS
330
C
102
}
330
C
100
AcDbDictionary
281
     1
  3
Standard
350
18
  0
DICTIONARY
  5
19
102
{ACAD_REACTORS
330
C
102
}
330
C
100
AcDbDictionary
281
     1
  0
ACDBDICTIONARYWDFLT
  5
E
102
{ACAD_REACTORS
330
C
102
}
330
C
100
AcDbDictionary
281
     1
  3
Normal
350
F
100
AcDbDictionaryWithDefault
340
F
  0
DICTIONARY
  5
47
102
{ACAD_REACTORS
330
C
102
}
330
C
100
AcDbDictionary
281
     1
  3
A0
350
48
  3
A1
350
49
  3
A2
350
4A
  3
A3
350
4B
  3
A4
350
4C
  3
A5
350
4D
  3
A6
350
4E
  3
A7
350
4F
  3
A8
350
50
  3
A9
350
51
  3
B0
350
52
  3
B1
350
53
  3
B2
350
54
  3
B3
350
55
  3
B4
350
56
  3
B5
350
57
  3
B6
350
58
  3
B7
350
59
  3
B8
350
5A
  3
B9
350
5B
  3
C0
350
5C
  3
C1
350
5D
  3
C2
350
5E
  3
C3
350
5F
  3
C4
350
60
  3
C5
350
61
  3
C6
350
62
  3
C7
350
63
  3
C8
350
64
  3
C9
350
65
  3
D0
350
66
  3
D1
350
67
  3
D2
350
68
  0
DICTIONARY
  5
28C
102
{ACAD_REACTORS
330
C
102
}
330
C
100
AcDbDictionary
281
     1
  0
DICTIONARY
  5
69
102
{ACAD_REACTORS
330
C
102
}
330
C
100
AcDbDictionary
281
     1
  3
Standard
350
6A
  0
DICTIONARY
  5
2A
102
{ACAD_REACTORS
330
C
102
}
330
C
100
AcDbDictionary
281
     1
  3
2dWireframe
350
2F
  3
3D Hidden
350
28F
  3
3dWireframe
350
28E
  3
Basic
350
32
  3
Brighten
350
36
  3
ColorChange
350
3A
  3
Conceptual
350
34
  3
Dim
350
35
  3
EdgeColorOff
350
3D
  3
Facepattern
350
39
  3
Flat
350
2B
  3
FlatWithEdges
350
2C
  3
Gouraud
350
2D
  3
GouraudWithEdges
350
2E
  3
Hidden
350
31
  3
JitterOff
350
3B
  3
Linepattern
350
38
  3
OverhangOff
350
3C
  3
Realistic
350
33
  3
Shaded
350
42
  3
Shaded with edges
350
41
  3
Shades of Gray
350
3E
  3
Sketchy
350
3F
  3
Thicken
350
37
  3
Wireframe
350
30
  3
X-Ray
350
40
  0
XRECORD
  5
3A2
102
{ACAD_REACTORS
330
C
102
}
330
C
100
AcDbXrecord
280
     1
 90
        1
330
6A
  0
DICTIONARY
  5
248
102
{ACAD_REACTORS
330
C
102
}
330
C
100
AcDbDictionary
281
     1
  3
CANNOSCALE
350
249
  3
CMLEADERSTYLE
350
28A
  3
CTABLESTYLE
350
289
  3
MSLTSCALE
350
24A
  3
XCLIPFRAME
350
24B
  0
LAYOUT
  5
1E
102
{ACAD_REACTORS
330
1A
102
}
330
1A
100
AcDbPlotSettings
  1

  2
none_device
  4

  6

 40
0.0
 41
0.0
 42
0.0
 43
0.0
 44
0.0
 45
0.0
 46
0.0
 47
0.0
 48
0.0
 49
0.0
140
0.0
141
0.0
142
1.0
143
1.0
 70
   688
 72
     0
 73
     0
 74
     5
  7

 75
    16
 76
     0
 77
     2
 78
   300
147
1.0
148
0.0
149
0.0
100
AcDbLayout
  1
Layout1
 70
     1
 71
     1
 10
0.0
 20
0.0
 11
12.0
 21
9.0
 12
0.0
 22
0.0
 32
0.0
 14
1.000000000000000E+20
 24
1.000000000000000E+20
 34
1.000000000000000E+20
 15
-1.000000000000000E+20
 25
-1.000000000000000E+20
 35
-1.000000000000000E+20
146
0.0
 13
0.0
 23
0.0
 33
0.0
 16
1.0
 26
0.0
 36
0.0
 17
0.0
 27
1.0
 37
0.0
 76
     0
330
1B
  0
LAYOUT
  5
26
102
{ACAD_REACTORS
330
1A
102
}
330
1A
100
AcDbPlotSettings
  1

  2
none_device
  4

  6

 40
0.0
 41
0.0
 42
0.0
 43
0.0
 44
0.0
 45
0.0
 46
0.0
 47
0.0
 48
0.0
 49
0.0
140
0.0
141
0.0
142
1.0
143
1.0
 70
   688
 72
     0
 73
     0
 74
     5
  7

 75
    16
 76
     0
 77
     2
 78
   300
147
1.0
148
0.0
149
0.0
100
AcDbLayout
  1
Layout2
 70
     1
 71
     2
 10
0.0
 20
0.0
 11
0.0
 21
0.0
 12
0.0
 22
0.0
 32
0.0
 14
0.0
 24
0.0
 34
0.0
 15
0.0
 25
0.0
 35
0.0
146
0.0
 13
0.0
 23
0.0
 33
0.0
 16
1.0
 26
0.0
 36
0.0
 17
0.0
 27
1.0
 37
0.0
 76
     0
330
23
  0
LAYOUT
  5
22
102
{ACAD_REACTORS
330
1A
102
}
330
1A
100
AcDbPlotSettings
  1

  2
none_device
  4
Letter_(8.50_x_11.00_Inches)
  6

 40
6.35
 41
6.35
 42
6.35000508
 43
6.35000508
 44
215.9
 45
279.4
 46
0.0
 47
0.0
 48
0.0
 49
0.0
140
0.0
141
0.0
142
1.0
143
1.0
 70
  1712
 72
     0
 73
     0
 74
     0
  7

 75
     0
 76
     0
 77
     2
 78
   300
147
1.0
148
0.0
149
0.0
100
AcDbLayout
  1
Model
 70
     1
 71
     0
 10
0.0
 20
0.0
 11
12.0
 21
9.0
 12
0.0
 22
0.0
 32
0.0
 14
1.000000000000000E+20
 24
1.000000000000000E+20
 34
1.000000000000000E+20
 15
-1.000000000000000E+20
 25
-1.000000000000000E+20
 35
-1.000000000000000E+20
146
0.0
 13
0.0
 23
0.0
 33
0.0
 16
1.0
 26
0.0
 36
0.0
 17
0.0
 27
1.0
 37
0.0
 76
     0
330
1F
331
29
  0
MATERIAL
  5
45
102
{ACAD_REACTORS
330
43
102
}
330
43
100
AcDbMaterial
  1
ByBlock
 72
     1
 94
      127
  0
MATERIAL
  5
44
102
{ACAD_REACTORS
330
43
102
}
330
43
100
AcDbMaterial
  1
ByLayer
 72
     1
 94
      127
  0
MATERIAL
  5
46
102
{ACAD_REACTORS
330
43
102
}
330
43
100
AcDbMaterial
  1
Global
 72
     1
 94
      127
  0
MLEADERSTYLE
  5
6C
102
{ACAD_REACTORS
330
6B
102
}
330
6B
100
AcDbMLeaderStyle
179
     2
170
     2
171
     1
172
     0
 90
        2
 40
0.0
 41
0.0
173
     1
 91
-1056964608
340
14
 92
       -2
290
     1
 42
0.09
291
     1
 43
0.36
  3
Standard
341
0
 44
0.18
300

342
11
174
     1
178
     6
175
     1
176
     0
 93
-1056964608
 45
0.18
292
     0
297
     0
 46
0.18
343
0
 94
-1056964608
 47
1.0
 49
1.0
140
1.0
293
     1
141
0.0
294
     1
177
     0
142
1.0
295
     0
296
     0
143
0.125
271
     0
272
     9
273
     9
  0
MLINESTYLE
  5
18
102
{ACAD_REACTORS
330
17
102
}
330
17
100
AcDbMlineStyle
  2
STANDARD
 70
     0
  3

 62
   256
 51
90.0
 52
90.0
 71
     2
 49
0.5
 62
   256
  6
BYLAYER
 49
-0.5
 62
   256
  6
BYLAYER
  0
ACDBPLACEHOLDER
  5
F
102
{ACAD_REACTORS
330
E
102
}
330
E
  0
SCALE
  5
48
102
{ACAD_REACTORS
330
47
102
}
330
47
100
AcDbScale
 70
     0
300
1:1
140
1.0
141
1.0
290
     1
  0
SCALE
  5
49
102
{ACAD_REACTORS
330
47
102
}
330
47
100
AcDbScale
 70
     0
300
1:2
140
1.0
141
2.0
290
     0
  0
SCALE
  5
4A
102
{ACAD_REACTORS
330
47
102
}
330
47
100
AcDbScale
 70
     0
300
1:4
140
1.0
141
4.0
290
     0
  0
SCALE
  5
4B
102
{ACAD_REACTORS
330
47
102
}
330
47
100
AcDbScale
 70
     0
300
1:5
140
1.0
141
5.0
290
     0
  0
SCALE
  5
4C
102
{ACAD_REACTORS
330
47
102
}
330
47
100
AcDbScale
 70
     0
300
1:8
140
1.0
141
8.0
290
     0
  0
SCALE
  5
4D
102
{ACAD_REACTORS
330
47
102
}
330
47
100
AcDbScale
 70
     0
300
1:10
140
1.0
141
10.0
290
     0
  0
SCALE
  5
4E
102
{ACAD_REACTORS
330
47
102
}
330
47
100
AcDbScale
 70
     0
300
1:16
140
1.0
141
16.0
290
     0
  0
SCALE
  5
4F
102
{ACAD_REACTORS
330
47
102
}
330
47
100
AcDbScale
 70
     0
300
1:20
140
1.0
141
20.0
290
     0
  0
SCALE
  5
50
102
{ACAD_REACTORS
330
47
102
}
330
47
100
AcDbScale
 70
     0
300
1:30
140
1.0
141
30.0
290
     0
  0
SCALE
  5
51
102
{ACAD_REACTORS
330
47
102
}
330
47
100
AcDbScale
 70
     0
300
1:40
140
1.0
141
40.0
290
     0
  0
SCALE
  5
52
102
{ACAD_REACTORS
330
47
102
}
330
47
100
AcDbScale
 70
     0
300
1:50
140
1.0
141
50.0
290
     0
  0
SCALE
  5
53
102
{ACAD_REACTORS
330
47
102
}
330
47
100
AcDbScale
 70
     0
300
1:100
140
1.0
141
100.0
290
     0
  0
SCALE
  5
54
102
{ACAD_REACTORS
330
47
102
}
330
47
100
AcDbScale
 70
     0
300
2:1
140
2.0
141
1.0
290
     0
  0
SCALE
  5
55
102
{ACAD_REACTORS
330
47
102
}
330
47
100
AcDbScale
 70
     0
300
4:1
140
4.0
141
1.0
290
     0
  0
SCALE
  5
56
102
{ACAD_REACTORS
330
47
102
}
330
47
100
AcDbScale
 70
     0
300
8:1
140
8.0
141
1.0
290
     0
  0
SCALE
  5
57
102
{ACAD_REACTORS
330
47
102
}
330
47
100
AcDbScale
 70
     0
300
10:1
140
10.0
141
1.0
290
     0
  0
SCALE
  5
58
102
{ACAD_REACTORS
330
47
102
}
330
47
100
AcDbScale
 70
     0
300
100:1
140
100.0
141
1.0
290
     0
  0
SCALE
  5
59
102
{ACAD_REACTORS
330
47
102
}
330
47
100
AcDbScale
 70
     0
300
1/128" = 1'-0"
140
0.0078125
141
12.0
290
     0
  0
SCALE
  5
5A
102
{ACAD_REACTORS
330
47
102
}
330
47
100
AcDbScale
 70
     0
300
1/64" = 1'-0"
140
0.015625
141
12.0
290
     0
  0
SCALE
  5
5B
102
{ACAD_REACTORS
330
47
102
}
330
47
100
AcDbScale
 70
     0
300
1/32" = 1'-0"
140
0.03125
141
12.0
290
     0
  0
SCALE
  5
5C
102
{ACAD_REACTORS
330
47
102
}
330
47
100
AcDbScale
 70
     0
300
1/16" = 1'-0"
140
0.0625
141
12.0
290
     0
  0
SCALE
  5
5D
102
{ACAD_REACTORS
330
47
102
}
330
47
100
AcDbScale
 70
     0
300
3/32" = 1'-0"
140
0.09375
141
12.0
290
     0
  0
SCALE
  5
5E
102
{ACAD_REACTORS
330
47
102
}
330
47
100
AcDbScale
 70
     0
300
1/8" = 1'-0"
140
0.125
141
12.0
290
     0
  0
SCALE
  5
5F
102
{ACAD_REACTORS
330
47
102
}
330
47
100
AcDbScale
 70
     0
300
3/16" = 1'-0"
140
0.1875
141
12.0
290
     0
  0
SCALE
  5
60
102
{ACAD_REACTORS
330
47
102
}
330
47
100
AcDbScale
 70
     0
300
1/4" = 1'-0"
140
0.25
141
12.0
290
     0
  0
SCALE
  5
61
102
{ACAD_REACTORS
330
47
102
}
330
47
100
AcDbScale
 70
     0
300
3/8" = 1'-0"
140
0.375
141
12.0
290
     0
  0
SCALE
  5
62
102
{ACAD_REACTORS
330
47
102
}
330
47
100
AcDbScale
 70
     0
300
1/2" = 1'-0"
140
0.5
141
12.0
290
     0
  0
SCALE
  5
63
102
{ACAD_REACTORS
330
47
102
}
330
47
100
AcDbScale
 70
     0
300
3/4" = 1'-0"
140
0.75
141
12.0
290
     0
  0
SCALE
  5
64
102
{ACAD_REACTORS
330
47
102
}
330
47
100
AcDbScale
 70
     0
300
1" = 1'-0"
140
1.0
141
12.0
290
     0
  0
SCALE
  5
65
102
{ACAD_REACTORS
330
47
102
}
330
47
100
AcDbScale
 70
     0
300
1-1/2" = 1'-0"
140
1.5
141
12.0
290
     0
  0
SCALE
  5
66
102
{ACAD_REACTORS
330
47
102
}
330
47
100
AcDbScale
 70
     0
300
3" = 1'-0"
140
3.0
141
12.0
290
     0
  0
SCALE
  5
67
102
{ACAD_REACTORS
330
47
102
}
330
47
100
AcDbScale
 70
     0
300
6" = 1'-0"
140
6.0
141
12.0
290
     0
  0
SCALE
  5
68
102
{ACAD_REACTORS
330
47
102
}
330
47
100
AcDbScale
 70
     0
300
1'-0" = 1'-0"
140
12.0
141
12.0
290
     0
  0
TABLESTYLE
  5
6A
102
{ACAD_REACTORS
330
69
102
}
102
{ACAD_XDICTIONARY
360
36C
102
}
330
69
100
AcDbTableStyle
  3
Standard
 70
     0
 71
     0
 40
0.06
 41
0.06
280
     0
281
     0
  7
Standard
140
0.18
170
     2
 62
     0
 63
   257
283
     0
 90
        4
 91
        0
  1

274
    -2
284
     1
 64
     0
275
    -2
285
     1
 65
     0
276
    -2
286
     1
 66
     0
277
    -2
287
     1
 67
     0
278
    -2
288
     1
 68
     0
279
    -2
289
     1
 69
     0
  7
Standard
140
0.25
170
     5
 62
     0
 63
   257
283
     0
 90
        4
 91
        0
  1

274
    -2
284
     1
 64
     0
275
    -2
285
     1
 65
     0
276
    -2
286
     1
 66
     0
277
    -2
287
     1
 67
     0
278
    -2
288
     1
 68
     0
279
    -2
289
     1
 69
     0
  7
Standard
140
0.18
170
     5
 62
     0
 63
   257
283
     0
 90
        4
 91
        0
  1

274
    -2
284
     1
 64
     0
275
    -2
285
     1
 65
     0
276
    -2
286
     1
 66
     0
277
    -2
287
     1
 67
     0
278
    -2
288
     1
 68
     0
279
    -2
289
     1
 69
     0
  0
VISUALSTYLE
  5
2F
102
{ACAD_REACTORS
330
2A
102
}
102
{ACAD_XDICTIONARY
360
36E
102
}
330
2A
100
AcDbVisualStyle
  2
2dWireframe
 70
     4
177
     2
291
     0
 71
     0
176
     1
 72
     2
176
     1
 73
     0
176
     1
 90
        0
176
     1
 40
-0.6
176
     1
 41
-30.0
176
     1
 62
     5
 63
     7
421
 16777215
176
     1
 74
     1
176
     1
 91
        4
176
     1
 64
     7
176
     1
 65
   257
176
     1
 75
     1
176
     1
175
     1
176
     1
 42
1.0
176
     1
 92
        0
176
     1
 66
   257
176
     1
 43
1.0
176
     1
 76
     1
176
     1
 77
     6
176
     1
 78
     2
176
     1
 67
     7
176
     1
 79
     5
176
     1
170
     0
176
     1
171
     0
176
     1
290
     0
176
     1
 93
        1
176
     1
 44
0.0
176
     1
173
     0
176
     1
  0
VISUALSTYLE
  5
28F
102
{ACAD_REACTORS
330
2A
102
}
102
{ACAD_XDICTIONARY
360
370
102
}
330
2A
100
AcDbVisualStyle
  2
3D Hidden
 70
     6
177
     2
291
     0
 71
     1
176
     1
 72
     2
176
     1
 73
     2
176
     1
 90
        0
176
     1
 40
-0.6
176
     1
 41
-30.0
176
     1
 62
     5
 63
     7
421
 16777215
176
     1
 74
     2
176
     1
 91
        2
176
     1
 64
     7
176
     1
 65
   257
176
     1
 75
     2
176
     1
175
     1
176
     1
 42
40.0
176
     1
 92
        0
176
     1
 66
   257
176
     1
 43
1.0
176
     1
 76
     1
176
     1
 77
     6
176
     1
 78
     2
176
     1
 67
     7
176
     1
 79
     3
176
     1
170
     0
176
     1
171
     0
176
     1
290
     0
176
     1
 93
        1
176
     1
 44
0.0
176
     1
173
     0
176
     1
  0
VISUALSTYLE
  5
28E
102
{ACAD_REACTORS
330
2A
102
}
102
{ACAD_XDICTIONARY
360
372
102
}
330
2A
100
AcDbVisualStyle
  2
3dWireframe
 70
     5
177
     2
291
     0
 71
     0
176
     1
 72
     2
176
     1
 73
     0
176
     1
 90
        0
176
     1
 40
-0.6
176
     1
 41
-30.0
176
     1
 62
     5
 63
     7
421
 16777215
176
     1
 74
     1
176
     1
 91
        4
176
     1
 64
     7
176
     1
 65
   257
176
     1
 75
     1
176
     1
175
     1
176
     1
 42
1.0
176
     1
 92
        0
176
     1
 66
   257
176
     1
 43
1.0
176
     1
 76
     1
176
     1
 77
     6
176
     1
 78
     2
176
     1
 67
     7
176
     1
 79
     5
176
     1
170
     0
176
     1
171
     0
176
     1
290
     0
176
     1
 93
        1
176
     1
 44
0.0
176
     1
173
     0
176
     1
  0
VISUALSTYLE
  5
32
102
{ACAD_REACTORS
330
2A
102
}
102
{ACAD_XDICTIONARY
360
374
102
}
330
2A
100
AcDbVisualStyle
  2
Basic
 70
     7
177
     2
291
     1
 71
     1
176
     1
 72
     0
176
     1
 73
     1
176
     1
 90
        0
176
     1
 40
-0.6
176
     1
 41
-30.0
176
     1
 62
     5
 63
     7
421
 16777215
176
     1
 74
     0
176
     1
 91
        4
176
     1
 64
     7
176
     1
 65
   257
176
     1
 75
     1
176
     1
175
     1
176
     1
 42
1.0
176
     1
 92
        8
176
     1
 66
     7
176
     1
 43
1.0
176
     1
 76
     1
176
     1
 77
     6
176
     1
 78
     2
176
     1
 67
     7
176
     1
 79
     5
176
     1
170
     0
176
     1
171
     0
176
     1
290
     0
176
     1
 93
        1
176
     1
 44
0.0
176
     1
173
     0
176
     1
  0
VISUALSTYLE
  5
36
102
{ACAD_REACTORS
330
2A
102
}
102
{ACAD_XDICTIONARY
360
376
102
}
330
2A
100
AcDbVisualStyle
  2
Brighten
 70
    12
177
     2
291
     1
 71
     2
176
     1
 72
     2
176
     1
 73
     0
176
     1
 90
        0
176
     1
 40
-0.6
176
     1
 41
-30.0
176
     1
 62
     5
 63
     7
421
 16777215
176
     1
 74
     1
176
     1
 91
        4
176
     1
 64
     7
176
     1
 65
   257
176
     1
 75
     1
176
     1
175
     1
176
     1
 42
1.0
176
     1
 92
        8
176
     1
 66
     7
176
     1
 43
1.0
176
     1
 76
     1
176
     1
 77
     6
176
     1
 78
     2
176
     1
 67
     7
176
     1
 79
     5
176
     1
170
     0
176
     1
171
     0
176
     1
290
     0
176
     1
 93
        1
176
     1
 44
50.0
176
     1
173
     0
176
     1
  0
VISUALSTYLE
  5
3A
102
{ACAD_REACTORS
330
2A
102
}
102
{ACAD_XDICTIONARY
360
378
102
}
330
2A
100
AcDbVisualStyle
  2
ColorChange
 70
    16
177
     2
291
     1
 71
     2
176
     1
 72
     2
176
     1
 73
     3
176
     1
 90
        0
176
     1
 40
-0.6
176
     1
 41
-30.0
176
     1
 62
     5
 63
     8
421
  8421504
176
     1
 74
     1
176
     1
 91
        4
176
     1
 64
     7
176
     1
 65
   257
176
     1
 75
     1
176
     1
175
     1
176
     1
 42
1.0
176
     1
 92
        8
176
     1
 66
     8
424
  8421504
176
     1
 43
1.0
176
     1
 76
     1
176
     1
 77
     6
176
     1
 78
     2
176
     1
 67
     7
176
     1
 79
     5
176
     1
170
     0
176
     1
171
     0
176
     1
290
     0
176
     1
 93
        1
176
     1
 44
0.0
176
     1
173
     0
176
     1
  0
VISUALSTYLE
  5
34
102
{ACAD_REACTORS
330
2A
102
}
102
{ACAD_XDICTIONARY
360
37A
102
}
330
2A
100
AcDbVisualStyle
  2
Conceptual
 70
     9
177
     2
291
     0
 71
     3
176
     1
 72
     2
176
     1
 73
     0
176
     1
 90
        0
176
     1
 40
-0.6
176
     1
 41
-30.0
176
     1
 62
     5
 63
     7
421
 16777215
176
     1
 74
     2
176
     1
 91
        2
176
     1
 64
     7
176
     1
 65
   257
176
     1
 75
     1
176
     1
175
     1
176
     1
 42
179.0
176
     1
 92
        8
176
     1
 66
     7
176
     1
 43
1.0
176
     1
 76
     1
176
     1
 77
     6
176
     1
 78
     2
176
     1
 67
     7
176
     1
 79
     3
176
     1
170
     0
176
     1
171
     0
176
     1
290
     0
176
     1
 93
        1
176
     1
 44
0.0
176
     1
173
     0
176
     1
  0
VISUALSTYLE
  5
35
102
{ACAD_REACTORS
330
2A
102
}
102
{ACAD_XDICTIONARY
360
37C
102
}
330
2A
100
AcDbVisualStyle
  2
Dim
 70
    11
177
     2
291
     1
 71
     2
176
     1
 72
     2
176
     1
 73
     0
176
     1
 90
        0
176
     1
 40
-0.6
176
     1
 41
-30.0
176
     1
 62
     5
 63
     7
421
 16777215
176
     1
 74
     1
176
     1
 91
        4
176
     1
 64
     7
176
     1
 65
   257
176
     1
 75
     1
176
     1
175
     1
176
     1
 42
1.0
176
     1
 92
        8
176
     1
 66
     7
176
     1
 43
1.0
176
     1
 76
     1
176
     1
 77
     6
176
     1
 78
     2
176
     1
 67
     7
176
     1
 79
     5
176
     1
170
     0
176
     1
171
     0
176
     1
290
     0
176
     1
 93
        1
176
     1
 44
-50.0
176
     1
173
     0
176
     1
  0
VISUALSTYLE
  5
3D
102
{ACAD_REACTORS
330
2A
102
}
102
{ACAD_XDICTIONARY
360
37E
102
}
330
2A
100
AcDbVisualStyle
  2
EdgeColorOff
 70
    22
177
     2
291
     1
 71
     2
176
     0
 72
     2
176
     0
 73
     0
176
     0
 90
        0
176
     0
 40
-0.6
176
     0
 41
-30.0
176
     0
 62
     5
 63
     7
421
 16777215
176
     0
 74
     1
176
     0
 91
        4
176
     0
 64
     7
176
     0
 65
   257
176
     0
 75
     1
176
     0
175
     1
176
     0
 42
1.0
176
     0
 92
        8
176
     2
 66
     7
176
     0
 43
1.0
176
     0
 76
     1
176
     0
 77
     6
176
     0
 78
     2
176
     0
 67
     7
176
     0
 79
     5
176
     0
170
     0
176
     0
171
     0
176
     0
290
     0
176
     0
 93
        1
176
     0
 44
0.0
176
     0
173
     0
176
     0
  0
VISUALSTYLE
  5
39
102
{ACAD_REACTORS
330
2A
102
}
102
{ACAD_XDICTIONARY
360
380
102
}
330
2A
100
AcDbVisualStyle
  2
Facepattern
 70
    15
177
     2
291
     1
 71
     2
176
     1
 72
     2
176
     1
 73
     0
176
     1
 90
        0
176
     1
 40
-0.6
176
     1
 41
-30.0
176
     1
 62
     5
 63
     7
421
 16777215
176
     1
 74
     1
176
     1
 91
        4
176
     1
 64
     7
176
     1
 65
   257
176
     1
 75
     1
176
     1
175
     1
176
     1
 42
1.0
176
     1
 92
        8
176
     1
 66
     7
176
     1
 43
1.0
176
     1
 76
     1
176
     1
 77
     6
176
     1
 78
     2
176
     1
 67
     7
176
     1
 79
     5
176
     1
170
     0
176
     1
171
     0
176
     1
290
     0
176
     1
 93
        1
176
     1
 44
0.0
176
     1
173
     0
176
     1
  0
VISUALSTYLE
  5
2B
102
{ACAD_REACTORS
330
2A
102
}
102
{ACAD_XDICTIONARY
360
382
102
}
330
2A
100
AcDbVisualStyle
  2
Flat
 70
     0
177
     2
291
     1
 71
     2
176
     1
 72
     1
176
     1
 73
     1
176
     1
 90
        2
176
     1
 40
-0.6
176
     1
 41
30.0
176
     1
 62
     5
 63
     7
421
 16777215
176
     1
 74
     0
176
     1
 91
        0
176
     1
 64
     7
176
     1
 65
   257
176
     1
 75
     1
176
     1
175
     1
176
     1
 42
1.0
176
     1
 92
        8
176
     1
 66
     7
176
     1
 43
1.0
176
     1
 76
     1
176
     1
 77
     6
176
     1
 78
     2
176
     1
 67
     7
176
     1
 79
     5
176
     1
170
     0
176
     1
171
     0
176
     1
290
     0
176
     1
 93
       13
176
     1
 44
0.0
176
     1
173
     0
176
     1
  0
VISUALSTYLE
  5
2C
102
{ACAD_REACTORS
330
2A
102
}
102
{ACAD_XDICTIONARY
360
384
102
}
330
2A
100
AcDbVisualStyle
  2
FlatWithEdges
 70
     1
177
     2
291
     1
 71
     2
176
     1
 72
     1
176
     1
 73
     1
176
     1
 90
        2
176
     1
 40
-0.6
176
     1
 41
30.0
176
     1
 62
     5
 63
     7
421
 16777215
176
     1
 74
     1
176
     1
 91
        0
176
     1
 64
     7
176
     1
 65
   257
176
     1
 75
     1
176
     1
175
     1
176
     1
 42
1.0
176
     1
 92
        0
176
     1
 66
   257
176
     1
 43
1.0
176
     1
 76
     1
176
     1
 77
     6
176
     1
 78
     2
176
     1
 67
     7
176
     1
 79
     5
176
     1
170
     0
176
     1
171
     0
176
     1
290
     0
176
     1
 93
       13
176
     1
 44
0.0
176
     1
173
     0
176
     1
  0
VISUALSTYLE
  5
2D
102
{ACAD_REACTORS
330
2A
102
}
102
{ACAD_XDICTIONARY
360
386
102
}
330
2A
100
AcDbVisualStyle
  2
Gouraud
 70
     2
177
     2
291
     1
 71
     2
176
     1
 72
     2
176
     1
 73
     1
176
     1
 90
        2
176
     1
 40
-0.6
176
     1
 41
30.0
176
     1
 62
     5
 63
     7
421
 16777215
176
     1
 74
     0
176
     1
 91
        0
176
     1
 64
     7
176
     1
 65
   257
176
     1
 75
     1
176
     1
175
     1
176
     1
 42
1.0
176
     1
 92
        0
176
     1
 66
     7
176
     1
 43
1.0
176
     1
 76
     1
176
     1
 77
     6
176
     1
 78
     2
176
     1
 67
     7
176
     1
 79
     5
176
     1
170
     0
176
     1
171
     0
176
     1
290
     0
176
     1
 93
       13
176
     1
 44
0.0
176
     1
173
     0
176
     1
  0
VISUALSTYLE
  5
2E
102
{ACAD_REACTORS
330
2A
102
}
102
{ACAD_XDICTIONARY
360
388
102
}
330
2A
100
AcDbVisualStyle
  2
GouraudWithEdges
 70
     3
177
     2
291
     1
 71
     2
176
     1
 72
     2
176
     1
 73
     1
176
     1
 90
        2
176
     1
 40
-0.6
176
     1
 41
30.0
176
     1
 62
     5
 63
     7
421
 16777215
176
     1
 74
     1
176
     1
 91
        0
176
     1
 64
     7
176
     1
 65
   257
176
     1
 75
     1
176
     1
175
     1
176
     1
 42
1.0
176
     1
 92
        0
176
     1
 66
   257
176
     1
 43
1.0
176
     1
 76
     1
176
     1
 77
     6
176
     1
 78
     2
176
     1
 67
     7
176
     1
 79
     5
176
     1
170
     0
176
     1
171
     0
176
     1
290
     0
176
     1
 93
       13
176
     1
 44
0.0
176
     1
173
     0
176
     1
  0
VISUALSTYLE
  5
31
102
{ACAD_REACTORS
330
2A
102
}
102
{ACAD_XDICTIONARY
360
38A
102
}
330
2A
100
AcDbVisualStyle
  2
Hidden
 70
     6
177
     2
291
     0
 71
     1
176
     1
 72
     2
176
     1
 73
     2
176
     1
 90
        0
176
     1
 40
-0.6
176
     1
 41
-30.0
176
     1
 62
     5
 63
     7
421
 16777215
176
     1
 74
     2
176
     1
 91
        2
176
     1
 64
     7
176
     1
 65
   257
176
     1
 75
     2
176
     1
175
     1
176
     1
 42
40.0
176
     1
 92
        0
176
     1
 66
   257
176
     1
 43
1.0
176
     1
 76
     1
176
     1
 77
     6
176
     1
 78
     2
176
     1
 67
     7
176
     1
 79
     3
176
     1
170
     0
176
     1
171
     0
176
     1
290
     0
176
     1
 93
        1
176
     1
 44
0.0
176
     1
173
     0
176
     1
  0
VISUALSTYLE
  5
3B
102
{ACAD_REACTORS
330
2A
102
}
102
{ACAD_XDICTIONARY
360
38C
102
}
330
2A
100
AcDbVisualStyle
  2
JitterOff
 70
    20
177
     2
291
     1
 71
     2
176
     0
 72
     2
176
     0
 73
     0
176
     0
 90
        0
176
     0
 40
-0.6
176
     0
 41
-30.0
176
     0
 62
     5
 63
     7
421
 16777215
176
     0
 74
     1
176
     0
 91
        4
176
     0
 64
     7
176
     0
 65
   257
176
     0
 75
     1
176
     0
175
     1
176
     0
 42
1.0
176
     0
 92
       10
176
     2
 66
     7
176
     0
 43
1.0
176
     0
 76
     1
176
     0
 77
     6
176
     0
 78
     2
176
     0
 67
     7
176
     0
 79
     5
176
     0
170
     0
176
     0
171
     0
176
     0
290
     0
176
     0
 93
        1
176
     0
 44
0.0
176
     0
173
     0
176
     0
  0
VISUALSTYLE
  5
38
102
{ACAD_REACTORS
330
2A
102
}
102
{ACAD_XDICTIONARY
360
38E
102
}
330
2A
100
AcDbVisualStyle
  2
Linepattern
 70
    14
177
     2
291
     1
 71
     2
176
     1
 72
     2
176
     1
 73
     0
176
     1
 90
        0
176
     1
 40
-0.6
176
     1
 41
-30.0
176
     1
 62
     5
 63
     7
421
 16777215
176
     1
 74
     1
176
     1
 91
        4
176
     1
 64
     7
176
     1
 65
   257
176
     1
 75
     7
176
     1
175
     7
176
     1
 42
1.0
176
     1
 92
        8
176
     1
 66
     7
176
     1
 43
1.0
176
     1
 76
     1
176
     1
 77
     6
176
     1
 78
     2
176
     1
 67
     7
176
     1
 79
     5
176
     1
170
     0
176
     1
171
     0
176
     1
290
     0
176
     1
 93
        1
176
     1
 44
0.0
176
     1
173
     0
176
     1
  0
VISUALSTYLE
  5
3C
102
{ACAD_REACTORS
330
2A
102
}
102
{ACAD_XDICTIONARY
360
390
102
}
330
2A
100
AcDbVisualStyle
  2
OverhangOff
 70
    21
177
     2
291
     1
 71
     2
176
     0
 72
     2
176
     0
 73
     0
176
     0
 90
        0
176
     0
 40
-0.6
176
     0
 41
-30.0
176
     0
 62
     5
 63
     7
421
 16777215
176
     0
 74
     1
176
     0
 91
        4
176
     0
 64
     7
176
     0
 65
   257
176
     0
 75
     1
176
     0
175
     1
176
     0
 42
1.0
176
     0
 92
        9
176
     2
 66
     7
176
     0
 43
1.0
176
     0
 76
     1
176
     0
 77
     6
176
     0
 78
     2
176
     0
 67
     7
176
     0
 79
     5
176
     0
170
     0
176
     0
171
     0
176
     0
290
     0
176
     0
 93
        1
176
     0
 44
0.0
176
     0
173
     0
176
     0
  0
VISUALSTYLE
  5
33
102
{ACAD_REACTORS
330
2A
102
}
102
{ACAD_XDICTIONARY
360
392
102
}
330
2A
100
AcDbVisualStyle
  2
Realistic
 70
     8
177
     2
291
     0
 71
     2
176
     1
 72
     3
176
     1
 73
     0
176
     1
 90
        2
176
     1
 40
-0.6
176
     1
 41
30.0
176
     1
 62
     5
 63
     7
421
 16777215
176
     1
 74
     0
176
     1
 91
        0
176
     1
 64
     7
176
     1
 65
   257
176
     1
 75
     1
176
     1
175
     1
176
     1
 42
1.0
176
     1
 92
        8
176
     1
 66
   257
176
     1
 43
1.0
176
     1
 76
     1
176
     1
 77
     6
176
     1
 78
     2
176
     1
 67
     7
176
     1
 79
     3
176
     1
170
     0
176
     1
171
     0
176
     1
290
     0
176
     1
 93
       13
176
     1
 44
0.0
176
     1
173
     0
176
     1
  0
VISUALSTYLE
  5
42
102
{ACAD_REACTORS
330
2A
102
}
102
{ACAD_XDICTIONARY
360
394
102
}
330
2A
100
AcDbVisualStyle
  2
Shaded
 70
    27
177
     2
291
     0
 71
     2
176
     1
 72
     2
176
     1
 73
     1
176
     1
 90
        2
176
     1
 40
-0.6
176
     1
 41
30.0
176
     1
 62
     5
 63
     7
421
 16777215
176
     1
 74
     0
176
     1
 91
        4
176
     1
 64
     7
176
     1
 65
   257
176
     1
 75
     1
176
     1
175
     1
176
     1
 42
1.0
176
     1
 92
        8
176
     1
 66
   257
176
     1
 43
1.0
176
     1
 76
     1
176
     1
 77
     6
176
     1
 78
     2
176
     1
 67
     8
425
  7895160
176
     1
 79
     3
176
     1
170
     0
176
     1
171
     0
176
     1
290
     0
176
     1
 93
        5
176
     1
 44
0.0
176
     1
173
     0
176
     1
  0
VISUALSTYLE
  5
41
102
{ACAD_REACTORS
330
2A
102
}
102
{ACAD_XDICTIONARY
360
396
102
}
330
2A
100
AcDbVisualStyle
  2
Shaded with edges
 70
    26
177
     2
291
     0
 71
     2
176
     1
 72
     2
176
     1
 73
     1
176
     1
 90
        2
176
     1
 40
-0.6
176
     1
 41
30.0
176
     1
 62
     5
 63
     7
421
 16777215
176
     1
 74
     1
176
     1
 91
       10
176
     1
 64
     7
176
     1
 65
   257
176
     1
 75
     2
176
     1
175
     1
176
     1
 42
1.0
176
     1
 92
        8
176
     1
 66
   257
176
     1
 43
1.0
176
     1
 76
     1
176
     1
 77
     6
176
     1
 78
     2
176
     1
 67
     7
176
     1
 79
     3
176
     1
170
     0
176
     1
171
     0
176
     1
290
     0
176
     1
 93
        5
176
     1
 44
0.0
176
     1
173
     0
176
     1
  0
VISUALSTYLE
  5
3E
102
{ACAD_REACTORS
330
2A
102
}
102
{ACAD_XDICTIONARY
360
398
102
}
330
2A
100
AcDbVisualStyle
  2
Shades of Gray
 70
    23
177
     2
291
     0
 71
     2
176
     1
 72
     2
176
     1
 73
     3
176
     1
 90
        0
176
     1
 40
-0.6
176
     1
 41
-30.0
176
     1
 62
     5
 63
     7
421
 16777215
176
     1
 74
     2
176
     1
 91
        2
176
     1
 64
     7
176
     1
 65
     7
176
     1
 75
     1
176
     1
175
     1
176
     1
 42
40.0
176
     1
 92
        8
176
     1
 66
     7
176
     1
 43
1.0
176
     1
 76
     1
176
     1
 77
     6
176
     1
 78
     2
176
     1
 67
     7
176
     1
 79
     3
176
     1
170
     0
176
     1
171
     0
176
     1
290
     0
176
     1
 93
        1
176
     1
 44
0.0
176
     1
173
     0
176
     1
  0
VISUALSTYLE
  5
3F
102
{ACAD_REACTORS
330
2A
102
}
102
{ACAD_XDICTIONARY
360
39A
102
}
330
2A
100
AcDbVisualStyle
  2
Sketchy
 70
    24
177
     2
291
     0
 71
     1
176
     1
 72
     2
176
     1
 73
     2
176
     1
 90
        0
176
     1
 40
-0.6
176
     1
 41
-30.0
176
     1
 62
     5
 63
     7
421
 16777215
176
     1
 74
     2
176
     1
 91
        2
176
     1
 64
     7
176
     1
 65
     7
176
     1
 75
     1
176
     1
175
     1
176
     1
 42
40.0
176
     1
 92
       11
176
     1
 66
     7
176
     1
 43
1.0
176
     1
 76
     1
176
     1
 77
     6
176
     1
 78
     2
176
     1
 67
     7
176
     1
 79
     6
176
     1
170
     0
176
     1
171
     0
176
     1
290
     0
176
     1
 93
        1
176
     1
 44
0.0
176
     1
173
     0
176
     1
  0
VISUALSTYLE
  5
37
102
{ACAD_REACTORS
330
2A
102
}
102
{ACAD_XDICTIONARY
360
39C
102
}
330
2A
100
AcDbVisualStyle
  2
Thicken
 70
    13
177
     2
291
     1
 71
     2
176
     1
 72
     2
176
     1
 73
     0
176
     1
 90
        0
176
     1
 40
-0.6
176
     1
 41
-30.0
176
     1
 62
     5
 63
     7
421
 16777215
176
     1
 74
     1
176
     1
 91
        4
176
     1
 64
     7
176
     1
 65
   257
176
     1
 75
     1
176
     1
175
     1
176
     1
 42
1.0
176
     1
 92
       12
176
     1
 66
     7
176
     1
 43
1.0
176
     1
 76
     1
176
     1
 77
     6
176
     1
 78
     2
176
     1
 67
     7
176
     1
 79
     5
176
     1
170
     0
176
     1
171
     0
176
     1
290
     0
176
     1
 93
        1
176
     1
 44
0.0
176
     1
173
     0
176
     1
  0
VISUALSTYLE
  5
30
102
{ACAD_REACTORS
330
2A
102
}
102
{ACAD_XDICTIONARY
360
39E
102
}
330
2A
100
AcDbVisualStyle
  2
Wireframe
 70
     5
177
     2
291
     0
 71
     0
176
     1
 72
     2
176
     1
 73
     0
176
     1
 90
        0
176
     1
 40
-0.6
176
     1
 41
-30.0
176
     1
 62
     5
 63
     7
421
 16777215
176
     1
 74
     1
176
     1
 91
        4
176
     1
 64
     7
176
     1
 65
   257
176
     1
 75
     1
176
     1
175
     1
176
     1
 42
1.0
176
     1
 92
        0
176
     1
 66
   257
176
     1
 43
1.0
176
     1
 76
     1
176
     1
 77
     6
176
     1
 78
     2
176
     1
 67
     7
176
     1
 79
     3
176
     1
170
     0
176
     1
171
     0
176
     1
290
     0
176
     1
 93
        1
176
     1
 44
0.0
176
     1
173
     0
176
     1
  0
VISUALSTYLE
  5
40
102
{ACAD_REACTORS
330
2A
102
}
102
{ACAD_XDICTIONARY
360
3A0
102
}
330
2A
100
AcDbVisualStyle
  2
X-Ray
 70
    25
177
     2
291
     0
 71
     2
176
     1
 72
     2
176
     1
 73
     1
176
     1
 90
        1
176
     1
 40
0.5
176
     1
 41
-30.0
176
     1
 62
     5
 63
     7
421
 16777215
176
     1
 74
     1
176
     1
 91
        0
176
     1
 64
     7
176
     1
 65
   257
176
     1
 75
     1
176
     1
175
     1
176
     1
 42
1.0
176
     1
 92
        8
176
     1
 66
     7
176
     1
 43
1.0
176
     1
 76
     1
176
     1
 77
     6
176
     1
 78
     2
176
     1
 67
     7
176
     1
 79
     3
176
     1
170
     0
176
     1
171
     0
176
     1
290
     0
176
     1
 93
       13
176
     1
 44
0.0
176
     1
173
     0
176
     1
  0
DICTIONARYVAR
  5
249
102
{ACAD_REACTORS
330
248
102
}
330
248
100
DictionaryVariables
280
     0
  1
1:1
  0
DICTIONARYVAR
  5
28A
102
{ACAD_REACTORS
330
248
102
}
330
248
100
DictionaryVariables
280
     0
  1
Standard
  0
DICTIONARYVAR
  5
289
102
{ACAD_REACTORS
330
248
102
}
330
248
100
DictionaryVariables
280
     0
  1
Standard
  0
DICTIONARYVAR
  5
24A
102
{ACAD_REACTORS
330
248
102
}
330
248
100
DictionaryVariables
280
     0
  1
1
  0
DICTIONARYVAR
  5
24B
102
{ACAD_REACTORS
330
248
102
}
330
248
100
DictionaryVariables
280
     0
  1
2
  0
DICTIONARY
  5
36C
330
6A
100
AcDbDictionary
280
     1
281
     1
  3
ACAD_ROUNDTRIP_2008_TABLESTYLE_CELLSTYLEMAP
360
36D
  0
DICTIONARY
  5
36E
330
2F
100
AcDbDictionary
280
     1
281
     1
  3
ACAD_XREC_ROUNDTRIP
360
36F
  0
DICTIONARY
  5
370
330
28F
100
AcDbDictionary
280
     1
281
     1
  3
ACAD_XREC_ROUNDTRIP
360
371
  0
DICTIONARY
  5
372
330
28E
100
AcDbDictionary
280
     1
281
     1
  3
ACAD_XREC_ROUNDTRIP
360
373
  0
DICTIONARY
  5
374
330
32
100
AcDbDictionary
280
     1
281
     1
  3
ACAD_XREC_ROUNDTRIP
360
375
  0
DICTIONARY
  5
376
330
36
100
AcDbDictionary
280
     1
281
     1
  3
ACAD_XREC_ROUNDTRIP
360
377
  0
DICTIONARY
  5
378
330
3A
100
AcDbDictionary
280
     1
281
     1
  3
ACAD_XREC_ROUNDTRIP
360
379
  0
DICTIONARY
  5
37A
330
34
100
AcDbDictionary
280
     1
281
     1
  3
ACAD_XREC_ROUNDTRIP
360
37B
  0
DICTIONARY
  5
37C
330
35
100
AcDbDictionary
280
     1
281
     1
  3
ACAD_XREC_ROUNDTRIP
360
37D
  0
DICTIONARY
  5
37E
330
3D
100
AcDbDictionary
280
     1
281
     1
  3
ACAD_XREC_ROUNDTRIP
360
37F
  0
DICTIONARY
  5
380
330
39
100
AcDbDictionary
280
     1
281
     1
  3
ACAD_XREC_ROUNDTRIP
360
381
  0
DICTIONARY
  5
382
330
2B
100
AcDbDictionary
280
     1
281
     1
  3
ACAD_XREC_ROUNDTRIP
360
383
  0
DICTIONARY
  5
384
330
2C
100
AcDbDictionary
280
     1
281
     1
  3
ACAD_XREC_ROUNDTRIP
360
385
  0
DICTIONARY
  5
386
330
2D
100
AcDbDictionary
280
     1
281
     1
  3
ACAD_XREC_ROUNDTRIP
360
387
  0
DICTIONARY
  5
388
330
2E
100
AcDbDictionary
280
     1
281
     1
  3
ACAD_XREC_ROUNDTRIP
360
389
  0
DICTIONARY
  5
38A
330
31
100
AcDbDictionary
280
     1
281
     1
  3
ACAD_XREC_ROUNDTRIP
360
38B
  0
DICTIONARY
  5
38C
330
3B
100
AcDbDictionary
280
     1
281
     1
  3
ACAD_XREC_ROUNDTRIP
360
38D
  0
DICTIONARY
  5
38E
330
38
100
AcDbDictionary
280
     1
281
     1
  3
ACAD_XREC_ROUNDTRIP
360
38F
  0
DICTIONARY
  5
390
330
3C
100
AcDbDictionary
280
     1
281
     1
  3
ACAD_XREC_ROUNDTRIP
360
391
  0
DICTIONARY
  5
392
330
33
100
AcDbDictionary
280
     1
281
     1
  3
ACAD_XREC_ROUNDTRIP
360
393
  0
DICTIONARY
  5
394
330
42
100
AcDbDictionary
280
     1
281
     1
  3
ACAD_XREC_ROUNDTRIP
360
395
  0
DICTIONARY
  5
396
330
41
100
AcDbDictionary
280
     1
281
     1
  3
ACAD_XREC_ROUNDTRIP
360
397
  0
DICTIONARY
  5
398
330
3E
100
AcDbDictionary
280
     1
281
     1
  3
ACAD_XREC_ROUNDTRIP
360
399
  0
DICTIONARY
  5
39A
330
3F
100
AcDbDictionary
280
     1
281
     1
  3
ACAD_XREC_ROUNDTRIP
360
39B
  0
DICTIONARY
  5
39C
330
37
100
AcDbDictionary
280
     1
281
     1
  3
ACAD_XREC_ROUNDTRIP
360
39D
  0
DICTIONARY
  5
39E
330
30
100
AcDbDictionary
280
     1
281
     1
  3
ACAD_XREC_ROUNDTRIP
360
39F
  0
DICTIONARY
  5
3A0
330
40
100
AcDbDictionary
280
     1
281
     1
  3
ACAD_XREC_ROUNDTRIP
360
3A1
  0
CELLSTYLEMAP
  5
36D
102
{ACAD_REACTORS
330
36C
102
}
330
36C
100
AcDbCellStyleMap
 90
        3
300
CELLSTYLE
  1
TABLEFORMAT_BEGIN
 90
        5
170
     1
 91
        0
 92
    32768
 62
   257
 93
        1
300
CONTENTFORMAT
  1
CONTENTFORMAT_BEGIN
 90
        0
 91
        0
 92
        4
 93
        0
300

 40
0.0
140
1.0
 94
        5
 62
     0
340
11
144
0.25
309
CONTENTFORMAT_END
171
     1
301
MARGIN
  1
CELLMARGIN_BEGIN
 40
0.06
 40
0.06
 40
0.06
 40
0.06
 40
0.06
 40
0.06
309
CELLMARGIN_END
 94
        6
 95
        1
302
GRIDFORMAT
  1
GRIDFORMAT_BEGIN
 90
        0
 91
        1
 62
     0
 92
       -2
340
14
 93
        0
 40
0.045
309
GRIDFORMAT_END
 95
        2
302
GRIDFORMAT
  1
GRIDFORMAT_BEGIN
 90
        0
 91
        1
 62
     0
 92
       -2
340
14
 93
        0
 40
0.045
309
GRIDFORMAT_END
 95
        4
302
GRIDFORMAT
  1
GRIDFORMAT_BEGIN
 90
        0
 91
        1
 62
     0
 92
       -2
340
14
 93
        0
 40
0.045
309
GRIDFORMAT_END
 95
        8
302
GRIDFORMAT
  1
GRIDFORMAT_BEGIN
 90
        0
 91
        1
 62
     0
 92
       -2
340
14
 93
        0
 40
0.045
309
GRIDFORMAT_END
 95
       16
302
GRIDFORMAT
  1
GRIDFORMAT_BEGIN
 90
        0
 91
        1
 62
     0
 92
       -2
340
14
 93
        0
 40
0.045
309
GRIDFORMAT_END
 95
       32
302
GRIDFORMAT
  1
GRIDFORMAT_BEGIN
 90
        0
 91
        1
 62
     0
 92
       -2
340
14
 93
        0
 40
0.045
309
GRIDFORMAT_END
309
TABLEFORMAT_END
  1
CELLSTYLE_BEGIN
 90
        1
 91
        1
300
_TITLE
309
CELLSTYLE_END
300
CELLSTYLE
  1
TABLEFORMAT_BEGIN
 90
        5
170
     1
 91
        0
 92
        0
 62
   257
 93
        1
300
CONTENTFORMAT
  1
CONTENTFORMAT_BEGIN
 90
        0
 91
        0
 92
        4
 93
        0
300

 40
0.0
140
1.0
 94
        5
 62
     0
340
11
144
0.18
309
CONTENTFORMAT_END
171
     1
301
MARGIN
  1
CELLMARGIN_BEGIN
 40
0.06
 40
0.06
 40
0.06
 40
0.06
 40
0.06
 40
0.06
309
CELLMARGIN_END
 94
        6
 95
        1
302
GRIDFORMAT
  1
GRIDFORMAT_BEGIN
 90
        0
 91
        1
 62
     0
 92
       -2
340
14
 93
        0
 40
0.045
309
GRIDFORMAT_END
 95
        2
302
GRIDFORMAT
  1
GRIDFORMAT_BEGIN
 90
        0
 91
        1
 62
     0
 92
       -2
340
14
 93
        0
 40
0.045
309
GRIDFORMAT_END
 95
        4
302
GRIDFORMAT
  1
GRIDFORMAT_BEGIN
 90
        0
 91
        1
 62
     0
 92
       -2
340
14
 93
        0
 40
0.045
309
GRIDFORMAT_END
 95
        8
302
GRIDFORMAT
  1
GRIDFORMAT_BEGIN
 90
        0
 91
        1
 62
     0
 92
       -2
340
14
 93
        0
 40
0.045
309
GRIDFORMAT_END
 95
       16
302
GRIDFORMAT
  1
GRIDFORMAT_BEGIN
 90
        0
 91
        1
 62
     0
 92
       -2
340
14
 93
        0
 40
0.045
309
GRIDFORMAT_END
 95
       32
302
GRIDFORMAT
  1
GRIDFORMAT_BEGIN
 90
        0
 91
        1
 62
     0
 92
       -2
340
14
 93
        0
 40
0.045
309
GRIDFORMAT_END
309
TABLEFORMAT_END
  1
CELLSTYLE_BEGIN
 90
        2
 91
        1
300
_HEADER
309
CELLSTYLE_END
300
CELLSTYLE
  1
TABLEFORMAT_BEGIN
 90
        5
170
     1
 91
        0
 92
        0
 62
   257
 93
        1
300
CONTENTFORMAT
  1
CONTENTFORMAT_BEGIN
 90
        0
 91
        0
 92
        4
 93
        0
300

 40
0.0
140
1.0
 94
        2
 62
     0
340
11
144
0.18
309
CONTENTFORMAT_END
171
     1
301
MARGIN
  1
CELLMARGIN_BEGIN
 40
0.06
 40
0.06
 40
0.06
 40
0.06
 40
0.06
 40
0.06
309
CELLMARGIN_END
 94
        6
 95
        1
302
GRIDFORMAT
  1
GRIDFORMAT_BEGIN
 90
        0
 91
        1
 62
     0
 92
       -2
340
14
 93
        0
 40
0.045
309
GRIDFORMAT_END
 95
        2
302
GRIDFORMAT
  1
GRIDFORMAT_BEGIN
 90
        0
 91
        1
 62
     0
 92
       -2
340
14
 93
        0
 40
0.045
309
GRIDFORMAT_END
 95
        4
302
GRIDFORMAT
  1
GRIDFORMAT_BEGIN
 90
        0
 91
        1
 62
     0
 92
       -2
340
14
 93
        0
 40
0.045
309
GRIDFORMAT_END
 95
        8
302
GRIDFORMAT
  1
GRIDFORMAT_BEGIN
 90
        0
 91
        1
 62
     0
 92
       -2
340
14
 93
        0
 40
0.045
309
GRIDFORMAT_END
 95
       16
302
GRIDFORMAT
  1
GRIDFORMAT_BEGIN
 90
        0
 91
        1
 62
     0
 92
       -2
340
14
 93
        0
 40
0.045
309
GRIDFORMAT_END
 95
       32
302
GRIDFORMAT
  1
GRIDFORMAT_BEGIN
 90
        0
 91
        1
 62
     0
 92
       -2
340
14
 93
        0
 40
0.045
309
GRIDFORMAT_END
309
TABLEFORMAT_END
  1
CELLSTYLE_BEGIN
 90
        3
 91
        2
300
_DATA
309
CELLSTYLE_END
  0
XRECORD
  5
36F
102
{ACAD_REACTORS
330
36E
102
}
330
36E
100
AcDbXrecord
280
     1
102
RTVSPost2010Prop28
280
     1
102
RTVSPost2010PropOp28
 70
     1
102
RTVSPost2010Prop29
280
     1
102
RTVSPost2010PropOp29
 70
     1
102
RTVSPost2010Prop30
280
     0
102
RTVSPost2010PropOp30
 70
     1
102
RTVSPost2010Prop31
280
     0
102
RTVSPost2010PropOp31
 70
     1
102
RTVSPost2010Prop32
280
     0
102
RTVSPost2010PropOp32
 70
     1
102
RTVSPost2010Prop33
280
     0
102
RTVSPost2010PropOp33
 70
     1
102
RTVSPost2010Prop34
280
     0
102
RTVSPost2010PropOp34
 70
     1
102
RTVSPost2010Prop35
280
     0
102
RTVSPost2010PropOp35
 70
     1
102
RTVSPost2010Prop36
280
     0
102
RTVSPost2010PropOp36
 70
     1
102
RTVSPost2010Prop37
 90
       50
102
RTVSPost2010PropOp37
 70
     1
102
RTVSPost2010Prop38
140
0.0
102
RTVSPost2010PropOp38
 70
     1
102
RTVSPost2010Prop39
140
1.0
102
RTVSPost2010PropOp39
 70
     1
102
RTVSPost2010Prop40
 90
        0
102
RTVSPost2010PropOp40
 70
     1
102
RTVSPost2010Prop41ColorIndex
 90
       18
102
RTVSPost2010Prop41ColorRGB
 90
        0
102
RTVSPost2010PropOp41
 70
     1
102
RTVSPost2010Prop42
 90
       50
102
RTVSPost2010PropOp42
 70
     1
102
RTVSPost2010Prop43
 90
        3
102
RTVSPost2010PropOp43
 70
     1
102
RTVSPost2010Prop44ColorIndex
 90
        5
102
RTVSPost2010Prop44ColorRGB
 90
      255
102
RTVSPost2010PropOp44
 70
     1
102
RTVSPost2010Prop45
280
     0
102
RTVSPost2010PropOp45
 70
     1
102
RTVSPost2010Prop46
 90
       50
102
RTVSPost2010PropOp46
 70
     1
102
RTVSPost2010Prop47
 90
       50
102
RTVSPost2010PropOp47
 70
     1
102
RTVSPost2010Prop48
 90
       50
102
RTVSPost2010PropOp48
 70
     1
102
RTVSPost2010Prop49
280
     0
102
RTVSPost2010PropOp49
 70
     1
102
RTVSPost2010Prop50
 90
       50
102
RTVSPost2010PropOp50
 70
     1
102
RTVSPost2010Prop51ColorIndex
 90
      256
102
RTVSPost2010Prop51ColorRGB
 90
-16777216
102
RTVSPost2010PropOp51
 70
     0
102
RTVSPost2010Prop52
140
1.0
102
RTVSPost2010PropOp52
 70
     0
102
RTVSPost2010Prop53
 90
        2
102
RTVSPost2010PropOp53
 70
     1
102
RTVSPost2010Prop54
  1
strokes_ogs.tif
102
RTVSPost2010PropOp54
 70
     1
102
RTVSPost2010Prop55
280
     0
102
RTVSPost2010PropOp55
 70
     1
102
RTVSPost2010Prop56
140
1.0
102
RTVSPost2010PropOp56
 70
     1
102
RTVSPost2010Prop57
140
1.0
102
RTVSPost2010PropOp57
 70
     1
  0
XRECORD
  5
371
102
{ACAD_REACTORS
330
370
102
}
330
370
100
AcDbXrecord
280
     1
102
RTVSPost2010Prop28
280
     0
102
RTVSPost2010PropOp28
 70
     1
102
RTVSPost2010Prop29
280
     1
102
RTVSPost2010PropOp29
 70
     1
102
RTVSPost2010Prop30
280
     1
102
RTVSPost2010PropOp30
 70
     1
102
RTVSPost2010Prop31
280
     0
102
RTVSPost2010PropOp31
 70
     1
102
RTVSPost2010Prop32
280
     0
102
RTVSPost2010PropOp32
 70
     1
102
RTVSPost2010Prop33
280
     0
102
RTVSPost2010PropOp33
 70
     1
102
RTVSPost2010Prop34
280
     0
102
RTVSPost2010PropOp34
 70
     1
102
RTVSPost2010Prop35
280
     0
102
RTVSPost2010PropOp35
 70
     1
102
RTVSPost2010Prop36
280
     0
102
RTVSPost2010PropOp36
 70
     1
102
RTVSPost2010Prop37
 90
       50
102
RTVSPost2010PropOp37
 70
     1
102
RTVSPost2010Prop38
140
0.0
102
RTVSPost2010PropOp38
 70
     1
102
RTVSPost2010Prop39
140
1.0
102
RTVSPost2010PropOp39
 70
     1
102
RTVSPost2010Prop40
 90
        0
102
RTVSPost2010PropOp40
 70
     1
102
RTVSPost2010Prop41ColorIndex
 90
       18
102
RTVSPost2010Prop41ColorRGB
 90
        0
102
RTVSPost2010PropOp41
 70
     1
102
RTVSPost2010Prop42
 90
       50
102
RTVSPost2010PropOp42
 70
     1
102
RTVSPost2010Prop43
 90
        3
102
RTVSPost2010PropOp43
 70
     1
102
RTVSPost2010Prop44ColorIndex
 90
        5
102
RTVSPost2010Prop44ColorRGB
 90
      255
102
RTVSPost2010PropOp44
 70
     1
102
RTVSPost2010Prop45
280
     0
102
RTVSPost2010PropOp45
 70
     1
102
RTVSPost2010Prop46
 90
       50
102
RTVSPost2010PropOp46
 70
     1
102
RTVSPost2010Prop47
 90
       50
102
RTVSPost2010PropOp47
 70
     1
102
RTVSPost2010Prop48
 90
       50
102
RTVSPost2010PropOp48
 70
     1
102
RTVSPost2010Prop49
280
     0
102
RTVSPost2010PropOp49
 70
     1
102
RTVSPost2010Prop50
 90
       50
102
RTVSPost2010PropOp50
 70
     1
102
RTVSPost2010Prop51ColorIndex
 90
      256
102
RTVSPost2010Prop51ColorRGB
 90
-16777216
102
RTVSPost2010PropOp51
 70
     0
102
RTVSPost2010Prop52
140
1.0
102
RTVSPost2010PropOp52
 70
     0
102
RTVSPost2010Prop53
 90
        2
102
RTVSPost2010PropOp53
 70
     1
102
RTVSPost2010Prop54
  1
strokes_ogs.tif
102
RTVSPost2010PropOp54
 70
     1
102
RTVSPost2010Prop55
280
     0
102
RTVSPost2010PropOp55
 70
     1
102
RTVSPost2010Prop56
140
1.0
102
RTVSPost2010PropOp56
 70
     1
102
RTVSPost2010Prop57
140
1.0
102
RTVSPost2010PropOp57
 70
     1
  0
XRECORD
  5
373
102
{ACAD_REACTORS
330
372
102
}
330
372
100
AcDbXrecord
280
     1
102
RTVSPost2010Prop28
280
     0
102
RTVSPost2010PropOp28
 70
     1
102
RTVSPost2010Prop29
280
     1
102
RTVSPost2010PropOp29
 70
     1
102
RTVSPost2010Prop30
280
     1
102
RTVSPost2010PropOp30
 70
     1
102
RTVSPost2010Prop31
280
     0
102
RTVSPost2010PropOp31
 70
     1
102
RTVSPost2010Prop32
280
     0
102
RTVSPost2010PropOp32
 70
     1
102
RTVSPost2010Prop33
280
     0
102
RTVSPost2010PropOp33
 70
     1
102
RTVSPost2010Prop34
280
     0
102
RTVSPost2010PropOp34
 70
     1
102
RTVSPost2010Prop35
280
     0
102
RTVSPost2010PropOp35
 70
     1
102
RTVSPost2010Prop36
280
     0
102
RTVSPost2010PropOp36
 70
     1
102
RTVSPost2010Prop37
 90
       50
102
RTVSPost2010PropOp37
 70
     1
102
RTVSPost2010Prop38
140
0.0
102
RTVSPost2010PropOp38
 70
     1
102
RTVSPost2010Prop39
140
1.0
102
RTVSPost2010PropOp39
 70
     1
102
RTVSPost2010Prop40
 90
        0
102
RTVSPost2010PropOp40
 70
     1
102
RTVSPost2010Prop41ColorIndex
 90
       18
102
RTVSPost2010Prop41ColorRGB
 90
        0
102
RTVSPost2010PropOp41
 70
     1
102
RTVSPost2010Prop42
 90
       50
102
RTVSPost2010PropOp42
 70
     1
102
RTVSPost2010Prop43
 90
        3
102
RTVSPost2010PropOp43
 70
     1
102
RTVSPost2010Prop44ColorIndex
 90
        5
102
RTVSPost2010Prop44ColorRGB
 90
      255
102
RTVSPost2010PropOp44
 70
     1
102
RTVSPost2010Prop45
280
     0
102
RTVSPost2010PropOp45
 70
     1
102
RTVSPost2010Prop46
 90
       50
102
RTVSPost2010PropOp46
 70
     1
102
RTVSPost2010Prop47
 90
       50
102
RTVSPost2010PropOp47
 70
     1
102
RTVSPost2010Prop48
 90
       50
102
RTVSPost2010PropOp48
 70
     1
102
RTVSPost2010Prop49
280
     0
102
RTVSPost2010PropOp49
 70
     1
102
RTVSPost2010Prop50
 90
       50
102
RTVSPost2010PropOp50
 70
     1
102
RTVSPost2010Prop51ColorIndex
 90
      256
102
RTVSPost2010Prop51ColorRGB
 90
-16777216
102
RTVSPost2010PropOp51
 70
     0
102
RTVSPost2010Prop52
140
1.0
102
RTVSPost2010PropOp52
 70
     0
102
RTVSPost2010Prop53
 90
        2
102
RTVSPost2010PropOp53
 70
     1
102
RTVSPost2010Prop54
  1
strokes_ogs.tif
102
RTVSPost2010PropOp54
 70
     1
102
RTVSPost2010Prop55
280
     0
102
RTVSPost2010PropOp55
 70
     1
102
RTVSPost2010Prop56
140
1.0
102
RTVSPost2010PropOp56
 70
     1
102
RTVSPost2010Prop57
140
1.0
102
RTVSPost2010PropOp57
 70
     1
  0
XRECORD
  5
375
102
{ACAD_REACTORS
330
374
102
}
330
374
100
AcDbXrecord
280
     1
102
RTVSPost2010Prop28
280
     0
102
RTVSPost2010PropOp28
 70
     1
102
RTVSPost2010Prop29
280
     1
102
RTVSPost2010PropOp29
 70
     1
102
RTVSPost2010Prop30
280
     1
102
RTVSPost2010PropOp30
 70
     1
102
RTVSPost2010Prop31
280
     0
102
RTVSPost2010PropOp31
 70
     1
102
RTVSPost2010Prop32
280
     0
102
RTVSPost2010PropOp32
 70
     1
102
RTVSPost2010Prop33
280
     0
102
RTVSPost2010PropOp33
 70
     1
102
RTVSPost2010Prop34
280
     0
102
RTVSPost2010PropOp34
 70
     1
102
RTVSPost2010Prop35
280
     0
102
RTVSPost2010PropOp35
 70
     1
102
RTVSPost2010Prop36
280
     0
102
RTVSPost2010PropOp36
 70
     1
102
RTVSPost2010Prop37
 90
       50
102
RTVSPost2010PropOp37
 70
     1
102
RTVSPost2010Prop38
140
0.0
102
RTVSPost2010PropOp38
 70
     1
102
RTVSPost2010Prop39
140
1.0
102
RTVSPost2010PropOp39
 70
     1
102
RTVSPost2010Prop40
 90
        0
102
RTVSPost2010PropOp40
 70
     1
102
RTVSPost2010Prop41ColorIndex
 90
       18
102
RTVSPost2010Prop41ColorRGB
 90
        0
102
RTVSPost2010PropOp41
 70
     1
102
RTVSPost2010Prop42
 90
       50
102
RTVSPost2010PropOp42
 70
     1
102
RTVSPost2010Prop43
 90
        3
102
RTVSPost2010PropOp43
 70
     1
102
RTVSPost2010Prop44ColorIndex
 90
        5
102
RTVSPost2010Prop44ColorRGB
 90
      255
102
RTVSPost2010PropOp44
 70
     1
102
RTVSPost2010Prop45
280
     0
102
RTVSPost2010PropOp45
 70
     1
102
RTVSPost2010Prop46
 90
       50
102
RTVSPost2010PropOp46
 70
     1
102
RTVSPost2010Prop47
 90
       50
102
RTVSPost2010PropOp47
 70
     1
102
RTVSPost2010Prop48
 90
       50
102
RTVSPost2010PropOp48
 70
     1
102
RTVSPost2010Prop49
280
     0
102
RTVSPost2010PropOp49
 70
     1
102
RTVSPost2010Prop50
 90
       50
102
RTVSPost2010PropOp50
 70
     1
102
RTVSPost2010Prop51ColorIndex
 90
      256
102
RTVSPost2010Prop51ColorRGB
 90
-16777216
102
RTVSPost2010PropOp51
 70
     0
102
RTVSPost2010Prop52
140
1.0
102
RTVSPost2010PropOp52
 70
     0
102
RTVSPost2010Prop53
 90
        2
102
RTVSPost2010PropOp53
 70
     1
102
RTVSPost2010Prop54
  1
strokes_ogs.tif
102
RTVSPost2010PropOp54
 70
     1
102
RTVSPost2010Prop55
280
     0
102
RTVSPost2010PropOp55
 70
     1
102
RTVSPost2010Prop56
140
1.0
102
RTVSPost2010PropOp56
 70
     1
102
RTVSPost2010Prop57
140
1.0
102
RTVSPost2010PropOp57
 70
     1
  0
XRECORD
  5
377
102
{ACAD_REACTORS
330
376
102
}
330
376
100
AcDbXrecord
280
     1
102
RTVSPost2010Prop28
280
     0
102
RTVSPost2010PropOp28
 70
     1
102
RTVSPost2010Prop29
280
     1
102
RTVSPost2010PropOp29
 70
     1
102
RTVSPost2010Prop30
280
     1
102
RTVSPost2010PropOp30
 70
     1
102
RTVSPost2010Prop31
280
     0
102
RTVSPost2010PropOp31
 70
     1
102
RTVSPost2010Prop32
280
     0
102
RTVSPost2010PropOp32
 70
     1
102
RTVSPost2010Prop33
280
     0
102
RTVSPost2010PropOp33
 70
     1
102
RTVSPost2010Prop34
280
     0
102
RTVSPost2010PropOp34
 70
     1
102
RTVSPost2010Prop35
280
     0
102
RTVSPost2010PropOp35
 70
     1
102
RTVSPost2010Prop36
280
     0
102
RTVSPost2010PropOp36
 70
     1
102
RTVSPost2010Prop37
 90
       50
102
RTVSPost2010PropOp37
 70
     1
102
RTVSPost2010Prop38
140
0.0
102
RTVSPost2010PropOp38
 70
     1
102
RTVSPost2010Prop39
140
1.0
102
RTVSPost2010PropOp39
 70
     1
102
RTVSPost2010Prop40
 90
        0
102
RTVSPost2010PropOp40
 70
     1
102
RTVSPost2010Prop41ColorIndex
 90
       18
102
RTVSPost2010Prop41ColorRGB
 90
        0
102
RTVSPost2010PropOp41
 70
     1
102
RTVSPost2010Prop42
 90
       50
102
RTVSPost2010PropOp42
 70
     1
102
RTVSPost2010Prop43
 90
        3
102
RTVSPost2010PropOp43
 70
     1
102
RTVSPost2010Prop44ColorIndex
 90
        5
102
RTVSPost2010Prop44ColorRGB
 90
      255
102
RTVSPost2010PropOp44
 70
     1
102
RTVSPost2010Prop45
280
     0
102
RTVSPost2010PropOp45
 70
     1
102
RTVSPost2010Prop46
 90
       50
102
RTVSPost2010PropOp46
 70
     1
102
RTVSPost2010Prop47
 90
       50
102
RTVSPost2010PropOp47
 70
     1
102
RTVSPost2010Prop48
 90
       50
102
RTVSPost2010PropOp48
 70
     1
102
RTVSPost2010Prop49
280
     0
102
RTVSPost2010PropOp49
 70
     1
102
RTVSPost2010Prop50
 90
       50
102
RTVSPost2010PropOp50
 70
     1
102
RTVSPost2010Prop51ColorIndex
 90
      256
102
RTVSPost2010Prop51ColorRGB
 90
-16777216
102
RTVSPost2010PropOp51
 70
     0
102
RTVSPost2010Prop52
140
1.0
102
RTVSPost2010PropOp52
 70
     0
102
RTVSPost2010Prop53
 90
        2
102
RTVSPost2010PropOp53
 70
     1
102
RTVSPost2010Prop54
  1
strokes_ogs.tif
102
RTVSPost2010PropOp54
 70
     1
102
RTVSPost2010Prop55
280
     0
102
RTVSPost2010PropOp55
 70
     1
102
RTVSPost2010Prop56
140
1.0
102
RTVSPost2010PropOp56
 70
     1
102
RTVSPost2010Prop57
140
1.0
102
RTVSPost2010PropOp57
 70
     1
  0
XRECORD
  5
379
102
{ACAD_REACTORS
330
378
102
}
330
378
100
AcDbXrecord
280
     1
102
RTVSPost2010Prop28
280
     0
102
RTVSPost2010PropOp28
 70
     1
102
RTVSPost2010Prop29
280
     1
102
RTVSPost2010PropOp29
 70
     1
102
RTVSPost2010Prop30
280
     1
102
RTVSPost2010PropOp30
 70
     1
102
RTVSPost2010Prop31
280
     0
102
RTVSPost2010PropOp31
 70
     1
102
RTVSPost2010Prop32
280
     0
102
RTVSPost2010PropOp32
 70
     1
102
RTVSPost2010Prop33
280
     0
102
RTVSPost2010PropOp33
 70
     1
102
RTVSPost2010Prop34
280
     0
102
RTVSPost2010PropOp34
 70
     1
102
RTVSPost2010Prop35
280
     0
102
RTVSPost2010PropOp35
 70
     1
102
RTVSPost2010Prop36
280
     0
102
RTVSPost2010PropOp36
 70
     1
102
RTVSPost2010Prop37
 90
       50
102
RTVSPost2010PropOp37
 70
     1
102
RTVSPost2010Prop38
140
0.0
102
RTVSPost2010PropOp38
 70
     1
102
RTVSPost2010Prop39
140
1.0
102
RTVSPost2010PropOp39
 70
     1
102
RTVSPost2010Prop40
 90
        0
102
RTVSPost2010PropOp40
 70
     1
102
RTVSPost2010Prop41ColorIndex
 90
       18
102
RTVSPost2010Prop41ColorRGB
 90
        0
102
RTVSPost2010PropOp41
 70
     1
102
RTVSPost2010Prop42
 90
       50
102
RTVSPost2010PropOp42
 70
     1
102
RTVSPost2010Prop43
 90
        3
102
RTVSPost2010PropOp43
 70
     1
102
RTVSPost2010Prop44ColorIndex
 90
        5
102
RTVSPost2010Prop44ColorRGB
 90
      255
102
RTVSPost2010PropOp44
 70
     1
102
RTVSPost2010Prop45
280
     0
102
RTVSPost2010PropOp45
 70
     1
102
RTVSPost2010Prop46
 90
       50
102
RTVSPost2010PropOp46
 70
     1
102
RTVSPost2010Prop47
 90
       50
102
RTVSPost2010PropOp47
 70
     1
102
RTVSPost2010Prop48
 90
       50
102
RTVSPost2010PropOp48
 70
     1
102
RTVSPost2010Prop49
280
     0
102
RTVSPost2010PropOp49
 70
     1
102
RTVSPost2010Prop50
 90
       50
102
RTVSPost2010PropOp50
 70
     1
102
RTVSPost2010Prop51ColorIndex
 90
      256
102
RTVSPost2010Prop51ColorRGB
 90
-16777216
102
RTVSPost2010PropOp51
 70
     0
102
RTVSPost2010Prop52
140
1.0
102
RTVSPost2010PropOp52
 70
     0
102
RTVSPost2010Prop53
 90
        2
102
RTVSPost2010PropOp53
 70
     1
102
RTVSPost2010Prop54
  1
strokes_ogs.tif
102
RTVSPost2010PropOp54
 70
     1
102
RTVSPost2010Prop55
280
     0
102
RTVSPost2010PropOp55
 70
     1
102
RTVSPost2010Prop56
140
1.0
102
RTVSPost2010PropOp56
 70
     1
102
RTVSPost2010Prop57
140
1.0
102
RTVSPost2010PropOp57
 70
     1
  0
XRECORD
  5
37B
102
{ACAD_REACTORS
330
37A
102
}
330
37A
100
AcDbXrecord
280
     1
102
RTVSPost2010Prop28
280
     0
102
RTVSPost2010PropOp28
 70
     1
102
RTVSPost2010Prop29
280
     1
102
RTVSPost2010PropOp29
 70
     1
102
RTVSPost2010Prop30
280
     1
102
RTVSPost2010PropOp30
 70
     1
102
RTVSPost2010Prop31
280
     0
102
RTVSPost2010PropOp31
 70
     1
102
RTVSPost2010Prop32
280
     0
102
RTVSPost2010PropOp32
 70
     1
102
RTVSPost2010Prop33
280
     0
102
RTVSPost2010PropOp33
 70
     1
102
RTVSPost2010Prop34
280
     0
102
RTVSPost2010PropOp34
 70
     1
102
RTVSPost2010Prop35
280
     0
102
RTVSPost2010PropOp35
 70
     1
102
RTVSPost2010Prop36
280
     0
102
RTVSPost2010PropOp36
 70
     1
102
RTVSPost2010Prop37
 90
       50
102
RTVSPost2010PropOp37
 70
     1
102
RTVSPost2010Prop38
140
0.0
102
RTVSPost2010PropOp38
 70
     1
102
RTVSPost2010Prop39
140
1.0
102
RTVSPost2010PropOp39
 70
     1
102
RTVSPost2010Prop40
 90
        0
102
RTVSPost2010PropOp40
 70
     1
102
RTVSPost2010Prop41ColorIndex
 90
       18
102
RTVSPost2010Prop41ColorRGB
 90
        0
102
RTVSPost2010PropOp41
 70
     1
102
RTVSPost2010Prop42
 90
       50
102
RTVSPost2010PropOp42
 70
     1
102
RTVSPost2010Prop43
 90
        3
102
RTVSPost2010PropOp43
 70
     1
102
RTVSPost2010Prop44ColorIndex
 90
        5
102
RTVSPost2010Prop44ColorRGB
 90
      255
102
RTVSPost2010PropOp44
 70
     1
102
RTVSPost2010Prop45
280
     0
102
RTVSPost2010PropOp45
 70
     1
102
RTVSPost2010Prop46
 90
       50
102
RTVSPost2010PropOp46
 70
     1
102
RTVSPost2010Prop47
 90
       50
102
RTVSPost2010PropOp47
 70
     1
102
RTVSPost2010Prop48
 90
       50
102
RTVSPost2010PropOp48
 70
     1
102
RTVSPost2010Prop49
280
     0
102
RTVSPost2010PropOp49
 70
     1
102
RTVSPost2010Prop50
 90
       50
102
RTVSPost2010PropOp50
 70
     1
102
RTVSPost2010Prop51ColorIndex
 90
      256
102
RTVSPost2010Prop51ColorRGB
 90
-16777216
102
RTVSPost2010PropOp51
 70
     0
102
RTVSPost2010Prop52
140
1.0
102
RTVSPost2010PropOp52
 70
     0
102
RTVSPost2010Prop53
 90
        2
102
RTVSPost2010PropOp53
 70
     1
102
RTVSPost2010Prop54
  1
strokes_ogs.tif
102
RTVSPost2010PropOp54
 70
     1
102
RTVSPost2010Prop55
280
     0
102
RTVSPost2010PropOp55
 70
     1
102
RTVSPost2010Prop56
140
1.0
102
RTVSPost2010PropOp56
 70
     1
102
RTVSPost2010Prop57
140
1.0
102
RTVSPost2010PropOp57
 70
     1
  0
XRECORD
  5
37D
102
{ACAD_REACTORS
330
37C
102
}
330
37C
100
AcDbXrecord
280
     1
102
RTVSPost2010Prop28
280
     0
102
RTVSPost2010PropOp28
 70
     1
102
RTVSPost2010Prop29
280
     1
102
RTVSPost2010PropOp29
 70
     1
102
RTVSPost2010Prop30
280
     1
102
RTVSPost2010PropOp30
 70
     1
102
RTVSPost2010Prop31
280
     0
102
RTVSPost2010PropOp31
 70
     1
102
RTVSPost2010Prop32
280
     0
102
RTVSPost2010PropOp32
 70
     1
102
RTVSPost2010Prop33
280
     0
102
RTVSPost2010PropOp33
 70
     1
102
RTVSPost2010Prop34
280
     0
102
RTVSPost2010PropOp34
 70
     1
102
RTVSPost2010Prop35
280
     0
102
RTVSPost2010PropOp35
 70
     1
102
RTVSPost2010Prop36
280
     0
102
RTVSPost2010PropOp36
 70
     1
102
RTVSPost2010Prop37
 90
       50
102
RTVSPost2010PropOp37
 70
     1
102
RTVSPost2010Prop38
140
0.0
102
RTVSPost2010PropOp38
 70
     1
102
RTVSPost2010Prop39
140
1.0
102
RTVSPost2010PropOp39
 70
     1
102
RTVSPost2010Prop40
 90
        0
102
RTVSPost2010PropOp40
 70
     1
102
RTVSPost2010Prop41ColorIndex
 90
       18
102
RTVSPost2010Prop41ColorRGB
 90
        0
102
RTVSPost2010PropOp41
 70
     1
102
RTVSPost2010Prop42
 90
       50
102
RTVSPost2010PropOp42
 70
     1
102
RTVSPost2010Prop43
 90
        3
102
RTVSPost2010PropOp43
 70
     1
102
RTVSPost2010Prop44ColorIndex
 90
        5
102
RTVSPost2010Prop44ColorRGB
 90
      255
102
RTVSPost2010PropOp44
 70
     1
102
RTVSPost2010Prop45
280
     0
102
RTVSPost2010PropOp45
 70
     1
102
RTVSPost2010Prop46
 90
       50
102
RTVSPost2010PropOp46
 70
     1
102
RTVSPost2010Prop47
 90
       50
102
RTVSPost2010PropOp47
 70
     1
102
RTVSPost2010Prop48
 90
       50
102
RTVSPost2010PropOp48
 70
     1
102
RTVSPost2010Prop49
280
     0
102
RTVSPost2010PropOp49
 70
     1
102
RTVSPost2010Prop50
 90
       50
102
RTVSPost2010PropOp50
 70
     1
102
RTVSPost2010Prop51ColorIndex
 90
      256
102
RTVSPost2010Prop51ColorRGB
 90
-16777216
102
RTVSPost2010PropOp51
 70
     0
102
RTVSPost2010Prop52
140
1.0
102
RTVSPost2010PropOp52
 70
     0
102
RTVSPost2010Prop53
 90
        2
102
RTVSPost2010PropOp53
 70
     1
102
RTVSPost2010Prop54
  1
strokes_ogs.tif
102
RTVSPost2010PropOp54
 70
     1
102
RTVSPost2010Prop55
280
     0
102
RTVSPost2010PropOp55
 70
     1
102
RTVSPost2010Prop56
140
1.0
102
RTVSPost2010PropOp56
 70
     1
102
RTVSPost2010Prop57
140
1.0
102
RTVSPost2010PropOp57
 70
     1
  0
XRECORD
  5
37F
102
{ACAD_REACTORS
330
37E
102
}
330
37E
100
AcDbXrecord
280
     1
102
RTVSPost2010Prop28
280
     0
102
RTVSPost2010PropOp28
 70
     0
102
RTVSPost2010Prop29
280
     1
102
RTVSPost2010PropOp29
 70
     0
102
RTVSPost2010Prop30
280
     1
102
RTVSPost2010PropOp30
 70
     0
102
RTVSPost2010Prop31
280
     0
102
RTVSPost2010PropOp31
 70
     0
102
RTVSPost2010Prop32
280
     0
102
RTVSPost2010PropOp32
 70
     0
102
RTVSPost2010Prop33
280
     0
102
RTVSPost2010PropOp33
 70
     0
102
RTVSPost2010Prop34
280
     0
102
RTVSPost2010PropOp34
 70
     0
102
RTVSPost2010Prop35
280
     0
102
RTVSPost2010PropOp35
 70
     0
102
RTVSPost2010Prop36
280
     0
102
RTVSPost2010PropOp36
 70
     0
102
RTVSPost2010Prop37
 90
       50
102
RTVSPost2010PropOp37
 70
     0
102
RTVSPost2010Prop38
140
0.0
102
RTVSPost2010PropOp38
 70
     0
102
RTVSPost2010Prop39
140
1.0
102
RTVSPost2010PropOp39
 70
     0
102
RTVSPost2010Prop40
 90
        0
102
RTVSPost2010PropOp40
 70
     0
102
RTVSPost2010Prop41ColorIndex
 90
       18
102
RTVSPost2010Prop41ColorRGB
 90
        0
102
RTVSPost2010PropOp41
 70
     0
102
RTVSPost2010Prop42
 90
       50
102
RTVSPost2010PropOp42
 70
     0
102
RTVSPost2010Prop43
 90
        3
102
RTVSPost2010PropOp43
 70
     0
102
RTVSPost2010Prop44ColorIndex
 90
        5
102
RTVSPost2010Prop44ColorRGB
 90
      255
102
RTVSPost2010PropOp44
 70
     0
102
RTVSPost2010Prop45
280
     0
102
RTVSPost2010PropOp45
 70
     0
102
RTVSPost2010Prop46
 90
       50
102
RTVSPost2010PropOp46
 70
     0
102
RTVSPost2010Prop47
 90
       50
102
RTVSPost2010PropOp47
 70
     0
102
RTVSPost2010Prop48
 90
       50
102
RTVSPost2010PropOp48
 70
     0
102
RTVSPost2010Prop49
280
     0
102
RTVSPost2010PropOp49
 70
     0
102
RTVSPost2010Prop50
 90
       50
102
RTVSPost2010PropOp50
 70
     0
102
RTVSPost2010Prop51ColorIndex
 90
      256
102
RTVSPost2010Prop51ColorRGB
 90
-16777216
102
RTVSPost2010PropOp51
 70
     0
102
RTVSPost2010Prop52
140
1.0
102
RTVSPost2010PropOp52
 70
     0
102
RTVSPost2010Prop53
 90
        2
102
RTVSPost2010PropOp53
 70
     0
102
RTVSPost2010Prop54
  1
strokes_ogs.tif
102
RTVSPost2010PropOp54
 70
     0
102
RTVSPost2010Prop55
280
     0
102
RTVSPost2010PropOp55
 70
     0
102
RTVSPost2010Prop56
140
1.0
102
RTVSPost2010PropOp56
 70
     0
102
RTVSPost2010Prop57
140
1.0
102
RTVSPost2010PropOp57
 70
     0
  0
XRECORD
  5
381
102
{ACAD_REACTORS
330
380
102
}
330
380
100
AcDbXrecord
280
     1
102
RTVSPost2010Prop28
280
     0
102
RTVSPost2010PropOp28
 70
     1
102
RTVSPost2010Prop29
280
     1
102
RTVSPost2010PropOp29
 70
     1
102
RTVSPost2010Prop30
280
     1
102
RTVSPost2010PropOp30
 70
     1
102
RTVSPost2010Prop31
280
     0
102
RTVSPost2010PropOp31
 70
     1
102
RTVSPost2010Prop32
280
     0
102
RTVSPost2010PropOp32
 70
     1
102
RTVSPost2010Prop33
280
     0
102
RTVSPost2010PropOp33
 70
     1
102
RTVSPost2010Prop34
280
     0
102
RTVSPost2010PropOp34
 70
     1
102
RTVSPost2010Prop35
280
     0
102
RTVSPost2010PropOp35
 70
     1
102
RTVSPost2010Prop36
280
     0
102
RTVSPost2010PropOp36
 70
     1
102
RTVSPost2010Prop37
 90
       50
102
RTVSPost2010PropOp37
 70
     1
102
RTVSPost2010Prop38
140
0.0
102
RTVSPost2010PropOp38
 70
     1
102
RTVSPost2010Prop39
140
1.0
102
RTVSPost2010PropOp39
 70
     1
102
RTVSPost2010Prop40
 90
        0
102
RTVSPost2010PropOp40
 70
     1
102
RTVSPost2010Prop41ColorIndex
 90
       18
102
RTVSPost2010Prop41ColorRGB
 90
        0
102
RTVSPost2010PropOp41
 70
     1
102
RTVSPost2010Prop42
 90
       50
102
RTVSPost2010PropOp42
 70
     1
102
RTVSPost2010Prop43
 90
        3
102
RTVSPost2010PropOp43
 70
     1
102
RTVSPost2010Prop44ColorIndex
 90
        5
102
RTVSPost2010Prop44ColorRGB
 90
      255
102
RTVSPost2010PropOp44
 70
     1
102
RTVSPost2010Prop45
280
     0
102
RTVSPost2010PropOp45
 70
     1
102
RTVSPost2010Prop46
 90
       50
102
RTVSPost2010PropOp46
 70
     1
102
RTVSPost2010Prop47
 90
       50
102
RTVSPost2010PropOp47
 70
     1
102
RTVSPost2010Prop48
 90
       50
102
RTVSPost2010PropOp48
 70
     1
102
RTVSPost2010Prop49
280
     0
102
RTVSPost2010PropOp49
 70
     1
102
RTVSPost2010Prop50
 90
       50
102
RTVSPost2010PropOp50
 70
     1
102
RTVSPost2010Prop51ColorIndex
 90
      256
102
RTVSPost2010Prop51ColorRGB
 90
-16777216
102
RTVSPost2010PropOp51
 70
     0
102
RTVSPost2010Prop52
140
1.0
102
RTVSPost2010PropOp52
 70
     0
102
RTVSPost2010Prop53
 90
        2
102
RTVSPost2010PropOp53
 70
     1
102
RTVSPost2010Prop54
  1
strokes_ogs.tif
102
RTVSPost2010PropOp54
 70
     1
102
RTVSPost2010Prop55
280
     0
102
RTVSPost2010PropOp55
 70
     1
102
RTVSPost2010Prop56
140
1.0
102
RTVSPost2010PropOp56
 70
     1
102
RTVSPost2010Prop57
140
1.0
102
RTVSPost2010PropOp57
 70
     1
  0
XRECORD
  5
383
102
{ACAD_REACTORS
330
382
102
}
330
382
100
AcDbXrecord
280
     1
102
RTVSPost2010Prop28
280
     0
102
RTVSPost2010PropOp28
 70
     1
102
RTVSPost2010Prop29
280
     1
102
RTVSPost2010PropOp29
 70
     1
102
RTVSPost2010Prop30
280
     1
102
RTVSPost2010PropOp30
 70
     1
102
RTVSPost2010Prop31
280
     0
102
RTVSPost2010PropOp31
 70
     1
102
RTVSPost2010Prop32
280
     0
102
RTVSPost2010PropOp32
 70
     1
102
RTVSPost2010Prop33
280
     0
102
RTVSPost2010PropOp33
 70
     1
102
RTVSPost2010Prop34
280
     0
102
RTVSPost2010PropOp34
 70
     1
102
RTVSPost2010Prop35
280
     0
102
RTVSPost2010PropOp35
 70
     1
102
RTVSPost2010Prop36
280
     0
102
RTVSPost2010PropOp36
 70
     1
102
RTVSPost2010Prop37
 90
       50
102
RTVSPost2010PropOp37
 70
     1
102
RTVSPost2010Prop38
140
0.0
102
RTVSPost2010PropOp38
 70
     1
102
RTVSPost2010Prop39
140
1.0
102
RTVSPost2010PropOp39
 70
     1
102
RTVSPost2010Prop40
 90
        0
102
RTVSPost2010PropOp40
 70
     1
102
RTVSPost2010Prop41ColorIndex
 90
       18
102
RTVSPost2010Prop41ColorRGB
 90
        0
102
RTVSPost2010PropOp41
 70
     1
102
RTVSPost2010Prop42
 90
       50
102
RTVSPost2010PropOp42
 70
     1
102
RTVSPost2010Prop43
 90
        3
102
RTVSPost2010PropOp43
 70
     1
102
RTVSPost2010Prop44ColorIndex
 90
        5
102
RTVSPost2010Prop44ColorRGB
 90
      255
102
RTVSPost2010PropOp44
 70
     1
102
RTVSPost2010Prop45
280
     0
102
RTVSPost2010PropOp45
 70
     1
102
RTVSPost2010Prop46
 90
       50
102
RTVSPost2010PropOp46
 70
     1
102
RTVSPost2010Prop47
 90
       50
102
RTVSPost2010PropOp47
 70
     1
102
RTVSPost2010Prop48
 90
       50
102
RTVSPost2010PropOp48
 70
     1
102
RTVSPost2010Prop49
280
     0
102
RTVSPost2010PropOp49
 70
     1
102
RTVSPost2010Prop50
 90
       50
102
RTVSPost2010PropOp50
 70
     1
102
RTVSPost2010Prop51ColorIndex
 90
      256
102
RTVSPost2010Prop51ColorRGB
 90
-16777216
102
RTVSPost2010PropOp51
 70
     0
102
RTVSPost2010Prop52
140
1.0
102
RTVSPost2010PropOp52
 70
     0
102
RTVSPost2010Prop53
 90
        2
102
RTVSPost2010PropOp53
 70
     1
102
RTVSPost2010Prop54
  1
strokes_ogs.tif
102
RTVSPost2010PropOp54
 70
     1
102
RTVSPost2010Prop55
280
     0
102
RTVSPost2010PropOp55
 70
     1
102
RTVSPost2010Prop56
140
1.0
102
RTVSPost2010PropOp56
 70
     1
102
RTVSPost2010Prop57
140
1.0
102
RTVSPost2010PropOp57
 70
     1
  0
XRECORD
  5
385
102
{ACAD_REACTORS
330
384
102
}
330
384
100
AcDbXrecord
280
     1
102
RTVSPost2010Prop28
280
     0
102
RTVSPost2010PropOp28
 70
     1
102
RTVSPost2010Prop29
280
     1
102
RTVSPost2010PropOp29
 70
     1
102
RTVSPost2010Prop30
280
     1
102
RTVSPost2010PropOp30
 70
     1
102
RTVSPost2010Prop31
280
     0
102
RTVSPost2010PropOp31
 70
     1
102
RTVSPost2010Prop32
280
     0
102
RTVSPost2010PropOp32
 70
     1
102
RTVSPost2010Prop33
280
     0
102
RTVSPost2010PropOp33
 70
     1
102
RTVSPost2010Prop34
280
     0
102
RTVSPost2010PropOp34
 70
     1
102
RTVSPost2010Prop35
280
     0
102
RTVSPost2010PropOp35
 70
     1
102
RTVSPost2010Prop36
280
     0
102
RTVSPost2010PropOp36
 70
     1
102
RTVSPost2010Prop37
 90
       50
102
RTVSPost2010PropOp37
 70
     1
102
RTVSPost2010Prop38
140
0.0
102
RTVSPost2010PropOp38
 70
     1
102
RTVSPost2010Prop39
140
1.0
102
RTVSPost2010PropOp39
 70
     1
102
RTVSPost2010Prop40
 90
        0
102
RTVSPost2010PropOp40
 70
     1
102
RTVSPost2010Prop41ColorIndex
 90
       18
102
RTVSPost2010Prop41ColorRGB
 90
        0
102
RTVSPost2010PropOp41
 70
     1
102
RTVSPost2010Prop42
 90
       50
102
RTVSPost2010PropOp42
 70
     1
102
RTVSPost2010Prop43
 90
        3
102
RTVSPost2010PropOp43
 70
     1
102
RTVSPost2010Prop44ColorIndex
 90
        5
102
RTVSPost2010Prop44ColorRGB
 90
      255
102
RTVSPost2010PropOp44
 70
     1
102
RTVSPost2010Prop45
280
     0
102
RTVSPost2010PropOp45
 70
     1
102
RTVSPost2010Prop46
 90
       50
102
RTVSPost2010PropOp46
 70
     1
102
RTVSPost2010Prop47
 90
       50
102
RTVSPost2010PropOp47
 70
     1
102
RTVSPost2010Prop48
 90
       50
102
RTVSPost2010PropOp48
 70
     1
102
RTVSPost2010Prop49
280
     0
102
RTVSPost2010PropOp49
 70
     1
102
RTVSPost2010Prop50
 90
       50
102
RTVSPost2010PropOp50
 70
     1
102
RTVSPost2010Prop51ColorIndex
 90
      256
102
RTVSPost2010Prop51ColorRGB
 90
-16777216
102
RTVSPost2010PropOp51
 70
     0
102
RTVSPost2010Prop52
140
1.0
102
RTVSPost2010PropOp52
 70
     0
102
RTVSPost2010Prop53
 90
        2
102
RTVSPost2010PropOp53
 70
     1
102
RTVSPost2010Prop54
  1
strokes_ogs.tif
102
RTVSPost2010PropOp54
 70
     1
102
RTVSPost2010Prop55
280
     0
102
RTVSPost2010PropOp55
 70
     1
102
RTVSPost2010Prop56
140
1.0
102
RTVSPost2010PropOp56
 70
     1
102
RTVSPost2010Prop57
140
1.0
102
RTVSPost2010PropOp57
 70
     1
  0
XRECORD
  5
387
102
{ACAD_REACTORS
330
386
102
}
330
386
100
AcDbXrecord
280
     1
102
RTVSPost2010Prop28
280
     0
102
RTVSPost2010PropOp28
 70
     1
102
RTVSPost2010Prop29
280
     1
102
RTVSPost2010PropOp29
 70
     1
102
RTVSPost2010Prop30
280
     1
102
RTVSPost2010PropOp30
 70
     1
102
RTVSPost2010Prop31
280
     0
102
RTVSPost2010PropOp31
 70
     1
102
RTVSPost2010Prop32
280
     0
102
RTVSPost2010PropOp32
 70
     1
102
RTVSPost2010Prop33
280
     0
102
RTVSPost2010PropOp33
 70
     1
102
RTVSPost2010Prop34
280
     0
102
RTVSPost2010PropOp34
 70
     1
102
RTVSPost2010Prop35
280
     0
102
RTVSPost2010PropOp35
 70
     1
102
RTVSPost2010Prop36
280
     0
102
RTVSPost2010PropOp36
 70
     1
102
RTVSPost2010Prop37
 90
       50
102
RTVSPost2010PropOp37
 70
     1
102
RTVSPost2010Prop38
140
0.0
102
RTVSPost2010PropOp38
 70
     1
102
RTVSPost2010Prop39
140
1.0
102
RTVSPost2010PropOp39
 70
     1
102
RTVSPost2010Prop40
 90
        0
102
RTVSPost2010PropOp40
 70
     1
102
RTVSPost2010Prop41ColorIndex
 90
       18
102
RTVSPost2010Prop41ColorRGB
 90
        0
102
RTVSPost2010PropOp41
 70
     1
102
RTVSPost2010Prop42
 90
       50
102
RTVSPost2010PropOp42
 70
     1
102
RTVSPost2010Prop43
 90
        3
102
RTVSPost2010PropOp43
 70
     1
102
RTVSPost2010Prop44ColorIndex
 90
        5
102
RTVSPost2010Prop44ColorRGB
 90
      255
102
RTVSPost2010PropOp44
 70
     1
102
RTVSPost2010Prop45
280
     0
102
RTVSPost2010PropOp45
 70
     1
102
RTVSPost2010Prop46
 90
       50
102
RTVSPost2010PropOp46
 70
     1
102
RTVSPost2010Prop47
 90
       50
102
RTVSPost2010PropOp47
 70
     1
102
RTVSPost2010Prop48
 90
       50
102
RTVSPost2010PropOp48
 70
     1
102
RTVSPost2010Prop49
280
     0
102
RTVSPost2010PropOp49
 70
     1
102
RTVSPost2010Prop50
 90
       50
102
RTVSPost2010PropOp50
 70
     1
102
RTVSPost2010Prop51ColorIndex
 90
      256
102
RTVSPost2010Prop51ColorRGB
 90
-16777216
102
RTVSPost2010PropOp51
 70
     0
102
RTVSPost2010Prop52
140
1.0
102
RTVSPost2010PropOp52
 70
     0
102
RTVSPost2010Prop53
 90
        2
102
RTVSPost2010PropOp53
 70
     1
102
RTVSPost2010Prop54
  1
strokes_ogs.tif
102
RTVSPost2010PropOp54
 70
     1
102
RTVSPost2010Prop55
280
     0
102
RTVSPost2010PropOp55
 70
     1
102
RTVSPost2010Prop56
140
1.0
102
RTVSPost2010PropOp56
 70
     1
102
RTVSPost2010Prop57
140
1.0
102
RTVSPost2010PropOp57
 70
     1
  0
XRECORD
  5
389
102
{ACAD_REACTORS
330
388
102
}
330
388
100
AcDbXrecord
280
     1
102
RTVSPost2010Prop28
280
     0
102
RTVSPost2010PropOp28
 70
     1
102
RTVSPost2010Prop29
280
     1
102
RTVSPost2010PropOp29
 70
     1
102
RTVSPost2010Prop30
280
     1
102
RTVSPost2010PropOp30
 70
     1
102
RTVSPost2010Prop31
280
     0
102
RTVSPost2010PropOp31
 70
     1
102
RTVSPost2010Prop32
280
     0
102
RTVSPost2010PropOp32
 70
     1
102
RTVSPost2010Prop33
280
     0
102
RTVSPost2010PropOp33
 70
     1
102
RTVSPost2010Prop34
280
     0
102
RTVSPost2010PropOp34
 70
     1
102
RTVSPost2010Prop35
280
     0
102
RTVSPost2010PropOp35
 70
     1
102
RTVSPost2010Prop36
280
     0
102
RTVSPost2010PropOp36
 70
     1
102
RTVSPost2010Prop37
 90
       50
102
RTVSPost2010PropOp37
 70
     1
102
RTVSPost2010Prop38
140
0.0
102
RTVSPost2010PropOp38
 70
     1
102
RTVSPost2010Prop39
140
1.0
102
RTVSPost2010PropOp39
 70
     1
102
RTVSPost2010Prop40
 90
        0
102
RTVSPost2010PropOp40
 70
     1
102
RTVSPost2010Prop41ColorIndex
 90
       18
102
RTVSPost2010Prop41ColorRGB
 90
        0
102
RTVSPost2010PropOp41
 70
     1
102
RTVSPost2010Prop42
 90
       50
102
RTVSPost2010PropOp42
 70
     1
102
RTVSPost2010Prop43
 90
        3
102
RTVSPost2010PropOp43
 70
     1
102
RTVSPost2010Prop44ColorIndex
 90
        5
102
RTVSPost2010Prop44ColorRGB
 90
      255
102
RTVSPost2010PropOp44
 70
     1
102
RTVSPost2010Prop45
280
     0
102
RTVSPost2010PropOp45
 70
     1
102
RTVSPost2010Prop46
 90
       50
102
RTVSPost2010PropOp46
 70
     1
102
RTVSPost2010Prop47
 90
       50
102
RTVSPost2010PropOp47
 70
     1
102
RTVSPost2010Prop48
 90
       50
102
RTVSPost2010PropOp48
 70
     1
102
RTVSPost2010Prop49
280
     0
102
RTVSPost2010PropOp49
 70
     1
102
RTVSPost2010Prop50
 90
       50
102
RTVSPost2010PropOp50
 70
     1
102
RTVSPost2010Prop51ColorIndex
 90
      256
102
RTVSPost2010Prop51ColorRGB
 90
-16777216
102
RTVSPost2010PropOp51
 70
     0
102
RTVSPost2010Prop52
140
1.0
102
RTVSPost2010PropOp52
 70
     0
102
RTVSPost2010Prop53
 90
        2
102
RTVSPost2010PropOp53
 70
     1
102
RTVSPost2010Prop54
  1
strokes_ogs.tif
102
RTVSPost2010PropOp54
 70
     1
102
RTVSPost2010Prop55
280
     0
102
RTVSPost2010PropOp55
 70
     1
102
RTVSPost2010Prop56
140
1.0
102
RTVSPost2010PropOp56
 70
     1
102
RTVSPost2010Prop57
140
1.0
102
RTVSPost2010PropOp57
 70
     1
  0
XRECORD
  5
38B
102
{ACAD_REACTORS
330
38A
102
}
330
38A
100
AcDbXrecord
280
     1
102
RTVSPost2010Prop28
280
     0
102
RTVSPost2010PropOp28
 70
     1
102
RTVSPost2010Prop29
280
     1
102
RTVSPost2010PropOp29
 70
     1
102
RTVSPost2010Prop30
280
     1
102
RTVSPost2010PropOp30
 70
     1
102
RTVSPost2010Prop31
280
     0
102
RTVSPost2010PropOp31
 70
     1
102
RTVSPost2010Prop32
280
     0
102
RTVSPost2010PropOp32
 70
     1
102
RTVSPost2010Prop33
280
     0
102
RTVSPost2010PropOp33
 70
     1
102
RTVSPost2010Prop34
280
     0
102
RTVSPost2010PropOp34
 70
     1
102
RTVSPost2010Prop35
280
     0
102
RTVSPost2010PropOp35
 70
     1
102
RTVSPost2010Prop36
280
     0
102
RTVSPost2010PropOp36
 70
     1
102
RTVSPost2010Prop37
 90
       50
102
RTVSPost2010PropOp37
 70
     1
102
RTVSPost2010Prop38
140
0.0
102
RTVSPost2010PropOp38
 70
     1
102
RTVSPost2010Prop39
140
1.0
102
RTVSPost2010PropOp39
 70
     1
102
RTVSPost2010Prop40
 90
        0
102
RTVSPost2010PropOp40
 70
     1
102
RTVSPost2010Prop41ColorIndex
 90
       18
102
RTVSPost2010Prop41ColorRGB
 90
        0
102
RTVSPost2010PropOp41
 70
     1
102
RTVSPost2010Prop42
 90
       50
102
RTVSPost2010PropOp42
 70
     1
102
RTVSPost2010Prop43
 90
        3
102
RTVSPost2010PropOp43
 70
     1
102
RTVSPost2010Prop44ColorIndex
 90
        5
102
RTVSPost2010Prop44ColorRGB
 90
      255
102
RTVSPost2010PropOp44
 70
     1
102
RTVSPost2010Prop45
280
     0
102
RTVSPost2010PropOp45
 70
     1
102
RTVSPost2010Prop46
 90
       50
102
RTVSPost2010PropOp46
 70
     1
102
RTVSPost2010Prop47
 90
       50
102
RTVSPost2010PropOp47
 70
     1
102
RTVSPost2010Prop48
 90
       50
102
RTVSPost2010PropOp48
 70
     1
102
RTVSPost2010Prop49
280
     0
102
RTVSPost2010PropOp49
 70
     1
102
RTVSPost2010Prop50
 90
       50
102
RTVSPost2010PropOp50
 70
     1
102
RTVSPost2010Prop51ColorIndex
 90
      256
102
RTVSPost2010Prop51ColorRGB
 90
-16777216
102
RTVSPost2010PropOp51
 70
     0
102
RTVSPost2010Prop52
140
1.0
102
RTVSPost2010PropOp52
 70
     0
102
RTVSPost2010Prop53
 90
        2
102
RTVSPost2010PropOp53
 70
     1
102
RTVSPost2010Prop54
  1
strokes_ogs.tif
102
RTVSPost2010PropOp54
 70
     1
102
RTVSPost2010Prop55
280
     0
102
RTVSPost2010PropOp55
 70
     1
102
RTVSPost2010Prop56
140
1.0
102
RTVSPost2010PropOp56
 70
     1
102
RTVSPost2010Prop57
140
1.0
102
RTVSPost2010PropOp57
 70
     1
  0
XRECORD
  5
38D
102
{ACAD_REACTORS
330
38C
102
}
330
38C
100
AcDbXrecord
280
     1
102
RTVSPost2010Prop28
280
     0
102
RTVSPost2010PropOp28
 70
     0
102
RTVSPost2010Prop29
280
     1
102
RTVSPost2010PropOp29
 70
     0
102
RTVSPost2010Prop30
280
     1
102
RTVSPost2010PropOp30
 70
     0
102
RTVSPost2010Prop31
280
     0
102
RTVSPost2010PropOp31
 70
     0
102
RTVSPost2010Prop32
280
     0
102
RTVSPost2010PropOp32
 70
     0
102
RTVSPost2010Prop33
280
     0
102
RTVSPost2010PropOp33
 70
     0
102
RTVSPost2010Prop34
280
     0
102
RTVSPost2010PropOp34
 70
     0
102
RTVSPost2010Prop35
280
     0
102
RTVSPost2010PropOp35
 70
     0
102
RTVSPost2010Prop36
280
     0
102
RTVSPost2010PropOp36
 70
     0
102
RTVSPost2010Prop37
 90
       50
102
RTVSPost2010PropOp37
 70
     0
102
RTVSPost2010Prop38
140
0.0
102
RTVSPost2010PropOp38
 70
     0
102
RTVSPost2010Prop39
140
1.0
102
RTVSPost2010PropOp39
 70
     0
102
RTVSPost2010Prop40
 90
        0
102
RTVSPost2010PropOp40
 70
     0
102
RTVSPost2010Prop41ColorIndex
 90
       18
102
RTVSPost2010Prop41ColorRGB
 90
        0
102
RTVSPost2010PropOp41
 70
     0
102
RTVSPost2010Prop42
 90
       50
102
RTVSPost2010PropOp42
 70
     0
102
RTVSPost2010Prop43
 90
        3
102
RTVSPost2010PropOp43
 70
     0
102
RTVSPost2010Prop44ColorIndex
 90
        5
102
RTVSPost2010Prop44ColorRGB
 90
      255
102
RTVSPost2010PropOp44
 70
     0
102
RTVSPost2010Prop45
280
     0
102
RTVSPost2010PropOp45
 70
     0
102
RTVSPost2010Prop46
 90
       50
102
RTVSPost2010PropOp46
 70
     0
102
RTVSPost2010Prop47
 90
       50
102
RTVSPost2010PropOp47
 70
     0
102
RTVSPost2010Prop48
 90
       50
102
RTVSPost2010PropOp48
 70
     0
102
RTVSPost2010Prop49
280
     0
102
RTVSPost2010PropOp49
 70
     0
102
RTVSPost2010Prop50
 90
       50
102
RTVSPost2010PropOp50
 70
     0
102
RTVSPost2010Prop51ColorIndex
 90
      256
102
RTVSPost2010Prop51ColorRGB
 90
-16777216
102
RTVSPost2010PropOp51
 70
     0
102
RTVSPost2010Prop52
140
1.0
102
RTVSPost2010PropOp52
 70
     0
102
RTVSPost2010Prop53
 90
        2
102
RTVSPost2010PropOp53
 70
     0
102
RTVSPost2010Prop54
  1
strokes_ogs.tif
102
RTVSPost2010PropOp54
 70
     0
102
RTVSPost2010Prop55
280
     0
102
RTVSPost2010PropOp55
 70
     0
102
RTVSPost2010Prop56
140
1.0
102
RTVSPost2010PropOp56
 70
     0
102
RTVSPost2010Prop57
140
1.0
102
RTVSPost2010PropOp57
 70
     0
  0
XRECORD
  5
38F
102
{ACAD_REACTORS
330
38E
102
}
330
38E
100
AcDbXrecord
280
     1
102
RTVSPost2010Prop28
280
     0
102
RTVSPost2010PropOp28
 70
     1
102
RTVSPost2010Prop29
280
     1
102
RTVSPost2010PropOp29
 70
     1
102
RTVSPost2010Prop30
280
     1
102
RTVSPost2010PropOp30
 70
     1
102
RTVSPost2010Prop31
280
     0
102
RTVSPost2010PropOp31
 70
     1
102
RTVSPost2010Prop32
280
     0
102
RTVSPost2010PropOp32
 70
     1
102
RTVSPost2010Prop33
280
     0
102
RTVSPost2010PropOp33
 70
     1
102
RTVSPost2010Prop34
280
     0
102
RTVSPost2010PropOp34
 70
     1
102
RTVSPost2010Prop35
280
     0
102
RTVSPost2010PropOp35
 70
     1
102
RTVSPost2010Prop36
280
     0
102
RTVSPost2010PropOp36
 70
     1
102
RTVSPost2010Prop37
 90
       50
102
RTVSPost2010PropOp37
 70
     1
102
RTVSPost2010Prop38
140
0.0
102
RTVSPost2010PropOp38
 70
     1
102
RTVSPost2010Prop39
140
1.0
102
RTVSPost2010PropOp39
 70
     1
102
RTVSPost2010Prop40
 90
        0
102
RTVSPost2010PropOp40
 70
     1
102
RTVSPost2010Prop41ColorIndex
 90
       18
102
RTVSPost2010Prop41ColorRGB
 90
        0
102
RTVSPost2010PropOp41
 70
     1
102
RTVSPost2010Prop42
 90
       50
102
RTVSPost2010PropOp42
 70
     1
102
RTVSPost2010Prop43
 90
        3
102
RTVSPost2010PropOp43
 70
     1
102
RTVSPost2010Prop44ColorIndex
 90
        5
102
RTVSPost2010Prop44ColorRGB
 90
      255
102
RTVSPost2010PropOp44
 70
     1
102
RTVSPost2010Prop45
280
     0
102
RTVSPost2010PropOp45
 70
     1
102
RTVSPost2010Prop46
 90
       50
102
RTVSPost2010PropOp46
 70
     1
102
RTVSPost2010Prop47
 90
       50
102
RTVSPost2010PropOp47
 70
     1
102
RTVSPost2010Prop48
 90
       50
102
RTVSPost2010PropOp48
 70
     1
102
RTVSPost2010Prop49
280
     0
102
RTVSPost2010PropOp49
 70
     1
102
RTVSPost2010Prop50
 90
       50
102
RTVSPost2010PropOp50
 70
     1
102
RTVSPost2010Prop51ColorIndex
 90
      256
102
RTVSPost2010Prop51ColorRGB
 90
-16777216
102
RTVSPost2010PropOp51
 70
     0
102
RTVSPost2010Prop52
140
1.0
102
RTVSPost2010PropOp52
 70
     0
102
RTVSPost2010Prop53
 90
        2
102
RTVSPost2010PropOp53
 70
     1
102
RTVSPost2010Prop54
  1
strokes_ogs.tif
102
RTVSPost2010PropOp54
 70
     1
102
RTVSPost2010Prop55
280
     0
102
RTVSPost2010PropOp55
 70
     1
102
RTVSPost2010Prop56
140
1.0
102
RTVSPost2010PropOp56
 70
     1
102
RTVSPost2010Prop57
140
1.0
102
RTVSPost2010PropOp57
 70
     1
  0
XRECORD
  5
391
102
{ACAD_REACTORS
330
390
102
}
330
390
100
AcDbXrecord
280
     1
102
RTVSPost2010Prop28
280
     0
102
RTVSPost2010PropOp28
 70
     0
102
RTVSPost2010Prop29
280
     1
102
RTVSPost2010PropOp29
 70
     0
102
RTVSPost2010Prop30
280
     1
102
RTVSPost2010PropOp30
 70
     0
102
RTVSPost2010Prop31
280
     0
102
RTVSPost2010PropOp31
 70
     0
102
RTVSPost2010Prop32
280
     0
102
RTVSPost2010PropOp32
 70
     0
102
RTVSPost2010Prop33
280
     0
102
RTVSPost2010PropOp33
 70
     0
102
RTVSPost2010Prop34
280
     0
102
RTVSPost2010PropOp34
 70
     0
102
RTVSPost2010Prop35
280
     0
102
RTVSPost2010PropOp35
 70
     0
102
RTVSPost2010Prop36
280
     0
102
RTVSPost2010PropOp36
 70
     0
102
RTVSPost2010Prop37
 90
       50
102
RTVSPost2010PropOp37
 70
     0
102
RTVSPost2010Prop38
140
0.0
102
RTVSPost2010PropOp38
 70
     0
102
RTVSPost2010Prop39
140
1.0
102
RTVSPost2010PropOp39
 70
     0
102
RTVSPost2010Prop40
 90
        0
102
RTVSPost2010PropOp40
 70
     0
102
RTVSPost2010Prop41ColorIndex
 90
       18
102
RTVSPost2010Prop41ColorRGB
 90
        0
102
RTVSPost2010PropOp41
 70
     0
102
RTVSPost2010Prop42
 90
       50
102
RTVSPost2010PropOp42
 70
     0
102
RTVSPost2010Prop43
 90
        3
102
RTVSPost2010PropOp43
 70
     0
102
RTVSPost2010Prop44ColorIndex
 90
        5
102
RTVSPost2010Prop44ColorRGB
 90
      255
102
RTVSPost2010PropOp44
 70
     0
102
RTVSPost2010Prop45
280
     0
102
RTVSPost2010PropOp45
 70
     0
102
RTVSPost2010Prop46
 90
       50
102
RTVSPost2010PropOp46
 70
     0
102
RTVSPost2010Prop47
 90
       50
102
RTVSPost2010PropOp47
 70
     0
102
RTVSPost2010Prop48
 90
       50
102
RTVSPost2010PropOp48
 70
     0
102
RTVSPost2010Prop49
280
     0
102
RTVSPost2010PropOp49
 70
     0
102
RTVSPost2010Prop50
 90
       50
102
RTVSPost2010PropOp50
 70
     0
102
RTVSPost2010Prop51ColorIndex
 90
      256
102
RTVSPost2010Prop51ColorRGB
 90
-16777216
102
RTVSPost2010PropOp51
 70
     0
102
RTVSPost2010Prop52
140
1.0
102
RTVSPost2010PropOp52
 70
     0
102
RTVSPost2010Prop53
 90
        2
102
RTVSPost2010PropOp53
 70
     0
102
RTVSPost2010Prop54
  1
strokes_ogs.tif
102
RTVSPost2010PropOp54
 70
     0
102
RTVSPost2010Prop55
280
     0
102
RTVSPost2010PropOp55
 70
     0
102
RTVSPost2010Prop56
140
1.0
102
RTVSPost2010PropOp56
 70
     0
102
RTVSPost2010Prop57
140
1.0
102
RTVSPost2010PropOp57
 70
     0
  0
XRECORD
  5
393
102
{ACAD_REACTORS
330
392
102
}
330
392
100
AcDbXrecord
280
     1
102
RTVSPost2010Prop28
280
     0
102
RTVSPost2010PropOp28
 70
     1
102
RTVSPost2010Prop29
280
     1
102
RTVSPost2010PropOp29
 70
     1
102
RTVSPost2010Prop30
280
     1
102
RTVSPost2010PropOp30
 70
     1
102
RTVSPost2010Prop31
280
     0
102
RTVSPost2010PropOp31
 70
     1
102
RTVSPost2010Prop32
280
     0
102
RTVSPost2010PropOp32
 70
     1
102
RTVSPost2010Prop33
280
     0
102
RTVSPost2010PropOp33
 70
     1
102
RTVSPost2010Prop34
280
     0
102
RTVSPost2010PropOp34
 70
     1
102
RTVSPost2010Prop35
280
     0
102
RTVSPost2010PropOp35
 70
     1
102
RTVSPost2010Prop36
280
     0
102
RTVSPost2010PropOp36
 70
     1
102
RTVSPost2010Prop37
 90
       50
102
RTVSPost2010PropOp37
 70
     1
102
RTVSPost2010Prop38
140
0.0
102
RTVSPost2010PropOp38
 70
     1
102
RTVSPost2010Prop39
140
1.0
102
RTVSPost2010PropOp39
 70
     1
102
RTVSPost2010Prop40
 90
        0
102
RTVSPost2010PropOp40
 70
     1
102
RTVSPost2010Prop41ColorIndex
 90
       18
102
RTVSPost2010Prop41ColorRGB
 90
        0
102
RTVSPost2010PropOp41
 70
     1
102
RTVSPost2010Prop42
 90
       50
102
RTVSPost2010PropOp42
 70
     1
102
RTVSPost2010Prop43
 90
        3
102
RTVSPost2010PropOp43
 70
     1
102
RTVSPost2010Prop44ColorIndex
 90
        5
102
RTVSPost2010Prop44ColorRGB
 90
      255
102
RTVSPost2010PropOp44
 70
     1
102
RTVSPost2010Prop45
280
     0
102
RTVSPost2010PropOp45
 70
     1
102
RTVSPost2010Prop46
 90
       50
102
RTVSPost2010PropOp46
 70
     1
102
RTVSPost2010Prop47
 90
       50
102
RTVSPost2010PropOp47
 70
     1
102
RTVSPost2010Prop48
 90
       50
102
RTVSPost2010PropOp48
 70
     1
102
RTVSPost2010Prop49
280
     0
102
RTVSPost2010PropOp49
 70
     1
102
RTVSPost2010Prop50
 90
       50
102
RTVSPost2010PropOp50
 70
     1
102
RTVSPost2010Prop51ColorIndex
 90
      256
102
RTVSPost2010Prop51ColorRGB
 90
-16777216
102
RTVSPost2010PropOp51
 70
     0
102
RTVSPost2010Prop52
140
1.0
102
RTVSPost2010PropOp52
 70
     0
102
RTVSPost2010Prop53
 90
        2
102
RTVSPost2010PropOp53
 70
     1
102
RTVSPost2010Prop54
  1
strokes_ogs.tif
102
RTVSPost2010PropOp54
 70
     1
102
RTVSPost2010Prop55
280
     0
102
RTVSPost2010PropOp55
 70
     1
102
RTVSPost2010Prop56
140
1.0
102
RTVSPost2010PropOp56
 70
     1
102
RTVSPost2010Prop57
140
1.0
102
RTVSPost2010PropOp57
 70
     1
  0
XRECORD
  5
395
102
{ACAD_REACTORS
330
394
102
}
330
394
100
AcDbXrecord
280
     1
102
RTVSPost2010Prop28
280
     0
102
RTVSPost2010PropOp28
 70
     1
102
RTVSPost2010Prop29
280
     1
102
RTVSPost2010PropOp29
 70
     1
102
RTVSPost2010Prop30
280
     1
102
RTVSPost2010PropOp30
 70
     1
102
RTVSPost2010Prop31
280
     0
102
RTVSPost2010PropOp31
 70
     1
102
RTVSPost2010Prop32
280
     0
102
RTVSPost2010PropOp32
 70
     1
102
RTVSPost2010Prop33
280
     0
102
RTVSPost2010PropOp33
 70
     1
102
RTVSPost2010Prop34
280
     0
102
RTVSPost2010PropOp34
 70
     1
102
RTVSPost2010Prop35
280
     0
102
RTVSPost2010PropOp35
 70
     1
102
RTVSPost2010Prop36
280
     0
102
RTVSPost2010PropOp36
 70
     1
102
RTVSPost2010Prop37
 90
       50
102
RTVSPost2010PropOp37
 70
     1
102
RTVSPost2010Prop38
140
0.0
102
RTVSPost2010PropOp38
 70
     1
102
RTVSPost2010Prop39
140
1.0
102
RTVSPost2010PropOp39
 70
     1
102
RTVSPost2010Prop40
 90
        0
102
RTVSPost2010PropOp40
 70
     1
102
RTVSPost2010Prop41ColorIndex
 90
       18
102
RTVSPost2010Prop41ColorRGB
 90
        0
102
RTVSPost2010PropOp41
 70
     1
102
RTVSPost2010Prop42
 90
       50
102
RTVSPost2010PropOp42
 70
     1
102
RTVSPost2010Prop43
 90
        3
102
RTVSPost2010PropOp43
 70
     1
102
RTVSPost2010Prop44ColorIndex
 90
        5
102
RTVSPost2010Prop44ColorRGB
 90
      255
102
RTVSPost2010PropOp44
 70
     1
102
RTVSPost2010Prop45
280
     0
102
RTVSPost2010PropOp45
 70
     1
102
RTVSPost2010Prop46
 90
       50
102
RTVSPost2010PropOp46
 70
     1
102
RTVSPost2010Prop47
 90
       50
102
RTVSPost2010PropOp47
 70
     1
102
RTVSPost2010Prop48
 90
       50
102
RTVSPost2010PropOp48
 70
     1
102
RTVSPost2010Prop49
280
     0
102
RTVSPost2010PropOp49
 70
     1
102
RTVSPost2010Prop50
 90
       50
102
RTVSPost2010PropOp50
 70
     1
102
RTVSPost2010Prop51ColorIndex
 90
      256
102
RTVSPost2010Prop51ColorRGB
 90
-16777216
102
RTVSPost2010PropOp51
 70
     0
102
RTVSPost2010Prop52
140
1.0
102
RTVSPost2010PropOp52
 70
     0
102
RTVSPost2010Prop53
 90
        2
102
RTVSPost2010PropOp53
 70
     1
102
RTVSPost2010Prop54
  1
strokes_ogs.tif
102
RTVSPost2010PropOp54
 70
     1
102
RTVSPost2010Prop55
280
     0
102
RTVSPost2010PropOp55
 70
     1
102
RTVSPost2010Prop56
140
1.0
102
RTVSPost2010PropOp56
 70
     1
102
RTVSPost2010Prop57
140
1.0
102
RTVSPost2010PropOp57
 70
     1
  0
XRECORD
  5
397
102
{ACAD_REACTORS
330
396
102
}
330
396
100
AcDbXrecord
280
     1
102
RTVSPost2010Prop28
280
     0
102
RTVSPost2010PropOp28
 70
     1
102
RTVSPost2010Prop29
280
     1
102
RTVSPost2010PropOp29
 70
     1
102
RTVSPost2010Prop30
280
     1
102
RTVSPost2010PropOp30
 70
     1
102
RTVSPost2010Prop31
280
     0
102
RTVSPost2010PropOp31
 70
     1
102
RTVSPost2010Prop32
280
     0
102
RTVSPost2010PropOp32
 70
     1
102
RTVSPost2010Prop33
280
     0
102
RTVSPost2010PropOp33
 70
     1
102
RTVSPost2010Prop34
280
     0
102
RTVSPost2010PropOp34
 70
     1
102
RTVSPost2010Prop35
280
     0
102
RTVSPost2010PropOp35
 70
     1
102
RTVSPost2010Prop36
280
     0
102
RTVSPost2010PropOp36
 70
     1
102
RTVSPost2010Prop37
 90
       50
102
RTVSPost2010PropOp37
 70
     1
102
RTVSPost2010Prop38
140
0.0
102
RTVSPost2010PropOp38
 70
     1
102
RTVSPost2010Prop39
140
1.0
102
RTVSPost2010PropOp39
 70
     1
102
RTVSPost2010Prop40
 90
        0
102
RTVSPost2010PropOp40
 70
     1
102
RTVSPost2010Prop41ColorIndex
 90
       18
102
RTVSPost2010Prop41ColorRGB
 90
        0
102
RTVSPost2010PropOp41
 70
     1
102
RTVSPost2010Prop42
 90
       50
102
RTVSPost2010PropOp42
 70
     1
102
RTVSPost2010Prop43
 90
        3
102
RTVSPost2010PropOp43
 70
     1
102
RTVSPost2010Prop44ColorIndex
 90
        5
102
RTVSPost2010Prop44ColorRGB
 90
      255
102
RTVSPost2010PropOp44
 70
     1
102
RTVSPost2010Prop45
280
     0
102
RTVSPost2010PropOp45
 70
     1
102
RTVSPost2010Prop46
 90
       50
102
RTVSPost2010PropOp46
 70
     1
102
RTVSPost2010Prop47
 90
       50
102
RTVSPost2010PropOp47
 70
     1
102
RTVSPost2010Prop48
 90
       50
102
RTVSPost2010PropOp48
 70
     1
102
RTVSPost2010Prop49
280
     0
102
RTVSPost2010PropOp49
 70
     1
102
RTVSPost2010Prop50
 90
       50
102
RTVSPost2010PropOp50
 70
     1
102
RTVSPost2010Prop51ColorIndex
 90
      256
102
RTVSPost2010Prop51ColorRGB
 90
-16777216
102
RTVSPost2010PropOp51
 70
     0
102
RTVSPost2010Prop52
140
1.0
102
RTVSPost2010PropOp52
 70
     0
102
RTVSPost2010Prop53
 90
        2
102
RTVSPost2010PropOp53
 70
     1
102
RTVSPost2010Prop54
  1
strokes_ogs.tif
102
RTVSPost2010PropOp54
 70
     1
102
RTVSPost2010Prop55
280
     0
102
RTVSPost2010PropOp55
 70
     1
102
RTVSPost2010Prop56
140
1.0
102
RTVSPost2010PropOp56
 70
     1
102
RTVSPost2010Prop57
140
1.0
102
RTVSPost2010PropOp57
 70
     1
  0
XRECORD
  5
399
102
{ACAD_REACTORS
330
398
102
}
330
398
100
AcDbXrecord
280
     1
102
RTVSPost2010Prop28
280
     0
102
RTVSPost2010PropOp28
 70
     1
102
RTVSPost2010Prop29
280
     1
102
RTVSPost2010PropOp29
 70
     1
102
RTVSPost2010Prop30
280
     1
102
RTVSPost2010PropOp30
 70
     1
102
RTVSPost2010Prop31
280
     0
102
RTVSPost2010PropOp31
 70
     1
102
RTVSPost2010Prop32
280
     0
102
RTVSPost2010PropOp32
 70
     1
102
RTVSPost2010Prop33
280
     0
102
RTVSPost2010PropOp33
 70
     1
102
RTVSPost2010Prop34
280
     0
102
RTVSPost2010PropOp34
 70
     1
102
RTVSPost2010Prop35
280
     0
102
RTVSPost2010PropOp35
 70
     1
102
RTVSPost2010Prop36
280
     0
102
RTVSPost2010PropOp36
 70
     1
102
RTVSPost2010Prop37
 90
       50
102
RTVSPost2010PropOp37
 70
     1
102
RTVSPost2010Prop38
140
0.0
102
RTVSPost2010PropOp38
 70
     1
102
RTVSPost2010Prop39
140
1.0
102
RTVSPost2010PropOp39
 70
     1
102
RTVSPost2010Prop40
 90
        0
102
RTVSPost2010PropOp40
 70
     1
102
RTVSPost2010Prop41ColorIndex
 90
       18
102
RTVSPost2010Prop41ColorRGB
 90
        0
102
RTVSPost2010PropOp41
 70
     1
102
RTVSPost2010Prop42
 90
       50
102
RTVSPost2010PropOp42
 70
     1
102
RTVSPost2010Prop43
 90
        3
102
RTVSPost2010PropOp43
 70
     1
102
RTVSPost2010Prop44ColorIndex
 90
        5
102
RTVSPost2010Prop44ColorRGB
 90
      255
102
RTVSPost2010PropOp44
 70
     1
102
RTVSPost2010Prop45
280
     0
102
RTVSPost2010PropOp45
 70
     1
102
RTVSPost2010Prop46
 90
       50
102
RTVSPost2010PropOp46
 70
     1
102
RTVSPost2010Prop47
 90
       50
102
RTVSPost2010PropOp47
 70
     1
102
RTVSPost2010Prop48
 90
       50
102
RTVSPost2010PropOp48
 70
     1
102
RTVSPost2010Prop49
280
     0
102
RTVSPost2010PropOp49
 70
     1
102
RTVSPost2010Prop50
 90
       50
102
RTVSPost2010PropOp50
 70
     1
102
RTVSPost2010Prop51ColorIndex
 90
      256
102
RTVSPost2010Prop51ColorRGB
 90
-16777216
102
RTVSPost2010PropOp51
 70
     0
102
RTVSPost2010Prop52
140
1.0
102
RTVSPost2010PropOp52
 70
     0
102
RTVSPost2010Prop53
 90
        2
102
RTVSPost2010PropOp53
 70
     1
102
RTVSPost2010Prop54
  1
strokes_ogs.tif
102
RTVSPost2010PropOp54
 70
     1
102
RTVSPost2010Prop55
280
     0
102
RTVSPost2010PropOp55
 70
     1
102
RTVSPost2010Prop56
140
1.0
102
RTVSPost2010PropOp56
 70
     1
102
RTVSPost2010Prop57
140
1.0
102
RTVSPost2010PropOp57
 70
     1
  0
XRECORD
  5
39B
102
{ACAD_REACTORS
330
39A
102
}
330
39A
100
AcDbXrecord
280
     1
102
RTVSPost2010Prop28
280
     0
102
RTVSPost2010PropOp28
 70
     1
102
RTVSPost2010Prop29
280
     1
102
RTVSPost2010PropOp29
 70
     1
102
RTVSPost2010Prop30
280
     1
102
RTVSPost2010PropOp30
 70
     1
102
RTVSPost2010Prop31
280
     0
102
RTVSPost2010PropOp31
 70
     1
102
RTVSPost2010Prop32
280
     0
102
RTVSPost2010PropOp32
 70
     1
102
RTVSPost2010Prop33
280
     0
102
RTVSPost2010PropOp33
 70
     1
102
RTVSPost2010Prop34
280
     0
102
RTVSPost2010PropOp34
 70
     1
102
RTVSPost2010Prop35
280
     0
102
RTVSPost2010PropOp35
 70
     1
102
RTVSPost2010Prop36
280
     0
102
RTVSPost2010PropOp36
 70
     1
102
RTVSPost2010Prop37
 90
       50
102
RTVSPost2010PropOp37
 70
     1
102
RTVSPost2010Prop38
140
0.0
102
RTVSPost2010PropOp38
 70
     1
102
RTVSPost2010Prop39
140
1.0
102
RTVSPost2010PropOp39
 70
     1
102
RTVSPost2010Prop40
 90
        0
102
RTVSPost2010PropOp40
 70
     1
102
RTVSPost2010Prop41ColorIndex
 90
       18
102
RTVSPost2010Prop41ColorRGB
 90
        0
102
RTVSPost2010PropOp41
 70
     1
102
RTVSPost2010Prop42
 90
       50
102
RTVSPost2010PropOp42
 70
     1
102
RTVSPost2010Prop43
 90
        3
102
RTVSPost2010PropOp43
 70
     1
102
RTVSPost2010Prop44ColorIndex
 90
        5
102
RTVSPost2010Prop44ColorRGB
 90
      255
102
RTVSPost2010PropOp44
 70
     1
102
RTVSPost2010Prop45
280
     0
102
RTVSPost2010PropOp45
 70
     1
102
RTVSPost2010Prop46
 90
       50
102
RTVSPost2010PropOp46
 70
     1
102
RTVSPost2010Prop47
 90
       50
102
RTVSPost2010PropOp47
 70
     1
102
RTVSPost2010Prop48
 90
       50
102
RTVSPost2010PropOp48
 70
     1
102
RTVSPost2010Prop49
280
     0
102
RTVSPost2010PropOp49
 70
     1
102
RTVSPost2010Prop50
 90
       50
102
RTVSPost2010PropOp50
 70
     1
102
RTVSPost2010Prop51ColorIndex
 90
      256
102
RTVSPost2010Prop51ColorRGB
 90
-16777216
102
RTVSPost2010PropOp51
 70
     0
102
RTVSPost2010Prop52
140
1.0
102
RTVSPost2010PropOp52
 70
     0
102
RTVSPost2010Prop53
 90
        2
102
RTVSPost2010PropOp53
 70
     1
102
RTVSPost2010Prop54
  1
strokes_ogs.tif
102
RTVSPost2010PropOp54
 70
     1
102
RTVSPost2010Prop55
280
     0
102
RTVSPost2010PropOp55
 70
     1
102
RTVSPost2010Prop56
140
1.0
102
RTVSPost2010PropOp56
 70
     1
102
RTVSPost2010Prop57
140
1.0
102
RTVSPost2010PropOp57
 70
     1
  0
XRECORD
  5
39D
102
{ACAD_REACTORS
330
39C
102
}
330
39C
100
AcDbXrecord
280
     1
102
RTVSPost2010Prop28
280
     0
102
RTVSPost2010PropOp28
 70
     1
102
RTVSPost2010Prop29
280
     1
102
RTVSPost2010PropOp29
 70
     1
102
RTVSPost2010Prop30
280
     1
102
RTVSPost2010PropOp30
 70
     1
102
RTVSPost2010Prop31
280
     0
102
RTVSPost2010PropOp31
 70
     1
102
RTVSPost2010Prop32
280
     0
102
RTVSPost2010PropOp32
 70
     1
102
RTVSPost2010Prop33
280
     0
102
RTVSPost2010PropOp33
 70
     1
102
RTVSPost2010Prop34
280
     0
102
RTVSPost2010PropOp34
 70
     1
102
RTVSPost2010Prop35
280
     0
102
RTVSPost2010PropOp35
 70
     1
102
RTVSPost2010Prop36
280
     0
102
RTVSPost2010PropOp36
 70
     1
102
RTVSPost2010Prop37
 90
       50
102
RTVSPost2010PropOp37
 70
     1
102
RTVSPost2010Prop38
140
0.0
102
RTVSPost2010PropOp38
 70
     1
102
RTVSPost2010Prop39
140
1.0
102
RTVSPost2010PropOp39
 70
     1
102
RTVSPost2010Prop40
 90
        0
102
RTVSPost2010PropOp40
 70
     1
102
RTVSPost2010Prop41ColorIndex
 90
       18
102
RTVSPost2010Prop41ColorRGB
 90
        0
102
RTVSPost2010PropOp41
 70
     1
102
RTVSPost2010Prop42
 90
       50
102
RTVSPost2010PropOp42
 70
     1
102
RTVSPost2010Prop43
 90
        3
102
RTVSPost2010PropOp43
 70
     1
102
RTVSPost2010Prop44ColorIndex
 90
        5
102
RTVSPost2010Prop44ColorRGB
 90
      255
102
RTVSPost2010PropOp44
 70
     1
102
RTVSPost2010Prop45
280
     0
102
RTVSPost2010PropOp45
 70
     1
102
RTVSPost2010Prop46
 90
       50
102
RTVSPost2010PropOp46
 70
     1
102
RTVSPost2010Prop47
 90
       50
102
RTVSPost2010PropOp47
 70
     1
102
RTVSPost2010Prop48
 90
       50
102
RTVSPost2010PropOp48
 70
     1
102
RTVSPost2010Prop49
280
     0
102
RTVSPost2010PropOp49
 70
     1
102
RTVSPost2010Prop50
 90
       50
102
RTVSPost2010PropOp50
 70
     1
102
RTVSPost2010Prop51ColorIndex
 90
      256
102
RTVSPost2010Prop51ColorRGB
 90
-16777216
102
RTVSPost2010PropOp51
 70
     0
102
RTVSPost2010Prop52
140
1.0
102
RTVSPost2010PropOp52
 70
     0
102
RTVSPost2010Prop53
 90
        2
102
RTVSPost2010PropOp53
 70
     1
102
RTVSPost2010Prop54
  1
strokes_ogs.tif
102
RTVSPost2010PropOp54
 70
     1
102
RTVSPost2010Prop55
280
     0
102
RTVSPost2010PropOp55
 70
     1
102
RTVSPost2010Prop56
140
1.0
102
RTVSPost2010PropOp56
 70
     1
102
RTVSPost2010Prop57
140
1.0
102
RTVSPost2010PropOp57
 70
     1
  0
XRECORD
  5
39F
102
{ACAD_REACTORS
330
39E
102
}
330
39E
100
AcDbXrecord
280
     1
102
RTVSPost2010Prop28
280
     0
102
RTVSPost2010PropOp28
 70
     1
102
RTVSPost2010Prop29
280
     1
102
RTVSPost2010PropOp29
 70
     1
102
RTVSPost2010Prop30
280
     1
102
RTVSPost2010PropOp30
 70
     1
102
RTVSPost2010Prop31
280
     0
102
RTVSPost2010PropOp31
 70
     1
102
RTVSPost2010Prop32
280
     0
102
RTVSPost2010PropOp32
 70
     1
102
RTVSPost2010Prop33
280
     0
102
RTVSPost2010PropOp33
 70
     1
102
RTVSPost2010Prop34
280
     0
102
RTVSPost2010PropOp34
 70
     1
102
RTVSPost2010Prop35
280
     0
102
RTVSPost2010PropOp35
 70
     1
102
RTVSPost2010Prop36
280
     0
102
RTVSPost2010PropOp36
 70
     1
102
RTVSPost2010Prop37
 90
       50
102
RTVSPost2010PropOp37
 70
     1
102
RTVSPost2010Prop38
140
0.0
102
RTVSPost2010PropOp38
 70
     1
102
RTVSPost2010Prop39
140
1.0
102
RTVSPost2010PropOp39
 70
     1
102
RTVSPost2010Prop40
 90
        0
102
RTVSPost2010PropOp40
 70
     1
102
RTVSPost2010Prop41ColorIndex
 90
       18
102
RTVSPost2010Prop41ColorRGB
 90
        0
102
RTVSPost2010PropOp41
 70
     1
102
RTVSPost2010Prop42
 90
       50
102
RTVSPost2010PropOp42
 70
     1
102
RTVSPost2010Prop43
 90
        3
102
RTVSPost2010PropOp43
 70
     1
102
RTVSPost2010Prop44ColorIndex
 90
        5
102
RTVSPost2010Prop44ColorRGB
 90
      255
102
RTVSPost2010PropOp44
 70
     1
102
RTVSPost2010Prop45
280
     0
102
RTVSPost2010PropOp45
 70
     1
102
RTVSPost2010Prop46
 90
       50
102
RTVSPost2010PropOp46
 70
     1
102
RTVSPost2010Prop47
 90
       50
102
RTVSPost2010PropOp47
 70
     1
102
RTVSPost2010Prop48
 90
       50
102
RTVSPost2010PropOp48
 70
     1
102
RTVSPost2010Prop49
280
     0
102
RTVSPost2010PropOp49
 70
     1
102
RTVSPost2010Prop50
 90
       50
102
RTVSPost2010PropOp50
 70
     1
102
RTVSPost2010Prop51ColorIndex
 90
      256
102
RTVSPost2010Prop51ColorRGB
 90
-16777216
102
RTVSPost2010PropOp51
 70
     0
102
RTVSPost2010Prop52
140
1.0
102
RTVSPost2010PropOp52
 70
     0
102
RTVSPost2010Prop53
 90
        2
102
RTVSPost2010PropOp53
 70
     1
102
RTVSPost2010Prop54
  1
strokes_ogs.tif
102
RTVSPost2010PropOp54
 70
     1
102
RTVSPost2010Prop55
280
     0
102
RTVSPost2010PropOp55
 70
     1
102
RTVSPost2010Prop56
140
1.0
102
RTVSPost2010PropOp56
 70
     1
102
RTVSPost2010Prop57
140
1.0
102
RTVSPost2010PropOp57
 70
     1
  0
XRECORD
  5
3A1
102
{ACAD_REACTORS
330
3A0
102
}
330
3A0
100
AcDbXrecord
280
     1
102
RTVSPost2010Prop28
280
     0
102
RTVSPost2010PropOp28
 70
     1
102
RTVSPost2010Prop29
280
     1
102
RTVSPost2010PropOp29
 70
     1
102
RTVSPost2010Prop30
280
     1
102
RTVSPost2010PropOp30
 70
     1
102
RTVSPost2010Prop31
280
     0
102
RTVSPost2010PropOp31
 70
     1
102
RTVSPost2010Prop32
280
     0
102
RTVSPost2010PropOp32
 70
     1
102
RTVSPost2010Prop33
280
     0
102
RTVSPost2010PropOp33
 70
     1
102
RTVSPost2010Prop34
280
     0
102
RTVSPost2010PropOp34
 70
     1
102
RTVSPost2010Prop35
280
     0
102
RTVSPost2010PropOp35
 70
     1
102
RTVSPost2010Prop36
280
     0
102
RTVSPost2010PropOp36
 70
     1
102
RTVSPost2010Prop37
 90
       50
102
RTVSPost2010PropOp37
 70
     1
102
RTVSPost2010Prop38
140
0.0
102
RTVSPost2010PropOp38
 70
     1
102
RTVSPost2010Prop39
140
1.0
102
RTVSPost2010PropOp39
 70
     1
102
RTVSPost2010Prop40
 90
        0
102
RTVSPost2010PropOp40
 70
     1
102
RTVSPost2010Prop41ColorIndex
 90
       18
102
RTVSPost2010Prop41ColorRGB
 90
        0
102
RTVSPost2010PropOp41
 70
     1
102
RTVSPost2010Prop42
 90
       50
102
RTVSPost2010PropOp42
 70
     1
102
RTVSPost2010Prop43
 90
        3
102
RTVSPost2010PropOp43
 70
     1
102
RTVSPost2010Prop44ColorIndex
 90
        5
102
RTVSPost2010Prop44ColorRGB
 90
      255
102
RTVSPost2010PropOp44
 70
     1
102
RTVSPost2010Prop45
280
     0
102
RTVSPost2010PropOp45
 70
     1
102
RTVSPost2010Prop46
 90
       50
102
RTVSPost2010PropOp46
 70
     1
102
RTVSPost2010Prop47
 90
       50
102
RTVSPost2010PropOp47
 70
     1
102
RTVSPost2010Prop48
 90
       50
102
RTVSPost2010PropOp48
 70
     1
102
RTVSPost2010Prop49
280
     0
102
RTVSPost2010PropOp49
 70
     1
102
RTVSPost2010Prop50
 90
       50
102
RTVSPost2010PropOp50
 70
     1
102
RTVSPost2010Prop51ColorIndex
 90
      256
102
RTVSPost2010Prop51ColorRGB
 90
-16777216
102
RTVSPost2010PropOp51
 70
     0
102
RTVSPost2010Prop52
140
1.0
102
RTVSPost2010PropOp52
 70
     0
102
RTVSPost2010Prop53
 90
        2
102
RTVSPost2010PropOp53
 70
     1
102
RTVSPost2010Prop54
  1
strokes_ogs.tif
102
RTVSPost2010PropOp54
 70
     1
102
RTVSPost2010Prop55
280
     0
102
RTVSPost2010PropOp55
 70
     1
102
RTVSPost2010Prop56
140
1.0
102
RTVSPost2010PropOp56
 70
     1
102
RTVSPost2010Prop57
140
1.0
102
RTVSPost2010PropOp57
 70
     1
  0
ENDSEC
  0
SECTION
  2
THUMBNAILIMAGE
 90
    16184
310
28000000B4000000540000000100080000000000103B000000000000000000000001000000000000FFFFFF0000000000FFFFFF000000000000000000000000000000000000000000000000000000000000000000330000006600000099000000CC000000FF00000000330000333300006633000099330000CC330000FF3300
310
0000660000336600006666000099660000CC660000FF66000000990000339900006699000099990000CC990000FF99000000CC000033CC000066CC000099CC0000CCCC0000FFCC000000FF000033FF000066FF000099FF0000CCFF0000FFFF000000003300330033006600330099003300CC003300FF003300003333003333
310
33006633330099333300CC333300FF33330000663300336633006666330099663300CC663300FF66330000993300339933006699330099993300CC993300FF99330000CC330033CC330066CC330099CC3300CCCC3300FFCC330000FF330033FF330066FF330099FF3300CCFF3300FFFF330000006600330066006600660099
310
006600CC006600FF00660000336600333366006633660099336600CC336600FF33660000666600336666006666660099666600CC666600FF66660000996600339966006699660099996600CC996600FF99660000CC660033CC660066CC660099CC6600CCCC6600FFCC660000FF660033FF660066FF660099FF6600CCFF6600
310
FFFF660000009900330099006600990099009900CC009900FF00990000339900333399006633990099339900CC339900FF33990000669900336699006666990099669900CC669900FF66990000999900339999006699990099999900CC999900FF99990000CC990033CC990066CC990099CC9900CCCC9900FFCC990000FF99
310
0033FF990066FF990099FF9900CCFF9900FFFF99000000CC003300CC006600CC009900CC00CC00CC00FF00CC000033CC003333CC006633CC009933CC00CC33CC00FF33CC000066CC003366CC006666CC009966CC00CC66CC00FF66CC000099CC003399CC006699CC009999CC00CC99CC00FF99CC0000CCCC0033CCCC0066CC
310
CC0099CCCC00CCCCCC00FFCCCC0000FFCC0033FFCC0066FFCC0099FFCC00CCFFCC00FFFFCC000000FF003300FF006600FF009900FF00CC00FF00FF00FF000033FF003333FF006633FF009933FF00CC33FF00FF33FF000066FF003366FF006666FF009966FF00CC66FF00FF66FF000099FF003399FF006699FF009999FF00CC
310
99FF00FF99FF0000CCFF0033CCFF0066CCFF0099CCFF00CCCCFF00FFCCFF0000FFFF0033FFFF0066FFFF0099FFFF00CCFFFF00FFFFFF00000000000D0D0D001A1A1A00282828003535350043434300505050005D5D5D006B6B6B00787878008686860093939300A1A1A100AEAEAE00BBBBBB00C9C9C900D6D6D600E4E4E400
310
F1F1F100FFFFFF0000000000000000000000000000000000000000000000000000000000000000000000000000000000F5F5F5F5F5F5F5F5F5F5F5F5F5F5F5F5F5F5F5F5E2F5E2E2E2E2F5F5F5F5F5F5F5E2F5F5E2E2E2E2E2F5F5F5F5F5E2E2E2E2E2E2E2E2E2E2E2E2E2E2E2E2E2E2E2E2E2F5E2E2E2F5F5F5F5F5F5F5F5
310
F5F5F5F5F5F5F5F5F5F5F5F5E2E2E2E2E2E2E2E2E2E2E2F5F5F5E2E2F5F5F5F5F5F5F5F5F5F5F5F5F5F5F5F5F5F5F5F5E2E2E2E2E2E2E2E2F5F5F5F5F5F5E2F5F5F5F5F5F5F5E2E2F5F5F5E2E2E2E2E2F5F5F5F5F5F5F5F5F5F5F5F5F5F5F5F5F5F5F5F5F5F5F5F5F5F5F5F5F5F5F5F5F5F5F5F5F5F5F5F5F5E2E2E2E2F5F5
310
F5E2E2E2F5E2E2E2E2E2E2E2E2E2E2E2E2E2E2E2F5F5F5E2E2E2E2E2E2E2E2E2F5F5E2E2E2F5E2E2E2F5E2E2E2F5F5F5F5F5E2E2E2E2E2E2E2E2E2E2E2E2E2E2E2E2E2E2E2E2E2E2E2E2E2E2F5F5F5E2E2E2F5F5F5F5F5F5F5F5F5F5F5F5F5F5F5F5F5F5F5F5F5F5E2E2E2E2F5E2E2F5F5F5F5F5E2F5F5F5F5F5F5E2E2E2F5
310
F5F5E2E2E2E2F5F5F5F5F5F5F5F5F5F5F5F5F5F5F5F5F5F5F5F5F5F5F5F5F5F5F5F5F5F5F5F5F5F5F5F5F5F5F5F5E2E2E2E2F5F5F5E2E2E2E2E2E2E2E2F5F5F5F5F5F5F5F5F5F5F5F5F5F5F5F5E2E2E2E2F5F5F5F5F5F5F5F5F5F5E2E2E2E2E2E2E2E2E2E2E2E2F5F5F5F5F5F5F5F5E2E2E2E2E2F5F5E2E2E2E2E2E2E2E2E2
310
E2E2E2E2E2E2E2E2F5F5F5F5F5F5F5F5F5F5F5F5F5F5F5F5F5F5F5F5F5F5F5F5F5F5F5F5F5E2E2E2F5F5F5E2E2F5F5F5F5F5E2E2E2F5F5F5E2E2E2F5F5F5F5F5F5F5F5F5F5F5F5F5F5F5F5F5F5F5F5F5F5F5F5F5F5F5F5F5F5F5F5F5F5F5F5F5F5F5E2F5E2E2F5F5F5F5E2E2E2E2F5F5F5F5F5F5F5F5F5F5F5F5F5F5F5F5F5
310
F5F5F5F5F5E2E2E2F5F5E2E2E2E2E2E2E2F5F5E2E2F5F5F5F5F5F5F5F5F5F5F5F5F5F5E2E2F5F5E2E2E2F5F5F5F5F5E2E2E2E2E2E2E2E2E2E2F5F5E2E2E2E2E2F5F5F5F5F5F5F5F5F5F5E2E2F5F5F5F5F5F5F5F5F5F5F5F5F5F5F5F5F5E2E2F5F5F5E2F5F5F5F5F5E2E2E2F5F5E2E2E2E2F5F5F5F5F5F5F5F5F5F5F5F5F5F5
310
F5F5F5F5F5F5F5F5F5F5F5F5F5F5F5F5F5F5F5F5F5F5F5F5E2E2F5E2E2E2E2E2E2E2E2E2F5F5F5F5F5F5F5F5F5F5F5F5F5F5F5F5F5F5F5F5F5E2E2E2E2E2E2F5F5F5E2F5F5F5E2E2F5F5F5F5F5F5F5F5F5F5F5E2F5E2E2E2F5F5F5F5F5F5F5F5F5F5F5F5F5F5F5F5E2E2E2F5F5F5F5F5F5F5F5F5F5E2E2E2E2E2E2F5F5F5F5
310
E2E2E2F5F5F5F5F5F5F5F5F5F5F5F5F5F5F5F5E2E2E2E2F5F5E2F5F5F5F5F5E2E2F5F5E2E2E2E2E2F5F5F5F5F5F5F5F5F5F5F5F5F5F5F5F5F5F5F5F5F5F5F5F5F5F5F5F5F5F5F5F5F5F5F5F5E2E2E2E2E2E2E2E2E2E2F5F5F5F5F5F5F5F5F5F5F5F5F5F5E2E2E2F5F5F5E2E2E2E2E2E2F5F5F5F5F5F5E2E2F5E2E2F5F5F5F5
310
F5F5F5F5F5F5F5E2E2E2E2E2E2F5F5F5F5F5F5F5F5F5F5F5F5F5F5E2E2E2F5F5F5F5F5F5F5F5F5F5F5F5F5F5F5F5F5F5F5E2E2E2E2F5E2E2F5F5F5F5F5F5F5F5F5F5F5F5F5F5F5F5F5E2F5F5E2E2E2E2E2E2E2E2E2E2E2F5F5E2E2E2E2F5F5F5F5F5F5F5F5F5F5F5F5F5F5F5F5F5F5F5F5F5F5F5F5F5F5F5F5F5F5F5F5E2E2
310
F5F5E2E2E2E2E2E2E2F5F5F5F5F5F5F5F5F5F5F5F5F5F5F5F5F5E2E2E2E2E2E2F5E2E2F5F5F5F5F5F5F5F5F5E2E2E2F5F5F5F5F5F5F5F5F5F5F5E2E2E2E2E2E2E2E2F5F5F5F5F5F5F5F5F5F5F5E2E2E2F5F5F5F5F5F5F5F5F5F5F5F5F5F5F5F5F5F5F5F5F5F5F5F5E2E2E2E2E2F5F5F5F5F5F5F5F5F5F5F5F5F5F5F5F5F5F5
310
F5F5F5F5F5E2E2E2E2E2E2E2E2E2F5F5F5E2E2E2F5F5F5F5F5F5F5F5F5F5F5F5F5F5F5F5F5F5F5F5F5F5F5F5F5F5F5F5F5E2E2E2E2E2E2E2E2E2E2F5F5F5F5F5F5F5F5F5F5F5F5F5F5F5F5F5F5F5F5E2E2F5F5F5E2E2F5E2E2E2F5F5F5F5F5E2E2E2E2E2F5F5F5F5E2E2F5F5F5E2E2E2E2E2E2F5F5F5F5F5F5F5F5F5F5F5F5
310
E2E2E2F5F5F5F5F5F5F5F5F5F5F5F5F5F5F5F5F5F5F5F5F5F5F5F5E2E2E2F5F5F5F5F5E2E2E2E2F5F5F5F5F5F5F5F5F5F5F5F5F5F5F5F5F5F5F5F5F5E2E2E2F5E2E2E2E2F5F5E2E2E2E2F5F5F5F5F5F5F5F5F5F5F5F5F5F5F5F5F5F5F5F5F5F5F5F5F5F5F5E2E2E2E2E2F5F5E2E2F5F5F5F5F5F5F5F5F5F5F5F5F5F5F5F5F5
310
E2E2E2E2E2E2F5F5F5F5E2E2E2E2E2E2F5F5F5F5E2E2E2E2E2E2F5F5F5F5E2E2E2E2E2F5E2E2E2F5F5F5F5F5F5F5F5F5F5F5E2E2E2F5F5F5F5F5F5F5F5F5F5F5F5F5F5F5F5F5F5F5F5F5F5F5E2E2E2E2F5F5F5F5F5F5F5F5F5F5F5F5E2E2F5F5F5F5F5F5F5F5F5F5E2E2E2F5F5F5F5F5F5F5F5E2E2E2E2F5E2E2F5E2F5E2E2
310
F5F5F5F5F5F5F5F5F5F5F5F5F5F5F5F5F5F5F5F5F5F5F5F5F5F5F5E2E2E2E2E2F5F5F5F5F5F5F5F5F5F5F5F5F5F5F5F5F5F5E2E2E2F5F5E2E2F5F5F5E2E2E2E2E2E2F5F5F5F5E2E2E2E2E2E2E2F5F5F5F5F5F5E2E2E2E2F5F5F5F5F5F5F5F5F5F5F5F5F5E2E2E2F5F5F5F5F5F5F5F5F5F5F5F5F5F5F5F5F5F5F5F5F5F5F5E2
310
E2E2F5F5F5F5F5F5F5F5F5F5F5F5F5F5F5F5F5F5E2E2E2E2F5F5E2E2E2F5E2E2E2F5F5F5F5F5F5F5F5F5E2E2F5E2E2E2F5F5E2E2E2E2F5F5F5F5F5F5F5F5F5F5F5F5F5F5F5F5F5F5F5F5F5F5F5F5E2E2E2E2E2E2F5F5F5F5F5F5F5F5F5F5F5F5F5E2E2F5F5E2E2F5F5F5E2E2F5E2E2E2E2E2E2E2F5F5F5F5E2E2E2E2E2E2E2
310
F5F5F5F5F5F5F5E2E2F5E2E2F5F5F5F5F5F5F5F5F5F5E2E2E2E2E2E2F5F5F5F5F5F5F5F5F5F5F5F5F5F5F5F5F5F5F5F5E2E2E2E2F5F5F5F5F5F5F5F5F5F5F5F5F5F5F5F5F5F5F5F5F5F5F5F5F5E2E2E2E2E2E2E2E2E2F5F5F5F5F5F5F5F5F5E2E2E2F5E2E2E2E2E2E2F5F5F5F5F5F5F5F5F5F5F5F5F5F5F5F5F5F5F5F5F5F5
310
F5F5E2E2E2E2E2E2E2F5F5F5F5F5F5F5F5F5F5F5F5F5F5E2E2E2E2E2E2F5F5E2F5F5F5E2E2F5E2E2E2F5F5F5E2E2F5F5E2E2E2F5F5F5F5F5F5F5E2E2F5F5F5F5F5F5F5F5F5F5F5F5F5E2E2E2E2E2E2E2E2F5F5F5F5F5F5F5F5F5F5F5F5F5E2F5F5F5E2E2E2F5F5F5F5F5F5F5F5F5F5F5F5F5F5F5F5F5F5F5F5F5F5F5F5F5F5
310
F5F5F5F5F5E2E2E2E2E2E2E2E2F5F5F5F5F5F5F5F5F5E2E2F5F5F5E2E2E2E2E2E2F5F5F5F5F5F5F5F5F5F5F5F5F5F5F5F5F5F5F5F5F5F5F5F5E2E2E2F5F5F5F5F5F5F5F5F5F5F5F5F5F5E2E2E2E2E2E2F5F5E2E2F5F5F5F5E2E2E2F5F5F5F5E2E2F5F5F5F5F5F5F5F5F5F5F5E2E2E2F5F5F5F5F5F5F5F5F5F5F5F5E2E2E2E2
310
E2E2E2E2F5E2F5F5F5F5F5F5F5F5F5F5F5F5F5E2E2E2E2E2F5F5F5F5F5F5F5F5F5F5F5F5F5F5F5F5F5F5F5F5F5F5F5F5F5F5F5F5F5F5F5F5F5E2E2F5F5F5E2E2F5E2E2E2F5F5F5F5F5F5F5F5F5E2E2F5F5E2E2E2F5E2F5F5F5F5F5F5F5F5F5F5F5F5F5F5F5F5F5F5F5F5F5F5F5E2E2E2E2F5F5F5F5F5F5F5E2E2F5F5F5E2E2
310
E2E2E2F5F5E2E2E2E2E2F5F5E2E2F5F5F5F5F5E2E2F5F5F5F5F5F5F5F5F5E2E2E2E2F5F5F5F5F5F5F5F5F5F5F5F5E2E2E2F5E2E2E2E2F5F5F5F5F5F5F5F5F5F5F5F5F5F5E2F5F5F5F5E2E2E2F5F5F5F5F5F5F5F5F5F5F5F5F5F5F5F5F5F5F5F5F5F5F5F5F5F5F5F5F5F5F5F5F5E2F5F5F5F5F5F5F5E2E2F5E2E2E2F5F5F5F5
310
F5F5E2E2E2E2F5F5E2E2E2E2E2F5F5F5F5F5F5F5F5F5F5F5F5F5F5F5F5F5F5F5F5E2E2E2E2E2F5F5F5F5F5F5F5F5E2E2E2E2E2E2E2E2F5F5E2E2E2E2E2E2E2E2E2E2E2F5F5F5E2E2F5F5F5F5F5F5F5F5E2E2E2E2F5F5F5F5F5F5F5F5F5F5F5F5E2E2E2F5F5F5F5F5F5F5F5F5F5F5F5F5F5F5F5F5F5F5F5F5E2E2E2E2E2E2F5
310
E2F5F5F5F5F5F5F5F5F5F5F5F5F5F5F5F5F5F5F5F5F5F5F5F5F5F5F5F5F5F5F5F5E2E2F5F5F5F5F5F5F5F5F5F5E2E2E2E2E2E2F5F5F5F5E2E2E2E2E2F5E2E2E2F5E2E2E2F5F5F5F5F5F5F5F5F5F5F5F5F5F5F5F5F5F5E2E2F5F5F5F5F5F5F5F5F5F5E2E2E2E2E2E2E2F5E2E2E2E2E2E2F5F5F5E2E2E2F5F5F5E2E2F5F5F5F5
310
F5F5F5F5F5E2E2E2E2F5F5F5F5F5F5F5F5F5F5E2E2E2E2F5F5F5F5F5F5F5F5F5F5F5F5F5F5F5F5F5F5F5F5E2E2E2E2E2E2E2E2F5F5F5F5F5F5F5F5F5F5F5F5F5F5F5F5F5F5F5F5F5F5F5F5F5F5F5F5F5F5F5F5F5E2E2F5F5F5F5F5F5F5F5F5F5F5F5F5F5F5F5E2E2E2E2F5E2F5F5E2E2E2E2F5E2E2F5E2E2E2F5F5F5F5F5F5
310
F5F5F5F5F5F5F5F5F5F5F5E2F5F5F5F5F5F5F5F5F5F5E2E2E2F5F5E2F5E2E2E2F5E2E2E2F5F5F5E2E2E2E2F5F5E2E2E2E2E2F5F5F5F5F5F5E2E2F5F5F5F5F5F5F5F5F5F5E2E2E2E2E2E2E2E2F5F5F5F5F5F5F5F5F5F5F5F5F5F5F5E2E2E2E2E2E2E2E2E2F5E2F5F5F5F5F5F5F5F5F5F5F5F5F5F5F5F5F5F5F5F5F5F5F5F5F5
310
F5F5F5F5F5F5F5F5E2E2F5F5F5F5F5F5F5F5F5F5F5F5F5F5F5F5F5F5F5E2E2E2E2E2E2F5F5E2F5F5E2F5E2E2F5F5E2F5F5F5F5F5F5F5F5F5F5F5F5F5F5F5F5E2F5F5F5F5F5F5F5F5E2E2E2E2E2E2F5F5F5E2E2E2E2F5F5F5F5F5E2E2E2E2F5F5E2E2E2E2E2F5F5F5F5F5E2E2E2E2F5F5F5F5E2E2E2E2E2E2E2F5F5E2E2E2F5
310
F5F5F5F5F5F5F5F5F5F5F5F5F5F5F5F5E2E2E2E2F5E2F5F5F5F5F5F5F5F5F5F5F5F5F5F5F5F5F5F5F5F5F5F5F5F5F5F5F5F5F5F5F5F5F5F5F5F5F5F5E2F5F5F5F5F5F5F5F5F5F5F5F5F5F5F5F5F5F5F5F5F5F5F5F5E2E2E2E2E2E2E2F5F5E2E2E2F5E2E2E2F5F5F5F5F5F5F5F5F5F5F5F5F5F5E2F5F5F5F5F5F5F5E2E2E2E2
310
E2F5F5F5F5E2E2E2E2F5F5F5F5F5E2E2F5F5F5F5E2E2F5F5F5F5F5F5E2E2E2E2E2E2E2E2F5F5E2E2E2E2E2F5F5F5F5F5F5F5F5F5F5F5F5F5F5F5F5F5F5F5E2E2E2E2E2E2E2F5F5F5F5F5F5F5F5F5F5F5F5F5F5F5F5F5F5F5F5F5F5F5F5F5F5F5F5F5F5F5F5F5F5F5F5F5F5F5F5F5E2E2E2F5F5F5F5F5F5F5F5F5F5F5F5F5F5
310
F5F5F5F5F5F5F5F5F5F5F5F5F5E2E2E2E2E2F5F5F5E2E2F5F5E2E2F5F5F5F5F5F5F5F5F5F5F5F5E2E2F5F5F5F5F5E2E2E2E2E2E2F5F5E2E2E2E2E2F5F5F5F5F5F5F5E2F5F5F5F5E2E2F5F5F5F5F5E2E2E2E2E2E2E2F5F5F5E2E2E2F5F5F5E2F5F5F5F5F5F5F5F5F5F5F5F5F5F5F5F5E2E2E2E2E2E2E2E2E2E2F5F5F5F5F5F5
310
F5F5F5F5F5F5F5F5F5F5F5F5F5F5F5F5F5F5F5F5F5F5F5F5F5F5F5F5F5F5F5F5F5F5E2E2F5F5F5F5F5F5F5F5F5F5F5F5F5F5F5F5F5F5F5F5F5F5F5F5F5F5F5F5F5F5F5E2E2E2E2E2F5F5E2E2E2F5E2E2E2E2E2E2F5F5F5F5F5F5F5F5F5F5F5F5F5E2E2E2F5F5E2E2E2E2E2E2E2E2F5F5F5F5F5F5F5F5E2F5F5F5E2E2F5F5F5
310
F5F5E2E2F5F5F5F5F5F5F5E2E2E2F5F5F5F5F5F5F5F5F5F5F5F5F5F5F5F5F5F5F5F5E2E2E2F5F5F5F5F5F5F5F5F5F5F5F5F5F5F5F5F5F5F5F5F5F5F5F5F5F5F5F5F5F5F5F5F5F5F5F5F5F5F5F5F5F5F5F5F5F5F5F5E2E2F5F5F5F5F5F5F5F5F5F5F5F5F5F5F5F5F5F5F5F5F5F5F5F5F5F5F5F5F5F5F5F5F5F5F5E2E2E2E2E2
310
F5E2E2E2E2F5F5F5F5F5E2E2F5F5F5F5F5E2F5F5F5E2E2F5E2F5F5E2E2E2E2F5F5F5F5F5F5F5F5F5F5F5E2E2F5F5E2E2F5F5F5F5F5E2E2F5F5F5F5F5F5E2E2E2F5F5F5F5F5F5F5F5F5F5F5F5F5F5F5F5F5F5F5E2E2E2E2F5F5F5F5F5F5F5F5F5F5F5F5F5F5F5F5F5F5F5F5F5F5F5F5F5F5F5F5F5F5F5F5F5F5F5F5F5F5F5F5
310
F5F5F5F5F5F5F5F5F5F5E2F5F5F5F5F5F5F5F5F5F5F5F5F5F5F5F5F5F5F5F5F5F5F5F5F5F5F5F5F5F5F5F5F5F5F5F5F5F5F5E2E2E2F5F5E2E2E2E2E2E2E2E2E2E2E2E2E2E2E2E2F5E2E2F5F5F5F5E2E2F5F5E2F5F5F5F5F5F5F5F5F5F5E2E2E2F5E2E2E2E2F5F5E2E2E2F5F5F5F5F5E2E2E2F5F5F5F5F5F5F5F5F5F5F5F5F5
310
F5F5E2E2E2E2E2E2E2F5F5F5F5F5F5F5F5F5F5F5F5F5F5F5F5F5F5F5F5F5F5F5F5F5F5F5F5F5F5F5F5F5F5F5F5F5F5F5F5F5F5F5F5F5F5F5F5F5F5F5E2E2E2F5F5F5F5F5F5F5F5F5F5F5F5F5F5F5F5F5F5F5F5F5F5F5F5F5F5F5F5F5F5F5F5F5F5F5F5F5F5F5F5F5F5E2E2F5E2F5F5F5F5F5F5F5F5E2E2F5F5E2E2E2E2F5F5
310
E2E2E2E2F5F5F5F5F5F5F5F5F5F5F5F5F5F5F5E2E2E2E2F5E2F5E2E2E2F5F5F5F5E2E2E2E2F5F5F5F5F5F5F5F5F5F5F5F5F5F5E2E2E2E2F5F5F5F5F5F5F5F5F5F5F5F5F5F5F5F5F5F5F5F5F5F5F5F5F5F5F5F5F5F5F5F5F5F5F5F5F5F5F5F5F5F5F5F5F5F5F5F5F5F5F5F5F5F5F5F5E2E2F5F5F5F5F5F5F5F5F5F5F5F5F5F5
310
F5F5F5F5F5F5F5F5F5F5F5F5F5F5F5F5F5F5F5F5F5F5F5F5F5F5F5F5F5F5F5F5F5E2E2F5F5F5F5F5F5F5F5F5E2F5F5F5F5F5E2E2E2F5F5F5F5F5F5F5F5F5F5F5F5F5F5F5F5F5E2E2E2E2F5F5E2E2E2F5F5E2E2E2E2E2F5F5F5F5F5F5F5F5F5F5F5F5F5F5E2E2E2E2F5F5F5F5F5F5F5F5F5F5F5F5F5F5F5F5F5F5F5F5F5F5F5
310
F5F5F5F5F5F5F5F5F5F5F5F5F5F5F5F5F5F5F5F5F5F5F5F5F5F5F5F5F5F5F5F5F5F5F5E2E2F5F5F5F5F5F5F5F5F5F5F5F5F5F5F5F5F5F5F5F5F5F5F5F5F5F5F5F5F5F5F5F5F5F5F5F5F5F5F5F5F5F5F5F5F5F5F5E2E2E2F5F5F5F5F5F5F5F5F5F5E2F5F5F5F5F5F5E2F5F5F5F5F5F5F5F5F5F5F5F5F5F5F5F5F5E2E2E2F5F5
310
E2E2F5F5E2E2E2F5F5F5F5F5F5F5F5F5F5F5F5E2E2E2E2E2E2E2F5F5F5F5F5F5F5F5F5F5F5F5F5F5F5F5F5F5F5F5F5F5F5F5F5F5F5F5F5F5F5F5F5F5F5F5F5F5F5F5F5F5F5F5F5F5F5F5F5F5F5F5F5F5F5F5F5F5F5F5E2E2F5F5F5F5F5F5F5F5F5F5F5F5F5F5F5F5F5F5F5F5F5F5F5F5F5F5F5F5F5F5F5F5F5F5F5F5F5F5F5
310
F5F5F5F5F5F5E2E2E2E2F5F5E2E2F5F5F5F5F5F5F5F5E2E2F5F5F5F5F5E2E2E2E2E2E2E2E2E2E2E2F5F5F5F5F5F5E2E2E2F5F5E2E2E2E2E2E2F5F5F5F5F5F5F5F5E2E2E2E2E2E2E2F5F5F5F5F5F5F5F5F5F5F5F5F5F5F5F5F5F5F5F5F5F5F5F5F5F5F5F5F5F5F5F5F5F5F5F5F5F5F5F5F5F5F5F5F5F5F5F5F5F5F5F5F5F5F5
310
F5F5F5F5F5F5F5F5F5F5E2E2F5F5F5F5F5F5F5F5F5F5F5F5F5F5F5F5F5F5F5F5F5F5F5F5F5F5F5F5F5F5F5F5F5F5F5F5F5F5F5F5F5F5F5F5F5E2E2F5F5F5F5F5F5F5E2F5F5F5F5F5F5F5F5E2E2E2F5F5F5F5F5F5F5F5F5F5E2E2E2E2E2F5F5E2E2E2E2E2F5E2E2E2E2E2F5F5F5F5E2E2E2E2E2E2E2E2F5F5F5F5F5F5F5F5F5
310
F5F5F5F5F5F5F5F5F5F5F5F5F5F5F5F5F5F5F5F5F5F5F5F5F5F5F5F5F5F5F5F5F5F5F5F5F5F5F5F5F5F5F5F5F5F5F5F5F5F5F5F5F5F5F5F5F5F5F5E2E2E2E2F5F5F5F5F5F5F5F5F5F5F5F5F5F5F5F5F5F5F5F5F5F5F5F5F5F5F5F5F5F5F5F5F5F5F5F5F5F5F5F5F5F5F5E2E2E2E2F5F5F5F5F5F5F5F5F5E2E2F5F5F5F5F5F5
310
F5E2F5E2E2F5F5F5F5F5F5F5F5F5F5F5F5F5E2E2F5E2E2E2E2E2E2F5F5E2E2E2E2E2E2E2F5F5F5F5F5F5F5F5F5F5F5F5F5F5F5F5F5F5F5F5F5F5F5F5F5F5F5F5F5F5F5F5F5F5F5F5F5F5F5F5F5F5F5F5F5F5F5F5F5F5F5F5F5F5F5F5F5F5F5F5F5F5F5F5F5F5F5F5F5F5F5F5F5E2F5E2E2E2F5F5F5F5F5F5F5F5F5F5F5F5F5
310
F5F5F5F5F5F5F5F5F5F5F5F5F5F5F5F5F5F5F5F5F5F5F5F5F5F5F5E2E2E2E2E2F5F5F5F5F5F5F5F5F5F5F5F5F5E2E2E2F5F5E2E2E2E2F5F5F5F5E2F5F5F5F5F5F5F5F5F5F5F5F5F5F5E2E2E2E2E2E2E2E2E2F5F5F5F5F5F5F5F5F5F5F5F5F5F5F5F5F5F5F5F5F5F5F5F5F5F5F5F5F5F5F5F5F5F5F5F5F5F5F5F5F5F5F5F5F5
310
F5F5F5F5F5F5F5F5F5F5F5F5F5F5F5F5F5F5F5F5F5F5F5F5F5F5F5F5F5F5F5F5F5F5E2E2E2E2E2E2F5F5F5F5F5F5F5F5F5F5F5F5F5F5F5F5F5F5F5F5F5F5F5F5F5F5F5F5F5F5F5F5F5F5F5E2E2E2E2E2F5F5F5F5F5F5F5F5F5F5F5F5E2F5E2E2E2E2F5E2E2E2E2E2E2E2F5F5F5F5F5F5E2F5F5F5F5F5E2E2E2E2E2E2E2E2E2
310
E2E2F5E2E2E2F5E2F5F5F5F5F5F5F5F5F5F5F5F5F5F5F5F5F5F5F5F5F5F5F5F5F5F5F5F5F5F5F5F5F5F5F5F5F5F5F5F5F5F5F5F5F5F5F5F5F5F5F5F5F5F5F5F5F5F5F5F5F5F5F5F5F5F5F5F5F5F5F5F5F5F5F5F5F5E2E2E2E2F5F5F5F5F5F5F5F5F5F5F5F5F5F5F5F5F5F5F5F5F5F5F5F5F5F5F5F5F5F5F5F5F5E2E2E2E2E2
310
E2F5F5F5F5F5F5F5F5E2E2E2F5F5E2E2E2E2E2E2E2E2E2E2E2E2E2E2E2E2F5E2E2F5F5E2F5F5E2E2E2E2E2E2E2E2F5F5F5E2E2E2E2E2E2F5F5F5F5E2E2E2F5F5F5F5F5F5F5F5F5F5F5F5F5F5F5F5F5F5F5F5F5F5F5F5F5F5F5F5F5F5F5F5F5F5F5F5F5F5F5F5F5F5F5F5F5F5F5F5F5F5F5F5F5F5F5F5F5F5F5F5F5F5F5F5F5
310
F5F5F5F5F5F5F5F5E2E2E2E2E2E2F5F5F5F5F5F5F5F5F5F5F5F5F5F5F5F5F5F5F5F5F5F5F5F5F5F5E2E2F5F5F5E2E2E2E2E2F5F5F5F5F5F5F5F5F5F5F5F5E2E2E2E2E2E2E2E2E2E2E2E2E2E2E2E2E2E2E2E2E2F5F5E2F5F5E2F5F5F5E2F5F5F5F5F5F5F5F5F5E2E2F5F5E2E2E2F5F5F5F5E2E2E2E2F5F5F5F5F5F5F5F5F5F5
310
F5F5F5F5F5F5F5F5F5F5F5F5F5F5F5F5F5F5F5F5F5F5F5F5F5F5F5F5F5F5F5F5F5F5F5F5F5F5F5F5F5F5F5F5F5F5F5F5F5F5F5F5F5F5F5F5F5F5E2E2E2F5F5E2E2F5F5F5F5F5F5F5F5F5F5F5F5F5F5F5F5F5F5F5F5F5F5F5F5F5F5F5F5E2E2F5E2E2F5F5F5E2F5F5F5F5F5F5F5F5F5F5F5F5E2E2E2E2E2E2E2E2E2E2E2E2E2
310
E2E2E2E2E2E2E2E2F5F5F5F5E2F5E2F5F5F5F5F5F5F5F5F5F5F5F5E2E2F5F5F5E2E2E2E2F5F5F5F5E2E2E2E2F5F5F5F5F5F5F5F5F5F5F5F5F5F5F5F5F5F5F5F5F5F5F5F5F5F5F5F5F5F5F5F5F5F5F5F5F5F5F5F5F5F5F5F5F5F5F5F5F5F5F5F5F5F5F5F5F5F5F5E2E2F5F5F5E2E2E2F5F5F5F5F5F5F5F5F5F5F5F5F5F5F5F5
310
F5F5F5F5F5F5F5F5F5F5F5F5F5F5F5F5F5F5E2E2E2E2F5F5F5F5F5F5F5F5F5F5F5F5F5E2E2E2E2E2F5F5E2E2E2E2E2E2E2E2E2E2F5E2E2E2E2E2E2E2E2F5F5F5F5E2E2F5E2F5F5F5F5F5F5F5F5E2E2E2F5F5F5F5F5F5E2E2E2E2F5F5F5F5F5E2E2E2F5F5F5F5F5F5F5F5F5F5F5F5F5F5F5F5F5F5F5F5F5F5F5F5F5F5F5F5F5
310
F5F5F5F5F5F5F5F5F5F5F5F5F5F5F5F5F5F5F5F5F5F5F5F5F5F5F5F5F5E2E2E2E2E2F5F5F5F5F5F5F5F5F5F5F5F5F5F5F5F5F5F5F5F5F5F5F5F5F5F5E2E2F5F5E2E2E2E2E2E2E2F5F5E2E2F5F5F5F5F5F5F5F5F5E2E2E2E2F5F5E2E2E2E2E2E2F5F5F5F5F5F5F5F5E2E2E2E2E2E2E2E2E2F5F5F5F5F5F5E2F5E2F5F5F5F5F5
310
E2E2E2E2F5F5F5F5F5F5F5F5F5E2E2E2E2F5F5F5F5F5E2E2F5F5F5F5F5F5F5F5F5F5F5F5F5F5F5F5F5F5F5F5F5F5F5F5F5F5F5F5F5F5F5F5F5F5F5F5F5F5F5F5F5F5F5F5F5F5F5F5F5F5F5F5F5F5F5F5F5F5E2E2E2E2F5F5F5F5F5F5F5F5F5F5F5F5F5F5F5F5F5F5F5F5F5F5F5F5F5E2E2E2E2E2E2E2F5F5F5F5F5F5F5F5F5
310
F5F5E2E2E2E2E2E2E2E2E2E2E2E2E2E2F5F5F5F5F5F5F5F5F5F5E2E2E2E2E2E2E2F5E2E2E2E2E2F5F5F5F5F5F5E2F5E2F5F5F5E2E2F5F5F5F5F5F5F5F5F5F5F5F5F5F5E2F5E2E2F5F5F5F5F5E2F5F5F5F5F5F5F5F5F5F5F5F5F5F5F5F5F5F5F5F5F5F5F5F5F5F5F5F5F5F5F5F5F5F5F5F5F5F5F5F5F5F5F5F5F5F5F5F5F5F5
310
F5F5F5F5F5E2E2E2F5E2E2F5F5F5F5F5F5F5F5F5F5F5F5F5F5F5F5F5F5F5F5F5F5F5E2E2E2E2E2E2E2E2F5E2F5F5F5F5F5F5F5E2E2E2E2F5E2E2E2E2E2E2F5F5F5F5F5F5F5F5F5F5F5F5F5E2E2E2E2E2F5F5E2F5F5F5E2E2E2E2E2F5F5F5F5F5F5F5E2F5E2F5F5F5F5F5F5F5F5F5F5F5F5F5F5F5F5F5F5F5E2E2F5E2E2F5F5
310
F5F5E2F5F5F5F5F5F5F5F5F5F5F5F5F5F5F5F5F5F5F5F5F5F5F5F5F5F5F5F5F5F5F5F5F5F5F5F5F5F5F5F5F5F5F5F5F5F5F5F5F5F5E2E2E2E2E2F5F5F5F5F5F5F5F5F5F5F5F5F5F5F5F5F5F5F5F5F5F5F5F5E2E2E2E2E2E2E2E2E2F5F5F5F5F5F5F5F5F5E2E2E2E2F5F5E2E2E2E2E2F5F5F5F5F5F5F5F5F5F5F5F5F5E2E2E2
310
E2E2E2F5F5F5F5E2F5F5F5E2F5E2F5F5E2F5F5F5F5F5F5F5F5E2F5E2F5F5F5F5F5F5F5F5F5F5F5F5F5F5F5F5F5F5F5F5F5F5F5E2E2F5F5F5E2E2E2F5F5F5F5F5F5F5F5F5F5F5F5F5F5F5F5F5F5F5F5F5F5F5F5F5F5F5F5F5F5F5F5F5F5F5F5F5F5F5F5F5F5F5F5E2E2E2E2F5F5F5F5F5F5F5F5F5F5F5F5F5F5F5F5F5F5F5F5
310
F5F5F5E2E2E2E2E2E2E2F5F5F5F5F5F5F5F5F5F5F5E2E2E2E2E2E2E2E2E2E2E2F5F5F5F5F5F5F5F5F5F5F5F5F5F5F5E2E2E2E2E2E2F5F5F5F5F5F5E2F5F5F5F5E2E2E2F5F5F5F5F5F5F5F5F5F5F5E2F5E2E2F5F5F5F5F5F5F5F5F5F5F5F5F5F5F5F5F5F5F5F5F5F5F5F5E2E2E2E2E2E2F5F5F5F5F5F5F5F5F5F5F5F5F5F5F5
310
F5F5F5F5F5F5F5F5F5F5F5F5F5F5F5F5F5F5F5F5F5F5F5F5F5F5E2E2E2E2E2E2E2F5F5F5F5F5F5F5F5F5F5F5F5E2E2E2E2E2E2E2E2E2E2E2F5F5F5F5F5F5F5F5F5F5E2E2E2E2E2E2E2E2E2F5E2E2E2F5F5F5F5F5F5F5F5F5F5F5F5F5F5F5F5F5E2E2E2E2E2E2E2F5F5F5F5F5F5F5F5E2F5F5F5F5E2F5F5F5F5F5F5F5F5F5F5
310
F5F5F5F5E2F5E2F5E2F5F5F5F5F5F5F5F5F5F5F5F5F5F5F5F5F5F5F5F5F5F5F5F5F5F5E2E2E2E2E2E2E2E2F5F5F5F5F5F5F5F5F5F5F5F5F5F5F5F5F5F5F5F5F5F5F5F5F5F5F5F5F5F5E2E2E2E2E2E2E2E2E2E2F5F5F5F5F5F5F5F5F5F5E2E2E2E2E2F5F5F5F5F5F5F5F5F5F5F5F5F5F5F5F5F5E2E2E2E2E2E2E2E2E2E2E2E2
310
E2E2F5F5F5F5F5F5F5F5F5F5F5F5F5F5F5F5E2E2E2E2E2E2E2F5F5F5F5F5F5F5F5F5F5F5E2F5F5F5F5F5E2F5F5F5F5F5F5F5F5F5F5F5F5F5E2E2F5E2F5F5F5F5F5F5F5F5F5F5F5F5F5F5F5F5F5F5F5F5F5F5F5F5F5F5F5F5F5E2F5F5F5F5F5F5E2E2E2E2E2F5F5F5F5F5F5F5F5F5F5F5F5F5F5F5F5F5F5F5F5F5F5F5E2E2E2
310
E2F5F5F5F5F5F5F5F5F5F5F5F5F5E2E2E2E2E2F5F5F5F5F5F5F5F5E2F5F5F5F5E2E2E2E2E2E2E2E2E2E2E2E2E2E2E2E2E2F5F5F5F5F5F5F5F5F5F5F5F5F5F5F5F5F5F5E2E2E2E2E2E2F5F5F5F5F5F5F5F5F5F5F5F5F5F5F5F5E2F5F5F5F5F5E2F5F5F5F5F5F5F5F5F5F5F5F5F5E2F5F5E2F5F5E2E2E2E2E2E2E2E2E2E2E2E2
310
F5F5F5F5F5F5F5F5F5F5F5F5F5F5F5E2F5F5F5F5F5F5F5F5F5F5F5E2E2E2E2E2E2F5F5F5F5F5F5F5F5F5F5F5F5F5F5E2E2E2F5E2E2F5F5F5F5F5F5F5F5F5E2E2E2E2E2F5F5F5F5F5F5F5F5F5F5E2E2E2E2E2E2E2E2E2E2E2E2E2E2E2E2E2E2F5E2E2E2F5F5F5F5F5F5F5F5F5F5F5F5F5F5F5F5F5F5E2E2E2E2E2E2F5F5F5F5
310
F5F5F5F5F5F5F5F5F5F5F5F5F5F5E2F5F5F5F5F5E2F5F5F5F5F5F5F5F5F5F5F5F5F5F5E2F5F5F5E2E2E2E2E2E2F5F5F5F5F5F5F5F5E2E2E2E2E2E2F5F5F5F5F5F5F5F5F5F5E2F5F5F5F5F5F5F5F5F5F5F5F5F5F5F5F5E2E2E2F5E2F5F5F5E2E2E2E2E2E2F5F5F5F5F5F5F5F5F5F5E2E2E2E2E2F5F5F5F5F5F5F5E2E2E2E2E2
310
E2E2E2F5F5F5E2E2F5F5F5F5F5F5F5F5F5F5E2E2E2E2F5F5F5F5F5F5F5F5F5F5F5F5F5F5F5F5F5E2E2E2E2E2E2E2F5F5F5F5F5F5F5F5F5F5F5F5F5F5F5F5F5F5F5F5E2F5F5F5F5F5E2F5F5F5F5F5F5F5F5F5F5F5F5F5F5E2E2F5F5E2E2F5E2F5F5F5E2E2E2E2F5F5F5F5F5F5F5F5F5F5E2E2E2E2E2F5F5F5F5F5E2E2F5F5F5
310
F5F5F5F5F5F5F5F5F5F5F5F5F5F5F5E2E2E2E2E2F5F5F5F5F5E2E2E2E2E2E2E2E2E2E2E2F5F5F5E2E2E2E2E2E2E2E2E2F5F5F5F5F5F5F5F5F5F5F5F5F5F5F5F5F5F5F5F5F5E2E2E2E2E2F5F5F5F5F5F5F5F5F5F5F5F5F5F5E2E2E2E2F5E2E2E2F5F5F5F5F5F5F5F5F5F5F5F5F5F5F5F5F5F5E2F5E2E2E2F5F5F5F5F5E2F5F5
310
F5F5F5F5F5F5F5F5F5F5F5F5F5E2E2E2E2E2E2E2F5F5F5F5F5F5F5F5E2E2E2F5F5F5F5F5F5E2E2E2E2F5F5E2E2E2E2E2F5E2F5F5F5F5F5F5F5F5F5F5F5F5E2E2E2E2E2E2F5F5F5F5F5E2E2E2E2E2F5F5E2E2E2E2E2E2E2E2E2E2E2E2F5F5F5F5F5F5F5F5F5F5F5F5F5F5F5F5F5F5F5F5F5F5F5F5F5F5F5E2E2E2F5E2F5F5F5
310
F5F5F5F5F5F5F5F5F5F5E2E2E2E2F5F5E2E2E2F5F5F5F5F5F5F5F5F5F5F5F5F5F5F5F5F5F5F5F5E2E2E2E2E2F5F5F5F5F5F5E2F5F5F5F5F5F5F5F5F5F5F5F5F5F5F5F5F5E2F5F5E2F5F5F5F5F5F5F5F5F5F5F5F5E2E2F5F5F5E2E2E2E2E2E2E2E2F5F5F5F5E2E2E2F5F5F5F5F5E2E2E2E2E2E2F5E2E2E2E2E2E2E2E2E2E2E2
310
E2E2E2E2E2E2F5F5F5F5F5F5F5F5E2E2F5F5F5F5F5F5F5F5F5F5F5F5F5F5F5F5F5F5F5F5F5F5F5E2E2E2E2E2E2F5F5F5E2E2E2E2E2F5F5F5F5F5F5E2E2E2E2F5F5E2E2E2E2F5F5F5F5F5F5F5F5F5F5F5F5F5F5F5F5F5F5F5F5F5E2E2E2E2E2E2F5F5F5F5F5F5E2F5F5F5F5F5F5F5F5F5F5F5F5F5F5F5F5F5F5E2F5F5F5E2F5
310
F5F5F5F5F5F5F5F5F5F5F5F5E2E2E2F5F5F5F5F5F5F5F5F5F5F5F5F5F5F5E2E2E2E2E2E2E2E2E2E2E2E2E2E2E2E2E2E2E2E2E2E2F5F5F5F5F5F5F5F5F5F5F5F5F5F5F5F5E2F5F5F5F5F5F5F5F5F5F5F5F5F5F5F5F5F5F5F5F5E2E2E2F5F5F5F5F5F5E2E2E2E2E2E2E2E2F5F5F5E2E2E2F5E2E2E2E2E2F5F5F5F5F5F5F5F5F5
310
F5F5F5F5F5F5F5F5F5F5F5F5F5F5F5F5E2E2E2E2E2F5F5F5F5F5F5E2F5F5F5F5F5F5F5F5F5F5F5F5F5F5F5F5F5F5F5E2F5F5F5E2E2E2F5F5F5F5F5F5F5F5F5F5F5F5F5F5E2E2F5F5F5F5F5F5F5F5F5F5F5F5E2E2E2F5E2F5F5F5F5E2E2E2E2E2E2E2E2E2E2E2E2E2E2F5F5F5F5F5F5F5F5F5F5F5F5F5F5F5F5F5F5F5F5F5F5
310
F5F5F5F5F5F5F5F5F5F5F5F5F5E2E2F5F5F5F5F5E2E2E2E2E2E2E2E2F5F5F5E2E2E2E2F5E2E2E2E2E2F5F5F5F5F5F5F5F5F5F5F5F5F5F5F5F5F5F5F5F5F5F5F5F5F5F5F5F5E2E2E2E2F5F5F5F5F5F5F5E2F5F5F5F5F5F5F5F5F5F5F5F5F5F5F5F5F5F5F5F5E2F5F5E2E2F5E2F5F5F5F5F5F5F5F5F5F5F5F5F5F5F5E2F5F5F5
310
F5F5F5F5F5F5F5F5F5F5E2F5F5E2E2E2F5F5F5F5F5F5F5F5F5F5F5F5F5F5F5F5F5F5F5F5F5F5F5F5F5F5F5F5F5F5F5F5F5F5F5F5F5F5F5F5F5F5F5F5F5F5F5F5E2E2F5F5F5F5E2E2E2E2E2F5F5F5F5F5E2E2E2E2E2E2E2E2E2E2E2E2E2E2F5F5F5F5F5F5F5F5F5F5F5F5F5F5F5F5F5F5F5F5F5F5F5F5F5F5F5E2E2E2E2E2F5
310
F5F5F5F5F5E2F5F5F5F5F5F5F5F5F5F5F5F5F5F5F5F5F5F5F5F5F5F5E2F5E2F5E2F5E2E2F5F5F5F5F5F5F5F5F5F5F5F5F5F5E2E2F5F5F5F5F5F5F5F5F5F5F5F5F5F5F5F5F5E2E2F5F5F5F5F5F5F5F5F5F5F5F5F5F5F5F5F5F5F5F5F5F5F5F5F5F5F5F5F5F5F5F5F5F5F5F5F5F5F5F5F5F5F5F5E2E2F5F5E2E2E2E2E2E2F5F5
310
F5F5E2E2E2E2E2E2E2E2F5E2E2E2E2F5F5F5F5F5F5F5F5F5F5F5F5F5F5F5F5F5F5F5F5F5F5F5F5F5F5F5F5F5F5F5E2E2E2E2E2F5F5F5F5F5F5E2F5F5F5F5F5F5F5F5F5F5F5F5F5F5F5F5F5F5F5F5F5F5F5F5E2E2F5E2F5F5F5E2F5F5F5F5F5F5F5F5F5F5F5F5F5F5F5E2E2F5F5F5F5F5F5F5F5F5F5F5F5F5F5F5F5F5E2E2F5
310
F5F5F5F5F5F5F5F5F5F5F5F5F5F5F5F5F5F5F5F5F5F5F5F5F5F5F5F5F5F5F5F5F5F5F5F5F5F5E2E2E2F5F5E2E2E2E2E2F5F5F5F5E2E2E2E2E2E2F5F5E2E2E2E2F5F5F5F5F5F5F5F5F5F5F5F5F5F5F5F5F5F5F5F5F5F5F5F5F5F5F5F5F5F5F5F5F5F5F5E2E2E2E2F5F5F5F5F5E2E2F5F5F5F5F5F5F5F5F5F5F5F5F5F5F5F5F5
310
F5F5F5F5F5F5F5F5F5F5F5F5E2F5F5F5E2F5F5F5F5F5F5F5F5F5F5F5F5F5F5F5F5E2F5F5F5F5F5F5F5F5F5F5F5F5F5F5F5F5F5F5E2E2F5F5F5F5F5F5F5F5F5F5F5F5F5F5F5F5F5F5F5F5F5F5F5F5F5F5F5F5F5F5F5F5F5F5E2E2E2F5F5F5E2E2E2E2E2F5F5E2E2E2E2E2E2E2E2E2E2E2E2F5F5F5F5F5F5F5F5F5F5F5F5F5F5
310
F5F5F5F5F5F5F5F5F5F5F5F5F5F5F5F5F5F5F5F5F5F5F5F5E2E2E2E2F5F5F5F5F5E2F5F5F5F5F5F5F5F5F5F5F5F5F5F5F5F5F5F5F5F5F5F5F5F5F5F5F5F5F5F5F5F5E2E2F5F5E2F5F5F5F5F5F5F5F5F5F5F5F5F5F5F5F5E2E2E2F5F5F5F5F5F5F5F5F5F5F5F5F5F5F5F5F5E2F5F5F5F5F5F5F5F5F5F5F5F5F5F5F5F5F5F5F5
310
F5F5F5F5F5F5F5F5F5F5F5E2E2E2F5F5F5F5F5F5E2F5F5E2E2E2E2F5E2E2E2E2E2E2E2E2F5F5F5F5F5F5F5F5F5F5F5F5F5F5F5F5F5F5F5F5F5F5F5F5F5F5F5F5F5F5F5F5F5F5F5F5F5F5F5E2E2E2E2E2F5F5F5F5F5F5E2F5F5F5F5F5F5F5F5F5F5F5F5F5F5F5F5F5F5F5F5F5F5F5F5F5F5F5F5F5F5F5F5F5F5E2F5F5E2E2F5
310
F5F5F5F5F5F5F5F5F5F5F5F5F5F5F5F5E2F5F5F5F5F5F5F5F5F5F5F5F5F5F5F5F5F5E2E2F5F5F5F5F5F5F5F5F5F5F5F5F5F5F5F5F5F5F5F5F5F5F5F5F5E2E2E2F5F5F5F5F5F5F5F5E2E2E2E2F5E2E2E2E2F5F5E2E2E2E2E2F5F5F5F5F5F5F5F5F5F5F5F5F5F5F5F5F5F5F5F5F5F5F5F5F5F5F5F5F5F5F5F5F5F5F5F5F5F5F5
310
E2E2E2F5F5F5F5F5F5F5F5E2F5F5F5F5F5F5F5F5F5F5F5F5F5F5F5F5F5F5F5F5F5F5F5F5F5F5F5E2F5F5F5F5F5F5F5E2F5F5F5F5E2F5F5F5F5F5F5F5F5F5F5F5F5F5F5F5F5F5E2E2E2F5F5F5F5F5F5F5F5F5F5F5F5F5F5F5F5E2E2F5F5F5F5F5F5F5F5F5F5F5F5F5F5F5F5F5F5F5F5E2E2E2F5F5F5F5F5F5F5E2E2E2E2E2E2
310
E2E2E2F5F5F5F5F5F5F5F5F5F5F5F5F5F5F5F5F5F5F5F5F5F5F5F5F5F5F5F5F5F5F5F5F5F5F5F5F5E2E2E2E2E2E2E2E2E2E2E2E2E2F5E2F5F5F5F5F5F5F5F5E2F5F5F5F5F5F5F5F5F5F5F5F5F5F5F5F5F5F5F5F5F5F5F5F5F5F5F5F5F5E2F5E2F5F5F5F5F5E2F5F5F5F5E2E2F5F5F5F5F5F5F5F5F5F5F5F5F5F5F5F5F5F5E2
310
E2F5F5F5F5F5F5F5F5F5F5F5F5F5F5F5F5E2E2F5F5F5F5F5F5F5F5F5F5F5F5F5F5F5F5E2E2F5F5F5F5F5F5F5E2E2E2E2E2E2F5F5E2E2E2F5F5F5F5F5F5F5F5F5F5F5F5F5E2F5F5F5F5F5F5E2E2E2E2E2E2E2E2E2E2E2E2E2E2E2E2E2E2F5F5F5F5F5F5F5F5F5F5F5F5F5E2F5F5F5F5F5F5F5F5E2F5F5F5F5F5F5F5F5F5F5F5
310
F5F5F5F5F5F5F5F5F5F5F5F5F5F5F5F5F5F5F5E2E2E2F5F5F5F5F5F5E2F5E2E2E2F5E2F5F5F5F5F5F5F5F5F5F5F5F5F5F5F5F5F5F5F5E2E2E2F5F5F5F5F5F5F5F5F5F5F5F5F5F5F5E2F5F5F5F5F5F5F5F5F5F5F5F5F5E2E2F5F5F5F5F5E2E2E2E2E2F5F5F5F5F5F5F5E2E2E2F5F5F5F5F5F5F5E2E2E2E2E2E2E2E2E2E2E2E2
310
E2F5F5F5F5F5F5F5F5F5F5F5F5F5F5F5F5F5F5F5F5F5F5F5F5F5F5F5F5F5F5E2F5F5F5F5F5F5F5F5E2F5F5F5F5F5F5F5F5F5F5F5F5F5F5F5F5F5F5F5F5F5F5F5F5F5F5F5F5F5F5F5F5E2F5E2F5F5F5F5F5F5E2F5F5E2E2E2F5F5F5F5F5F5F5F5F5F5F5F5F5F5F5F5F5F5F5F5F5F5E2E2E2E2E2E2E2E2E2E2E2F5F5F5F5F5E2
310
F5F5F5F5F5E2E2E2F5F5E2E2F5F5F5E2E2E2E2E2E2E2E2E2E2E2E2E2E2E2E2E2E2E2E2E2E2E2E2E2E2E2E2E2E2E2E2E2E2E2E2E2F5F5F5F5F5F5F5F5F5F5F5F5F5F5F5F5F5F5F5F5F5F5F5F5F5F5F5F5F5F5F5E2E2E2F5F5F5F5F5F5E2F5F5F5F5F5F5F5F5F5F5F5F5F5F5F5F5F5F5F5F5F5F5F5F5F5F5F5F5F5F5F5F5F5F5
310
F5E2F5F5F5F5F5E2E2E2E2F5F5E2E2E2F5F5F5F5F5F5F5F5F5F5F5F5F5F5F5F5F5F5F5F5E2E2F5E2E2E2E2E2E2E2E2F5F5F5F5E2E2E2E2E2E2E2E2E2E2E2E2F5E2E2E2E2E2E2E2F5F5F5F5F5F5F5F5F5F5F5F5F5F5E2E2E2E2E2E2E2E2E2F5E2E2E2E2E2E2E2E2E2E2F5F5F5F5F5F5F5F5F5F5F5F5F5F5F5F5F5F5F5F5F5F5
310
F5F5F5F5E2E2E2E2E2E2E2E2F5F5F5F5F5E2F5F5F5F5F5F5F5F5F5F5F5F5F5F5F5F5F5F5F5F5F5F5F5F5F5F5F5F5F5F5F5F5F5F5F5F5F5E2F5F5F5F5F5E2E2F5E2F5F5E2E2E2E2F5F5F5F5F5F5F5F5F5F5F5F5F5E2E2E2E2E2E2E2E2E2E2F5E2E2E2E2E2E2E2E2E2E2E2E2E2E2E2E2E2E2E2E2E2E2E2E2E2E2E2E2E2E2F5F5
310
F5F5F5F5F5F5F5F5F5F5E2E2E2E2F5F5F5F5F5F5F5F5F5F5F5F5F5F5F5F5F5F5F5F5F5F5F5F5F5F5F5F5F5F5F5E2E2E2E2E2E2E2E2E2E2E2E2F5F5F5F5E2F5F5F5F5F5F5F5E2F5F5F5F5F5F5F5F5F5F5F5F5F5F5F5F5F5F5F5F5F5F5F5F5F5F5F5F5F5F5F5F5F5F5F5F5F5F5E2F5F5F5F5F5F5E2E2E2F5F5F5F5F5F5E2F5F5
310
F5F5F5F5F5F5F5F5F5F5E2E2E2E2E2E2E2E2E2E2E2F5F5F5F5F5E2E2F5F5E2E2E2E2E2F5F5F5E2E2E2E2E2E2F5F5F5E2F5F5F5E2E2E2E2E2E2E2E2E2E2E2E2F5F5F5F5F5F5F5F5F5F5F5F5F5F5F5F5F5F5F5F5F5F5F5F5E2E2E2E2E2E2E2E2E2E2E2F5F5F5F5F5E2E2F5F5F5F5F5F5F5E2E2E2F5F5F5F5E2E2E2F5F5F5F5F5
310
F5F5F5F5F5F5F5F5F5F5F5F5F5F5F5F5F5F5F5F5F5F5F5F5F5F5F5F5F5F5F5F5F5E2E2E2F5F5F5F5F5F5E2E2E2F5F5F5F5F5F5E2E2F5F5F5F5F5F5F5F5F5E2E2E2E2E2E2E2E2E2F5F5F5F5F5F5F5F5F5F5F5F5F5F5F5F5E2E2F5F5F5F5F5F5E2E2E2E2E2E2F5F5F5F5F5F5F5F5F5F5F5F5F5E2E2E2E2E2E2E2E2E2E2E2E2E2
310
E2E2E2E2E2E2E2E2E2E2E2E2E2F5F5F5F5F5F5F5F5F5F5F5F5F5F5F5E2E2E2F5F5F5E2E2E2E2E2E2E2F5F5F5F5E2E2F5F5F5F5F5F5F5F5F5F5F5F5F5F5F5F5F5F5F5F5F5F5F5F5F5F5F5F5F5F5F5F5F5F5F5F5F5F5F5F5E2E2E2F5F5F5F5F5F5E2E2E2F5F5F5F5F5F5F5E2E2E2E2E2E2E2E2E2F5F5E2E2E2E2E2E2E2F5F5F5
310
F5F5F5F5F5F5F5F5F5F5F5F5F5F5F5E2E2E2F5F5F5F5F5F5F5F5F5E2E2E2E2F5F5F5F5F5F5E2E2E2E2E2E2E2E2E2E2E2E2E2E2E2E2E2E2E2E2F5F5F5F5F5F5F5F5F5F5F5F5F5F5F5F5F5F5F5F5F5F5F5F5E2E2E2E2E2E2F5F5F5E2F5F5E2F5F5E2E2E2F5F5F5F5F5F5F5F5F5F5F5F5F5F5F5F5F5F5F5F5F5F5F5F5F5F5F5F5
310
F5F5F5F5F5F5F5F5F5F5F5F5F5F5E2F5E2F5F5F5F5F5F5E2E2E2E2F5F5F5F5F5E2E2E2E2F5F5F5F5F5F5F5E2E2E2F5F5F5F5E2E2F5F5F5F5F5F5F5F5F5F5F5F5F5F5F5F5F5F5F5E2E2E2E2F5F5F5F5F5F5F5F5F5E2E2E2E2E2E2E2E2E2E2F5F5F5F5F5F5F5F5F5F5F5F5F5E2E2F5F5F5F5F5F5F5F5F5F5F5F5F5E2E2F5F5F5
310
E2E2E2E2E2E2E2E2E2E2F5F5F5F5E2E2F5F5F5E2E2E2E2F5F5F5F5F5F5F5F5F5F5F5F5F5F5F5F5F5F5F5F5F5F5F5F5F5F5F5F5F5F5F5F5F5F5F5F5F5F5F5F5F5F5F5F5E2E2E2F5F5F5F5F5F5F5F5E2E2E2E2F5F5F5F5E2F5F5E2E2E2E2E2F5F5F5F5F5F5F5F5F5F5F5E2E2E2E2F5F5F5F5F5F5F5F5F5F5F5F5F5F5F5F5F5F5
310
F5E2E2F5F5F5F5F5F5F5F5F5F5F5F5F5F5F5F5E2E2E2E2E2E2E2E2E2E2E2E2E2E2E2E2E2E2E2E2E2E2E2E2E2E2E2E2E2E2E2E2E2E2F5F5F5F5F5F5F5F5E2F5F5F5F5E2F5E2E2E2E2F5F5E2F5F5F5F5F5F5F5F5F5F5F5F5F5F5F5F5F5F5F5F5F5F5F5F5F5F5F5F5F5F5F5F5F5F5F5F5F5F5F5F5F5F5F5F5F5F5E2E2E2E2F5F5
310
F5F5F5F5F5E2E2E2E2F5F5F5F5F5F5F5F5F5F5F5E2E2F5F5F5F5F5F5F5F5F5F5F5F5F5E2E2F5F5F5F5F5F5F5F5F5F5F5F5F5F5F5F5F5F5F5E2E2E2E2E2E2F5F5F5F5F5F5F5F5F5F5F5F5E2E2E2E2E2E2E2E2E2E2E2E2E2E2E2E2E2E2E2E2F5F5F5F5F5F5F5F5F5F5F5F5F5F5F5F5F5F5F5F5F5F5F5E2E2E2E2F5F5F5F5E2E2
310
F5F5F5F5F5F5F5F5F5F5F5F5F5F5F5F5F5F5F5F5F5F5F5F5F5F5F5F5F5F5F5F5F5F5F5F5F5F5F5F5F5F5F5F5F5F5F5F5E2E2F5E2F5F5F5F5F5F5F5E2E2E2E2F5F5F5F5F5F5F5F5F5F5F5F5E2E2E2E2F5F5F5F5F5F5F5F5F5F5F5E2E2E2E2E2F5F5F5F5F5F5F5F5F5F5F5F5F5F5F5F5F5F5F5F5E2E2E2E2F5F5F5F5F5F5F5F5
310
F5F5F5F5F5F5F5F5F5F5E2E2E2E2E2E2E2E2E2E2F5F5F5F5F5F5F5F5F5F5F5F5F5F5F5F5F5E2E2E2E2E2E2E2E2E2F5F5F5F5E2F5F5F5F5F5F5F5F5F5F5F5F5F5F5F5F5F5F5F5F5F5F5F5F5F5F5F5F5F5F5F5F5F5F5F5F5F5F5F5F5F5F5F5F5F5F5F5F5F5F5F5F5F5F5E2F5F5F5F5F5F5F5E2E2E2E2F5F5F5F5F5F5F5F5F5F5
310
F5F5F5F5F5E2E2E2F5F5F5F5F5F5F5F5F5F5F5F5F5E2E2E2E2F5F5F5F5F5F5F5F5F5F5F5F5F5F5F5F5E2E2E2E2E2E2E2E2E2E2E2E2F5F5F5F5F5E2F5F5F5F5F5F5F5F5F5F5E2F5F5F5F5F5F5F5F5F5F5F5E2E2E2E2E2E2E2E2E2E2E2E2E2E2E2F5E2E2F5F5E2E2F5F5F5F5F5F5F5F5F5F5F5F5F5F5F5F5F5F5F5F5F5F5F5F5
310
F5F5F5F5F5F5F5F5F5F5F5F5F5F5F5F5F5F5F5F5F5F5F5F5F5F5F5F5F5E2E2E2E2F5F5F5F5F5F5F5E2E2E2E2E2F5F5F5F5F5F5F5F5F5F5F5F5F5F5F5F5E2E2E2E2F5F5F5F5F5F5F5F5F5F5F5F5F5E2E2E2E2E2E2F5F5F5F5F5F5F5F5F5E2E2E2E2E2E2E2E2E2E2E2E2E2E2E2E2E2E2E2E2E2E2E2E2E2E2E2E2E2E2E2E2E2E2
310
E2E2E2E2E2E2E2E2E2F5E2E2E2E2E2E2E2E2E2E2E2F5F5F5F5F5E2F5F5F5F5F5F5F5F5F5F5F5F5F5F5F5F5F5F5F5F5F5F5F5F5F5F5F5F5F5F5F5F5F5F5F5F5F5F5F5F5F5F5F5F5F5F5F5F5F5F5F5F5F5F5F5F5E2E2E2E2E2F5F5F5F5F5F5F5E2F5F5E2F5F5F5F5F5F5F5F5F5F5F5F5F5F5F5F5F5F5F5E2E2E2E2E2F5F5F5F5
310
F5F5F5F5F5F5F5F5F5F5E2E2E2E2E2E2E2F5F5F5F5F5F5F5F5F5F5F5F5F5F5F5E2E2E2E2E2E2E2E2E2E2F5F5F5F5F5F5E2E2F5F5F5F5F5F5E2E2E2E2E2E2E2F5E2E2E2E2E2E2E2E2E2E2E2F5F5E2E2E2E2F5F5F5F5F5F5F5F5F5F5F5F5F5F5F5F5F5F5F5F5F5F5F5F5F5F5F5F5F5F5F5F5F5F5F5F5F5F5F5F5F5F5F5F5F5F5
310
F5F5F5F5F5F5F5F5F5F5F5E2E2E2E2F5F5F5F5F5F5F5F5F5F5E2E2F5F5F5F5F5F5F5F5F5F5F5F5F5F5F5F5F5F5F5F5F5F5E2E2E2E2E2E2F5F5F5F5F5F5F5F5F5F5F5F5F5F5E2E2E2E2E2E2E2E2E2E2E2F5F5F5F5F5F5F5F5F5F5F5F5F5F5F5F5E2F5E2E2E2E2E2E2E2E2E2E2E2F5F5F5E2E2E2F5F5E2E2E2E2F5E2E2E2F5F5
310
F5F5E2F5E2E2E2F5F5F5F5F5F5F5F5F5F5F5F5F5F5F5F5F5F5F5F5F5F5F5F5F5F5F5F5F5F5F5F5F5F5F5F5F5F5F5F5F5F5F5F5F5F5F5F5F5F5F5F5F5F5F5F5F5F5F5E2E2E2F5F5F5F5F5F5F5F5F5F5F5E2F5F5F5F5F5F5F5F5F5F5F5F5F5F5F5F5F5F5F5F5F5F5F5F5F5F5F5E2E2E2E2E2F5F5F5F5F5F5F5F5F5F5F5F5E2E2
310
E2E2E2E2E2E2E2E2E2E2E2E2E2E2E2E2E2E2E2E2E2E2E2E2E2E2E2F5F5F5F5F5F5F5F5F5F5F5F5E2E2E2E2F5F5E2E2E2F5F5F5F5F5F5E2E2E2E2E2F5F5F5F5F5F5F5F5F5F5F5F5F5F5F5F5F5F5F5F5F5F5F5F5F5F5F5F5F5F5F5F5F5F5F5F5F5F5F5F5F5F5F5F5F5F5F5F5F5F5F5F5F5F5F5F5F5F5F5F5E2E2E2E2E2F5F5F5
310
F5F5F5F5F5F5F5E2E2F5F5F5F5F5F5F5F5F5F5F5F5F5F5F5F5F5F5F5F5F5F5F5F5F5F5F5F5F5F5E2E2E2E2E2E2E2E2E2F5F5F5E2E2E2E2E2F5F5F5F5F5F5F5F5F5F5F5F5F5F5E2E2E2F5F5F5E2E2E2E2F5F5F5F5F5E2E2E2E2E2E2E2F5F5F5F5E2E2E2F5F5F5F5F5F5E2E2E2E2E2E2F5F5F5F5F5F5F5F5F5F5F5F5F5F5F5F5
310
F5F5F5F5F5F5F5F5F5F5F5F5F5F5F5F5F5F5F5F5F5F5F5F5F5F5F5F5F5F5F5F5F5F5F5F5F5F5F5F5F5F5F5F5F5F5E2E2E2F5E2E2F5F5F5F5F5F5F5F5F5F5E2E2E2F5F5F5F5F5F5F5F5F5F5F5F5F5F5F5F5F5F5F5F5F5F5F5F5F5F5F5F5F5F5F5F5F5F5F5F5E2E2E2E2E2E2E2E2E2E2E2E2E2E2E2E2E2E2E2E2E2E2E2E2E2E2
310
E2E2E2E2E2E2E2E2E2E2E2F5F5E2E2F5F5F5F5E2E2E2F5F5F5F5F5F5F5F5E2E2E2E2F5F5F5F5F5F5F5F5F5F5F5F5F5F5F5F5F5F5F5F5F5F5F5F5F5F5F5F5F5F5F5F5F5F5F5F5F5F5F5F5F5F5F5F5F5F5F5F5F5F5F5F5F5F5F5F5F5F5F5F5F5F5F5F5F5F5F5F5F5F5F5E2E2F5F5F5F5F5F5F5F5F5F5F5E2F5F5F5F5F5F5F5F5
310
F5F5F5F5F5F5F5F5F5F5F5F5F5F5F5F5F5F5F5F5F5F5F5F5F5F5F5F5F5F5F5F5F5F5F5F5F5F5F5F5F5F5F5F5F5F5F5F5F5F5F5F5F5F5F5F5F5F5F5F5F5F5F5F5F5F5F5F5F5F5F5F5F5F5F5F5F5F5F5E2E2E2E2E2E2F5F5F5F5F5F5F5F5F5F5F5F5F5F5F5F5F5F5F5F5F5F5F5F5F5F5F5F5F5F5F5F5F5F5F5F5F5F5F5F5F5F5
310
F5F5F5F5F5F5F5F5F5F5F5F5F5F5F5F5F5F5F5F5F5F5F5F5F5F5F5F5F5F5F5F5F5E2E2F5F5F5F5F5F5F5F5F5F5E2E2F5F5F5F5F5E2E2F5F5F5F5F5F5F5F5F5F5F5F5F5F5F5F5F5F5F5F5F5F5F5F5F5F5F5F5F5F5F5F5F5F5F5F5F5F5F5F5F5F5F5F5F5F5F5F5F5F5F5F5F5F5F5F5F5F5F5F5F5F5F5F5F5F5F5F5F5F5F5F5F5
310
F5F5F5F5E2F5E2E2E2E2F5F5F5F5F5F5F5F5F5F5F5F5F5F5F5F5F5F5F5F5F5F5F5F5F5F5F5F5F5F5F5F5F5F5F5F5F5F5F5F5F5F5F5F5F5F5F5F5F5F5F5F5F5F5F5F5F5F5F5F5F5F5F5F5F5F5F5F5F5F5F5F5F5F5F5F5F5F5E2E2E2F5F5F5F5F5F5F5F5F5E2E2E2F5F5E2F5E2F5F5F5F5F5F5F5F5F5F5F5F5F5F5F5F5F5F5F5
310
F5F5F5F5F5F5F5F5F5F5F5F5F5F5F5F5F5F5F5F5F5F5F5F5F5F5F5F5F5F5F5F5F5F5F5F5F5F5F5F5F5F5F5F5F5F5F5F5F5F5F5F5F5F5F5E2E2E2E2E2E2F5F5F5F5F5F5F5F5F5F5F5F5F5F5F5F5F5F5F5F5F5F5F5F5F5F5F5F5F5F5F5F5F5F5F5F5F5F5F5F5F5F5F5F5F5F5F5F5F5F5F5F5F5F5F5F5F5F5F5F5F5F5F5F5F5F5
310
F5F5F5F5F5F5F5F5F5F5F5F5F5F5F5F5F5E2E2E2E2E2E2F5F5F5F5F5F5E2F5F5E2E2F5F5F5E2F5F5F5F5F5F5F5F5F5F5F5F5F5F5F5F5F5F5F5F5F5F5F5F5F5F5F5F5F5F5F5F5F5F5F5F5F5F5F5F5F5F5F5F5F5F5F5F5F5F5F5F5F5F5F5F5F5F5F5F5F5F5F5E2E2F5F5E2E2E2E2E2E2F5F5F5F5F5F5F5F5F5F5F5F5F5F5F5F5
310
F5F5F5F5F5F5F5F5F5F5F5F5F5F5F5F5F5F5F5F5F5F5F5F5F5F5F5F5F5F5F5F5F5F5F5F5F5F5F5F5F5F5F5F5F5F5F5F5F5F5F5F5F5F5F5F5F5F5F5F5F5F5F5F5F5F5F5F5F5F5F5F5F5F5F5F5E2E2E2E2E2E2E2E2E2E2E2F5F5E2E2F5F5F5F5F5F5F5F5F5F5F5F5F5F5F5F5F5F5F5F5F5F5E2E2E2E2E2E2E2E2E2E2E2E2F5F5
310
F5F5F5E2F5F5F5F5F5F5F5F5F5F5F5F5F5F5F5F5F5F5F5E2E2F5F5E2F5F5E2F5F5F5F5F5F5F5F5F5F5F5F5F5F5F5F5F5F5F5F5F5F5F5F5F5F5F5F5F5F5F5F5F5F5F5F5F5F5F5F5F5F5F5F5F5F5F5F5F5F5F5F5F5F5F5F5F5F5F5F5F5F5F5F5F5F5F5F5F5F5F5F5F5F5F5F5F5F5F5F5F5F5F5F5F5F5F5F5F5F5F5F5F5F5F5F5
310
F5F5F5F5F5F5F5F5F5F5F5F5E2E2F5E2E2F5F5F5E2E2E2E2E2E2E2E2E2E2E2E2E2E2E2E2E2E2E2E2E2E2E2E2F5F5E2E2E2E2E2E2E2E2E2E2E2E2E2E2E2E2E2E2E2E2E2E2E2F5F5F5F5F5F5F5E2E2F5E2E2E2E2F5F5F5F5F5F5F5F5F5F5F5F5F5F5F5F5F5F5F5F5F5F5F5F5F5F5F5F5F5F5F5F5F5F5F5F5F5F5F5F5F5F5F5F5
310
F5F5F5F5F5F5F5F5F5F5F5F5F5F5F5F5F5F5F5F5F5F5F5F5F5F5F5F5F5F5F5F5F5F5F5F5F5F5F5F5F5F5F5F5F5F5F5F5F5F5F5F5F5F5F5F5F5F5F5F5F5F5F5F5F5F5E2E2E2E2E2E2E2E2E2F5F5F5F5F5F5E2E2E2E2E2E2F5F5F5F5F5F5F5F5F5F5F5F5F5F5E2E2F5E2E2E2E2F5F5F5F5F5F5F5F5F5F5F5F5F5F5E2E2E2E2E2
310
E2E2E2E2E2E2F5F5F5F5F5F5F5F5F5F5F5F5F5F5F5F5F5F5F5F5F5F5F5F5F5F5F5F5F5F5F5F5F5F5F5F5F5F5F5F5F5F5F5F5F5F5F5F5F5F5F5F5F5F5F5F5F5F5F5F5F5F5F5F5F5F5F5F5F5F5F5F5F5F5F5F5F5F5F5F5F5F5F5F5F5F5F5F5F5F5F5F5F5F5F5F5F5F5F5F5F5F5F5F5F5F5F5F5F5F5F5F5F5E2F5F5F5F5E2E2E2
310
F5F5F5F5F5F5F5F5F5F5F5F5F5F5F5F5F5F5F5F5F5F5F5F5F5F5F5F5F5F5F5F5F5F5F5F5F5F5F5F5F5F5F5F5F5F5F5F5F5F5F5F5E2E2E2F5F5E2F5F5F5F5F5F5F5F5F5F5F5F5F5F5F5F5F5F5F5F5F5F5F5F5F5F5F5F5F5F5F5F5F5F5F5F5F5F5F5F5F5F5F5F5F5F5F5F5F5F5F5F5F5F5F5F5F5F5F5F5F5F5F5F5F5F5F5F5F5
310
F5F5F5F5F5F5F5F5F5F5F5F5F5F5F5F5F5F5F5F5F5F5F5F5F5F5F5F5F5F5F5F5F5F5F5F5F5F5F5F5F5F5F5F5F5F5E2F5F5F5F5E2E2E2E2E2E2E2F5F5F5F5F5F5F5F5F5F5F5F5F5F5F5F5F5F5F5F5F5F5F5F5F5F5F5F5F5F5F5F5F5F5F5F5F5F5F5F5F5F5F5E2E2E2E2F5F5F5F5F5E2F5F5F5F5F5F5F5F5F5F5F5F5F5F5F5F5
310
F5F5F5F5F5F5F5F5F5F5F5F5F5F5F5F5F5F5F5F5F5F5F5F5F5F5F5F5F5F5F5F5F5F5F5F5F5F5F5F5F5F5F5F5F5F5F5F5F5F5F5F5F5F5F5
  0
ENDSEC
  0
EOF
