0
SECTION
2
HEADER
9
$ACADVER
1
AC1015
0
ENDSEC
0
SECTION
2
TABLES
0
TABLE
2
LTYPE
70
1
0
LTYPE
2
CONTINUOUS
70
0
3
Solid line
72
65
73
0
40
0.0
0
ENDTAB
0
TABLE
2
LAYER
70
1
0
LAYER
2
0
70
0
62
7
6
CONTINUOUS
370
-1
0
ENDTAB
0
ENDSEC
0
SECTION
2
BLOCKS
0
ENDSEC
0
SECTION
2
ENTITIES
0
LINE
100
AcDbEntity
8
0
100
AcDbLine
10
39653247.2187
20
39458491.0404
30
0.0000
11
39653247.5353
21
39458486.7549
31
0.0000
0
LINE
100
AcDbEntity
8
0
100
AcDbLine
10
39652659.4397
20
39458560.7720
30
0.0000
11
39652650.7770
21
39458556.1858
31
0.0000
0
LINE
100
AcDbEntity
8
0
100
AcDbLine
10
39652591.7701
20
39458415.6981
30
0.0000
11
39652586.1832
21
39458410.6258
31
0.0000
0
LINE
100
AcDbEntity
8
0
100
AcDbLine
10
39652629.2938
20
39458336.8126
30
0.0000
11
39652630.7541
21
39458344.9427
31
0.0000
0
LINE
100
AcDbEntity
8
0
100
AcDbLine
10
39653296.8317
20
39458232.6270
30
0.0000
11
39653288.7247
21
39458230.2058
31
0.0000
0
LINE
100
AcDbEntity
8
0
100
AcDbLine
10
39652664.6545
20
39457888.4381
30
0.0000
11
39652660.1650
21
39457884.8596
31
0.0000
0
LINE
100
AcDbEntity
8
0
100
AcDbLine
10
39652814.3519
20
39458597.6268
30
0.0000
11
39652808.8957
21
39458607.0099
31
0.0000
0
LINE
100
AcDbEntity
8
0
100
AcDbLine
10
39652627.3580
20
39458587.4883
30
0.0000
11
39652626.2838
21
39458583.1360
31
0.0000
0
LINE
100
AcDbEntity
8
0
100
AcDbLine
10
39653158.6329
20
39458052.0931
30
0.0000
11
39653152.4790
21
39458053.5410
31
0.0000
0
LINE
100
AcDbEntity
8
0
100
AcDbLine
10
39653258.0004
20
39458604.6801
30
0.0000
11
39653261.6543
21
39458599.8534
31
0.0000
0
LINE
100
AcDbEntity
8
0
100
AcDbLine
10
39653301.6426
20
39458162.0798
30
0.0000
11
39653302.8127
21
39458164.8911
31
0.0000
0
LINE
100
AcDbEntity
8
0
100
AcDbLine
10
39653096.2499
20
39458473.6698
30
0.0000
11
39653092.7231
21
39458480.2020
31
0.0000
0
LINE
100
AcDbEntity
8
0
100
AcDbLine
10
39652618.3278
20
39457907.3612
30
0.0000
11
39652622.5473
21
39457901.5925
31
0.0000
0
LINE
100
AcDbEntity
8
0
100
AcDbLine
10
39653251.1596
20
39458305.1157
30
0.0000
11
39653244.7218
21
39458297.9571
31
0.0000
0
LINE
100
AcDbEntity
8
0
100
AcDbLine
10
39652581.9259
20
39458120.4950
30
0.0000
11
39652591.6541
21
39458123.7203
31
0.0000
0
LINE
100
AcDbEntity
8
0
100
AcDbLine
10
39653221.4798
20
39457850.7405
30
0.0000
11
39653222.8005
21
39457850.2058
31
0.0000
0
LINE
100
AcDbEntity
8
0
100
AcDbLine
10
39652709.2782
20
39458375.8847
30
0.0000
11
39652701.6827
21
39458376.2429
31
0.0000
0
LINE
100
AcDbEntity
8
0
100
AcDbLine
10
39652965.9704
20
39458617.3939
30
0.0000
11
39652969.4103
21
39458623.3237
31
0.0000
0
LINE
100
AcDbEntity
8
0
100
AcDbLine
10
39652756.1418
20
39458328.8418
30
0.0000
11
39652746.2686
21
39458325.6243
31
0.0000
0
LINE
100
AcDbEntity
8
0
100
AcDbLine
10
39653223.7140
20
39458431.1149
30
0.0000
11
39653217.9360
21
39458430.2011
31
0.0000
0
LINE
100
AcDbEntity
8
0
100
AcDbLine
10
39653162.5022
20
39457904.6486
30
0.0000
11
39653167.8918
21
39457907.6755
31
0.0000
0
LINE
100
AcDbEntity
8
0
100
AcDbLine
10
39653284.4276
20
39458451.1947
30
0.0000
11
39653282.5793
21
39458458.7198
31
0.0000
0
LINE
100
AcDbEntity
8
0
100
AcDbLine
10
39652947.8863
20
39457937.6206
30
0.0000
11
39652940.8838
21
39457946.6558
31
0.0000
0
LINE
100
AcDbEntity
8
0
100
AcDbLine
10
39652608.7755
20
39458634.2388
30
0.0000
11
39652604.4911
21
39458631.4796
31
0.0000
0
LINE
100
AcDbEntity
8
0
100
AcDbLine
10
39653056.6742
20
39458060.1690
30
0.0000
11
39653050.6857
21
39458065.6246
31
0.0000
0
LINE
100
AcDbEntity
8
0
100
AcDbLine
10
39653098.6818
20
39458448.2297
30
0.0000
11
39653094.1546
21
39458456.7750
31
0.0000
0
LINE
100
AcDbEntity
8
0
100
AcDbLine
10
39653153.4120
20
39458241.8631
30
0.0000
11
39653149.3562
21
39458248.0430
31
0.0000
0
LINE
100
AcDbEntity
8
0
100
AcDbLine
10
39653217.6431
20
39458036.5893
30
0.0000
11
39653210.0184
21
39458030.8214
31
0.0000
0
LINE
100
AcDbEntity
8
0
100
AcDbLine
10
39653068.1246
20
39458378.4932
30
0.0000
11
39653067.3290
21
39458370.6251
31
0.0000
0
LINE
100
AcDbEntity
8
0
100
AcDbLine
10
39653161.0404
20
39458232.2415
30
0.0000
11
39653153.3786
21
39458231.2323
31
0.0000
0
LINE
100
AcDbEntity
8
0
100
AcDbLine
10
39653291.6276
20
39458331.1324
30
0.0000
11
39653301.4211
21
39458327.4400
31
0.0000
0
LINE
100
AcDbEntity
8
0
100
AcDbLine
10
39652676.4522
20
39458621.6747
30
0.0000
11
39652679.5123
21
39458621.7450
31
0.0000
0
LINE
100
AcDbEntity
8
0
100
AcDbLine
10
39652920.8403
20
39458415.1998
30
0.0000
11
39652919.0903
21
39458405.2628
31
0.0000
0
LINE
100
AcDbEntity
8
0
100
AcDbLine
10
39652733.9666
20
39458459.0041
30
0.0000
11
39652725.0599
21
39458468.1979
31
0.0000
0
LINE
100
AcDbEntity
8
0
100
AcDbLine
10
39653054.0980
20
39457939.5227
30
0.0000
11
39653058.9430
21
39457930.1767
31
0.0000
0
LINE
100
AcDbEntity
8
0
100
AcDbLine
10
39653046.4942
20
39458030.0345
30
0.0000
11
39653051.6582
21
39458025.7568
31
0.0000
0
LINE
100
AcDbEntity
8
0
100
AcDbLine
10
39652836.4644
20
39458195.3988
30
0.0000
11
39652827.4921
21
39458185.4243
31
0.0000
0
LINE
100
AcDbEntity
8
0
100
AcDbLine
10
39652640.0801
20
39458066.3226
30
0.0000
11
39652645.8234
21
39458057.3915
31
0.0000
0
LINE
100
AcDbEntity
8
0
100
AcDbLine
10
39652555.0444
20
39457895.6594
30
0.0000
11
39652552.1649
21
39457900.5089
31
0.0000
0
LINE
100
AcDbEntity
8
0
100
AcDbLine
10
39652674.2169
20
39458009.2395
30
0.0000
11
39652675.0834
21
39458003.6020
31
0.0000
0
LINE
100
AcDbEntity
8
0
100
AcDbLine
10
39652584.2962
20
39457863.7312
30
0.0000
11
39652590.5609
21
39457871.5467
31
0.0000
0
LINE
100
AcDbEntity
8
0
100
AcDbLine
10
39652712.1568
20
39457924.0334
30
0.0000
11
39652720.3608
21
39457923.3957
31
0.0000
0
LINE
100
AcDbEntity
8
0
100
AcDbLine
10
39652981.3442
20
39458172.6993
30
0.0000
11
39652975.9592
21
39458172.8679
31
0.0000
0
LINE
100
AcDbEntity
8
0
100
AcDbLine
10
39653241.2244
20
39458463.8918
30
0.0000
11
39653244.6060
21
39458466.5136
31
0.0000
0
LINE
100
AcDbEntity
8
0
100
AcDbLine
10
39652931.2912
20
39458134.3694
30
0.0000
11
39652939.0770
21
39458139.8683
31
0.0000
0
LINE
100
AcDbEntity
8
0
100
AcDbLine
10
39653243.1288
20
39458084.0042
30
0.0000
11
39653237.6798
21
39458076.9069
31
0.0000
0
LINE
100
AcDbEntity
8
0
100
AcDbLine
10
39653242.5311
20
39458338.3305
30
0.0000
11
39653246.0768
21
39458343.1111
31
0.0000
0
LINE
100
AcDbEntity
8
0
100
AcDbLine
10
39653214.2768
20
39457905.6247
30
0.0000
11
39653217.4860
21
39457907.4633
31
0.0000
0
LINE
100
AcDbEntity
8
0
100
AcDbLine
10
39653092.0613
20
39458341.0170
30
0.0000
11
39653092.8246
21
39458333.6780
31
0.0000
0
LINE
100
AcDbEntity
8
0
100
AcDbLine
10
39653236.0845
20
39458230.1340
30
0.0000
11
39653227.3547
21
39458225.9842
31
0.0000
0
LINE
100
AcDbEntity
8
0
100
AcDbLine
10
39653020.7951
20
39458004.7720
30
0.0000
11
39653015.3976
21
39457999.7713
31
0.0000
0
LINE
100
AcDbEntity
8
0
100
AcDbLine
10
39653295.2906
20
39457903.1027
30
0.0000
11
39653289.6747
21
39457912.4107
31
0.0000
0
LINE
100
AcDbEntity
8
0
100
AcDbLine
10
39652978.8745
20
39458486.9089
30
0.0000
11
39652976.8419
21
39458494.5653
31
0.0000
0
LINE
100
AcDbEntity
8
0
100
AcDbLine
10
39652654.2685
20
39458128.3529
30
0.0000
11
39652655.7763
21
39458127.3004
31
0.0000
0
LINE
100
AcDbEntity
8
0
100
AcDbLine
10
39652620.9823
20
39458078.7745
30
0.0000
11
39652630.1805
21
39458075.3075
31
0.0000
0
LINE
100
AcDbEntity
8
0
100
AcDbLine
10
39653071.3387
20
39457932.0216
30
0.0000
11
39653072.0646
21
39457931.5539
31
0.0000
0
LINE
100
AcDbEntity
8
0
100
AcDbLine
10
39653051.6551
20
39458094.8112
30
0.0000
11
39653057.6709
21
39458093.6707
31
0.0000
0
LINE
100
AcDbEntity
8
0
100
AcDbLine
10
39653071.0817
20
39458076.6224
30
0.0000
11
39653062.4016
21
39458077.3915
31
0.0000
0
LINE
100
AcDbEntity
8
0
100
AcDbLine
10
39652820.5953
20
39458011.6197
30
0.0000
11
39652826.3132
21
39458017.3542
31
0.0000
0
LINE
100
AcDbEntity
8
0
100
AcDbLine
10
39653264.6500
20
39458225.1085
30
0.0000
11
39653266.7398
21
39458230.5793
31
0.0000
0
LINE
100
AcDbEntity
8
0
100
AcDbLine
10
39652567.9838
20
39458257.0212
30
0.0000
11
39652559.6077
21
39458262.9355
31
0.0000
0
LINE
100
AcDbEntity
8
0
100
AcDbLine
10
39652720.0812
20
39458554.9350
30
0.0000
11
39652716.0042
21
39458563.9066
31
0.0000
0
LINE
100
AcDbEntity
8
0
100
AcDbLine
10
39653119.7926
20
39457849.1204
30
0.0000
11
39653125.5625
21
39457839.9718
31
0.0000
0
LINE
100
AcDbEntity
8
0
100
AcDbLine
10
39653182.6098
20
39458622.1216
30
0.0000
11
39653183.2257
21
39458621.9115
31
0.0000
0
LINE
100
AcDbEntity
8
0
100
AcDbLine
10
39652633.0973
20
39458085.3676
30
0.0000
11
39652640.9520
21
39458086.3516
31
0.0000
0
LINE
100
AcDbEntity
8
0
100
AcDbLine
10
39652744.9804
20
39458275.3148
30
0.0000
11
39652750.9238
21
39458276.8583
31
0.0000
0
LINE
100
AcDbEntity
8
0
100
AcDbLine
10
39653191.3893
20
39457881.6211
30
0.0000
11
39653191.8239
21
39457874.8964
31
0.0000
0
LINE
100
AcDbEntity
8
0
100
AcDbLine
10
39652967.7595
20
39458219.8506
30
0.0000
11
39652974.7393
21
39458215.9634
31
0.0000
0
LINE
100
AcDbEntity
8
0
100
AcDbLine
10
39652849.8886
20
39458361.2102
30
0.0000
11
39652850.2576
21
39458351.2119
31
0.0000
0
LINE
100
AcDbEntity
8
0
100
AcDbLine
10
39653049.6489
20
39458631.8170
30
0.0000
11
39653043.3169
21
39458639.8724
31
0.0000
0
LINE
100
AcDbEntity
8
0
100
AcDbLine
10
39652730.8565
20
39458293.9972
30
0.0000
11
39652727.3718
21
39458302.7899
31
0.0000
0
LINE
100
AcDbEntity
8
0
100
AcDbLine
10
39652647.7970
20
39458222.1162
30
0.0000
11
39652654.4387
21
39458212.3862
31
0.0000
0
LINE
100
AcDbEntity
8
0
100
AcDbLine
10
39652768.9072
20
39457985.4401
30
0.0000
11
39652762.5822
21
39457979.3598
31
0.0000
0
LINE
100
AcDbEntity
8
0
100
AcDbLine
10
39652948.1126
20
39458550.5278
30
0.0000
11
39652947.4061
21
39458541.4379
31
0.0000
0
LINE
100
AcDbEntity
8
0
100
AcDbLine
10
39652906.3216
20
39458015.6553
30
0.0000
11
39652909.1097
21
39458024.4901
31
0.0000
0
LINE
100
AcDbEntity
8
0
100
AcDbLine
10
39652785.5763
20
39458389.7705
30
0.0000
11
39652791.6736
21
39458391.3193
31
0.0000
0
LINE
100
AcDbEntity
8
0
100
AcDbLine
10
39652538.3586
20
39458428.4798
30
0.0000
11
39652535.7375
21
39458438.4399
31
0.0000
0
LINE
100
AcDbEntity
8
0
100
AcDbLine
10
39652614.5536
20
39458139.5651
30
0.0000
11
39652611.7307
21
39458146.1572
31
0.0000
0
LINE
100
AcDbEntity
8
0
100
AcDbLine
10
39653008.5684
20
39458370.5336
30
0.0000
11
39653004.8198
21
39458372.2605
31
0.0000
0
LINE
100
AcDbEntity
8
0
100
AcDbLine
10
39652729.1075
20
39458290.6968
30
0.0000
11
39652728.2352
21
39458284.6405
31
0.0000
0
LINE
100
AcDbEntity
8
0
100
AcDbLine
10
39652754.1046
20
39458580.2827
30
0.0000
11
39652746.5388
21
39458573.1471
31
0.0000
0
LINE
100
AcDbEntity
8
0
100
AcDbLine
10
39652933.3104
20
39458339.0778
30
0.0000
11
39652935.3960
21
39458345.9960
31
0.0000
0
LINE
100
AcDbEntity
8
0
100
AcDbLine
10
39652701.0368
20
39457927.1012
30
0.0000
11
39652709.4133
21
39457921.0402
31
0.0000
0
LINE
100
AcDbEntity
8
0
100
AcDbLine
10
39652861.5572
20
39458549.8096
30
0.0000
11
39652854.6058
21
39458547.2158
31
0.0000
0
LINE
100
AcDbEntity
8
0
100
AcDbLine
10
39652709.6632
20
39458400.3338
30
0.0000
11
39652707.0557
21
39458396.4773
31
0.0000
0
LINE
100
AcDbEntity
8
0
100
AcDbLine
10
39652948.8775
20
39458171.2460
30
0.0000
11
39652944.3241
21
39458171.5332
31
0.0000
0
LINE
100
AcDbEntity
8
0
100
AcDbLine
10
39652669.8230
20
39458548.3586
30
0.0000
11
39652661.1803
21
39458539.6944
31
0.0000
0
LINE
100
AcDbEntity
8
0
100
AcDbLine
10
39652851.2482
20
39458099.0548
30
0.0000
11
39652846.2095
21
39458108.1495
31
0.0000
0
LINE
100
AcDbEntity
8
0
100
AcDbLine
10
39652646.2088
20
39458567.6492
30
0.0000
11
39652640.8613
21
39458560.9774
31
0.0000
0
LINE
100
AcDbEntity
8
0
100
AcDbLine
10
39652915.9058
20
39458390.2811
30
0.0000
11
39652907.5032
21
39458383.2109
31
0.0000
0
LINE
100
AcDbEntity
8
0
100
AcDbLine
10
39652873.6794
20
39457841.8376
30
0.0000
11
39652878.0399
21
39457842.2639
31
0.0000
0
LINE
100
AcDbEntity
8
0
100
AcDbLine
10
39653101.6594
20
39458627.4093
30
0.0000
11
39653099.6614
21
39458622.0343
31
0.0000
0
LINE
100
AcDbEntity
8
0
100
AcDbLine
10
39652802.5719
20
39458530.7763
30
0.0000
11
39652799.2829
21
39458529.9947
31
0.0000
0
LINE
100
AcDbEntity
8
0
100
AcDbLine
10
39652549.2025
20
39457932.4258
30
0.0000
11
39652553.2382
21
39457922.5846
31
0.0000
0
LINE
100
AcDbEntity
8
0
100
AcDbLine
10
39653194.0147
20
39458409.6012
30
0.0000
11
39653193.7899
21
39458419.2153
31
0.0000
0
LINE
100
AcDbEntity
8
0
100
AcDbLine
10
39653001.4261
20
39458630.8815
30
0.0000
11
39653009.0183
21
39458640.2009
31
0.0000
0
LINE
100
AcDbEntity
8
0
100
AcDbLine
10
39653265.2395
20
39458557.7936
30
0.0000
11
39653257.6516
21
39458548.9276
31
0.0000
0
LINE
100
AcDbEntity
8
0
100
AcDbLine
10
39653273.7309
20
39458365.9542
30
0.0000
11
39653265.4001
21
39458363.5732
31
0.0000
0
LINE
100
AcDbEntity
8
0
100
AcDbLine
10
39653284.8939
20
39457898.2435
30
0.0000
11
39653294.3572
21
39457888.6911
31
0.0000
0
LINE
100
AcDbEntity
8
0
100
AcDbLine
10
39653174.3398
20
39457862.5110
30
0.0000
11
39653182.0283
21
39457861.9686
31
0.0000
0
LINE
100
AcDbEntity
8
0
100
AcDbLine
10
39653018.3544
20
39458586.3111
30
0.0000
11
39653011.5525
21
39458576.4749
31
0.0000
0
LINE
100
AcDbEntity
8
0
100
AcDbLine
10
39653274.6106
20
39457941.1712
30
0.0000
11
39653279.6767
21
39457943.7086
31
0.0000
0
LINE
100
AcDbEntity
8
0
100
AcDbLine
10
39653223.0382
20
39458248.8901
30
0.0000
11
39653214.0475
21
39458247.7593
31
0.0000
0
LINE
100
AcDbEntity
8
0
100
AcDbLine
10
39652929.3483
20
39458582.3685
30
0.0000
11
39652936.3809
21
39458585.8948
31
0.0000
0
LINE
100
AcDbEntity
8
0
100
AcDbLine
10
39652993.7161
20
39457873.4698
30
0.0000
11
39652993.0744
21
39457875.8867
31
0.0000
0
LINE
100
AcDbEntity
8
0
100
AcDbLine
10
39652947.1176
20
39458440.4134
30
0.0000
11
39652939.8217
21
39458435.3861
31
0.0000
0
LINE
100
AcDbEntity
8
0
100
AcDbLine
10
39652557.8249
20
39458147.1977
30
0.0000
11
39652551.7953
21
39458143.6639
31
0.0000
0
LINE
100
AcDbEntity
8
0
100
AcDbLine
10
39653310.5556
20
39458007.5560
30
0.0000
11
39653315.9571
21
39458001.0251
31
0.0000
0
LINE
100
AcDbEntity
8
0
100
AcDbLine
10
39652720.7800
20
39457845.9421
30
0.0000
11
39652727.0602
21
39457846.2134
31
0.0000
0
LINE
100
AcDbEntity
8
0
100
AcDbLine
10
39653146.6840
20
39458428.0484
30
0.0000
11
39653153.9056
21
39458437.1145
31
0.0000
0
LINE
100
AcDbEntity
8
0
100
AcDbLine
10
39652561.2878
20
39458273.3544
30
0.0000
11
39652567.4144
21
39458265.0747
31
0.0000
0
LINE
100
AcDbEntity
8
0
100
AcDbLine
10
39652947.2219
20
39458362.2070
30
0.0000
11
39652947.0791
21
39458358.1437
31
0.0000
0
LINE
100
AcDbEntity
8
0
100
AcDbLine
10
39652576.6581
20
39458549.9317
30
0.0000
11
39652567.3567
21
39458553.5564
31
0.0000
0
LINE
100
AcDbEntity
8
0
100
AcDbLine
10
39652638.8981
20
39458500.4752
30
0.0000
11
39652630.5652
21
39458504.7655
31
0.0000
0
LINE
100
AcDbEntity
8
0
100
AcDbLine
10
39652878.1169
20
39458552.0793
30
0.0000
11
39652877.8470
21
39458553.3372
31
0.0000
0
LINE
100
AcDbEntity
8
0
100
AcDbLine
10
39652703.7637
20
39458527.4859
30
0.0000
11
39652694.7607
21
39458521.0227
31
0.0000
0
LINE
100
AcDbEntity
8
0
100
AcDbLine
10
39652836.1184
20
39458301.1733
30
0.0000
11
39652833.0644
21
39458302.3179
31
0.0000
0
LINE
100
AcDbEntity
8
0
100
AcDbLine
10
39652749.5046
20
39458536.1239
30
0.0000
11
39652755.2537
21
39458542.8244
31
0.0000
0
LINE
100
AcDbEntity
8
0
100
AcDbLine
10
39652975.6582
20
39458602.6229
30
0.0000
11
39652973.4146
21
39458593.7227
31
0.0000
0
LINE
100
AcDbEntity
8
0
100
AcDbLine
10
39653129.7538
20
39458491.5885
30
0.0000
11
39653138.9570
21
39458497.6727
31
0.0000
0
LINE
100
AcDbEntity
8
0
100
AcDbLine
10
39652721.5852
20
39458134.9331
30
0.0000
11
39652724.7880
21
39458126.4509
31
0.0000
0
LINE
100
AcDbEntity
8
0
100
AcDbLine
10
39653214.4043
20
39458145.4559
30
0.0000
11
39653206.4906
21
39458135.6395
31
0.0000
0
LINE
100
AcDbEntity
8
0
100
AcDbLine
10
39652793.9144
20
39458188.7670
30
0.0000
11
39652794.0674
21
39458186.6783
31
0.0000
0
LINE
100
AcDbEntity
8
0
100
AcDbLine
10
39652709.9212
20
39458199.7419
30
0.0000
11
39652710.8145
21
39458191.5926
31
0.0000
0
LINE
100
AcDbEntity
8
0
100
AcDbLine
10
39652653.1391
20
39458256.0085
30
0.0000
11
39652660.8859
21
39458260.7090
31
0.0000
0
LINE
100
AcDbEntity
8
0
100
AcDbLine
10
39652829.6544
20
39457920.9640
30
0.0000
11
39652832.1119
21
39457918.6726
31
0.0000
0
LINE
100
AcDbEntity
8
0
100
AcDbLine
10
39652595.5440
20
39458468.8245
30
0.0000
11
39652585.6346
21
39458459.0769
31
0.0000
0
LINE
100
AcDbEntity
8
0
100
AcDbLine
10
39653314.1511
20
39458004.2044
30
0.0000
11
39653308.9213
21
39458013.0195
31
0.0000
0
LINE
100
AcDbEntity
8
0
100
AcDbLine
10
39653298.5169
20
39458488.7280
30
0.0000
11
39653293.7204
21
39458491.8968
31
0.0000
0
LINE
100
AcDbEntity
8
0
100
AcDbLine
10
39653301.4682
20
39458287.1721
30
0.0000
11
39653305.5201
21
39458289.7488
31
0.0000
0
LINE
100
AcDbEntity
8
0
100
AcDbLine
10
39652815.8619
20
39458445.6398
30
0.0000
11
39652816.0742
21
39458455.4670
31
0.0000
0
LINE
100
AcDbEntity
8
0
100
AcDbLine
10
39652847.4851
20
39458314.2656
30
0.0000
11
39652855.5567
21
39458310.1787
31
0.0000
0
LINE
100
AcDbEntity
8
0
100
AcDbLine
10
39653023.1116
20
39457926.9516
30
0.0000
11
39653025.9079
21
39457930.1196
31
0.0000
0
LINE
100
AcDbEntity
8
0
100
AcDbLine
10
39652696.2155
20
39458350.6353
30
0.0000
11
39652701.9339
21
39458360.3063
31
0.0000
0
LINE
100
AcDbEntity
8
0
100
AcDbLine
10
39653112.8395
20
39458616.5882
30
0.0000
11
39653111.7232
21
39458609.3231
31
0.0000
0
LINE
100
AcDbEntity
8
0
100
AcDbLine
10
39653100.1208
20
39458446.2462
30
0.0000
11
39653092.9414
21
39458440.5341
31
0.0000
0
LINE
100
AcDbEntity
8
0
100
AcDbLine
10
39652539.9726
20
39458584.0703
30
0.0000
11
39652546.5685
21
39458580.0334
31
0.0000
0
LINE
100
AcDbEntity
8
0
100
AcDbLine
10
39653290.4220
20
39457949.9400
30
0.0000
11
39653294.6387
21
39457946.6467
31
0.0000
0
LINE
100
AcDbEntity
8
0
100
AcDbLine
10
39653017.1041
20
39458223.5766
30
0.0000
11
39653013.5475
21
39458214.2955
31
0.0000
0
LINE
100
AcDbEntity
8
0
100
AcDbLine
10
39653197.4124
20
39457873.4982
30
0.0000
11
39653199.4877
21
39457882.0375
31
0.0000
0
LINE
100
AcDbEntity
8
0
100
AcDbLine
10
39653159.8055
20
39457843.0066
30
0.0000
11
39653167.5763
21
39457852.0951
31
0.0000
0
LINE
100
AcDbEntity
8
0
100
AcDbLine
10
39652620.7699
20
39458105.7040
30
0.0000
11
39652611.2359
21
39458101.1848
31
0.0000
0
LINE
100
AcDbEntity
8
0
100
AcDbLine
10
39652581.9394
20
39458103.0429
30
0.0000
11
39652573.3919
21
39458095.4601
31
0.0000
0
LINE
100
AcDbEntity
8
0
100
AcDbLine
10
39652649.8700
20
39458276.4051
30
0.0000
11
39652646.0490
21
39458284.3791
31
0.0000
0
LINE
100
AcDbEntity
8
0
100
AcDbLine
10
39652640.9720
20
39458506.2139
30
0.0000
11
39652639.8093
21
39458513.8122
31
0.0000
0
LINE
100
AcDbEntity
8
0
100
AcDbLine
10
39652934.0976
20
39458270.5762
30
0.0000
11
39652929.8937
21
39458263.6989
31
0.0000
0
LINE
100
AcDbEntity
8
0
100
AcDbLine
10
39653033.2853
20
39457935.9563
30
0.0000
11
39653030.2300
21
39457940.5686
31
0.0000
0
LINE
100
AcDbEntity
8
0
100
AcDbLine
10
39652803.1601
20
39458392.3813
30
0.0000
11
39652812.1704
21
39458400.2376
31
0.0000
0
LINE
100
AcDbEntity
8
0
100
AcDbLine
10
39653039.4902
20
39458045.6773
30
0.0000
11
39653049.3994
21
39458040.9933
31
0.0000
0
LINE
100
AcDbEntity
8
0
100
AcDbLine
10
39653037.3997
20
39458379.2367
30
0.0000
11
39653035.5964
21
39458372.5802
31
0.0000
0
LINE
100
AcDbEntity
8
0
100
AcDbLine
10
39652619.7381
20
39458297.8174
30
0.0000
11
39652626.4146
21
39458291.2987
31
0.0000
0
LINE
100
AcDbEntity
8
0
100
AcDbLine
10
39652688.1056
20
39458465.8727
30
0.0000
11
39652682.3383
21
39458456.5297
31
0.0000
0
LINE
100
AcDbEntity
8
0
100
AcDbLine
10
39652559.0344
20
39457852.9127
30
0.0000
11
39652553.9824
21
39457848.9975
31
0.0000
0
LINE
100
AcDbEntity
8
0
100
AcDbLine
10
39652947.8271
20
39458498.3969
30
0.0000
11
39652956.3950
21
39458496.0835
31
0.0000
0
LINE
100
AcDbEntity
8
0
100
AcDbLine
10
39652862.5502
20
39457908.6578
30
0.0000
11
39652863.9270
21
39457914.5037
31
0.0000
0
LINE
100
AcDbEntity
8
0
100
AcDbLine
10
39652870.6854
20
39458298.3562
30
0.0000
11
39652862.2304
21
39458305.6605
31
0.0000
0
LINE
100
AcDbEntity
8
0
100
AcDbLine
10
39652600.9353
20
39458088.9677
30
0.0000
11
39652598.9479
21
39458083.9847
31
0.0000
0
LINE
100
AcDbEntity
8
0
100
AcDbLine
10
39652942.6868
20
39458476.7996
30
0.0000
11
39652939.6566
21
39458483.5769
31
0.0000
0
LINE
100
AcDbEntity
8
0
100
AcDbLine
10
39652805.6303
20
39458083.0406
30
0.0000
11
39652800.6277
21
39458073.4626
31
0.0000
0
LINE
100
AcDbEntity
8
0
100
AcDbLine
10
39652902.0348
20
39458498.3403
30
0.0000
11
39652894.9660
21
39458496.7734
31
0.0000
0
LINE
100
AcDbEntity
8
0
100
AcDbLine
10
39652814.1796
20
39458134.4207
30
0.0000
11
39652813.6897
21
39458134.1658
31
0.0000
0
LINE
100
AcDbEntity
8
0
100
AcDbLine
10
39652609.4424
20
39458395.2187
30
0.0000
11
39652608.3149
21
39458396.7915
31
0.0000
0
LINE
100
AcDbEntity
8
0
100
AcDbLine
10
39652865.5433
20
39458380.0600
30
0.0000
11
39652866.5060
21
39458379.1304
31
0.0000
0
LINE
100
AcDbEntity
8
0
100
AcDbLine
10
39652768.4452
20
39458531.3644
30
0.0000
11
39652777.3557
21
39458527.0000
31
0.0000
0
LINE
100
AcDbEntity
8
0
100
AcDbLine
10
39652545.4104
20
39457839.3816
30
0.0000
11
39652547.8552
21
39457841.0522
31
0.0000
0
LINE
100
AcDbEntity
8
0
100
AcDbLine
10
39653095.7134
20
39458216.4592
30
0.0000
11
39653097.1200
21
39458221.0718
31
0.0000
0
LINE
100
AcDbEntity
8
0
100
AcDbLine
10
39653081.5105
20
39457853.3415
30
0.0000
11
39653079.9302
21
39457861.3878
31
0.0000
0
LINE
100
AcDbEntity
8
0
100
AcDbLine
10
39652741.3645
20
39457969.9993
30
0.0000
11
39652736.1514
21
39457972.7103
31
0.0000
0
LINE
100
AcDbEntity
8
0
100
AcDbLine
10
39653088.9269
20
39457973.4916
30
0.0000
11
39653087.5959
21
39457970.7063
31
0.0000
0
LINE
100
AcDbEntity
8
0
100
AcDbLine
10
39652959.2757
20
39458235.3578
30
0.0000
11
39652968.8883
21
39458236.6258
31
0.0000
0
LINE
100
AcDbEntity
8
0
100
AcDbLine
10
39652965.4091
20
39457901.0419
30
0.0000
11
39652963.8974
21
39457900.2912
31
0.0000
0
LINE
100
AcDbEntity
8
0
100
AcDbLine
10
39653227.3966
20
39458543.8472
30
0.0000
11
39653224.2967
21
39458540.7625
31
0.0000
0
LINE
100
AcDbEntity
8
0
100
AcDbLine
10
39652736.6849
20
39458275.9230
30
0.0000
11
39652731.8171
21
39458284.9912
31
0.0000
0
LINE
100
AcDbEntity
8
0
100
AcDbLine
10
39652818.0614
20
39457928.7820
30
0.0000
11
39652810.7528
21
39457929.7745
31
0.0000
0
LINE
100
AcDbEntity
8
0
100
AcDbLine
10
39652951.7731
20
39457915.8490
30
0.0000
11
39652942.2835
21
39457917.3228
31
0.0000
0
LINE
100
AcDbEntity
8
0
100
AcDbLine
10
39653018.3018
20
39458189.5412
30
0.0000
11
39653017.1763
21
39458179.7530
31
0.0000
0
LINE
100
AcDbEntity
8
0
100
AcDbLine
10
39653028.2960
20
39457905.3795
30
0.0000
11
39653028.4281
21
39457912.8208
31
0.0000
0
LINE
100
AcDbEntity
8
0
100
AcDbLine
10
39652800.1589
20
39458005.6308
30
0.0000
11
39652790.4126
21
39458004.2024
31
0.0000
0
LINE
100
AcDbEntity
8
0
100
AcDbLine
10
39652647.7922
20
39458134.9822
30
0.0000
11
39652656.0936
21
39458126.6407
31
0.0000
0
LINE
100
AcDbEntity
8
0
100
AcDbLine
10
39653140.9965
20
39457900.7460
30
0.0000
11
39653148.8664
21
39457891.2668
31
0.0000
0
LINE
100
AcDbEntity
8
0
100
AcDbLine
10
39653001.0284
20
39458290.0958
30
0.0000
11
39653010.5919
21
39458281.4097
31
0.0000
0
LINE
100
AcDbEntity
8
0
100
AcDbLine
10
39653193.8129
20
39458456.8343
30
0.0000
11
39653192.3836
21
39458452.2070
31
0.0000
0
LINE
100
AcDbEntity
8
0
100
AcDbLine
10
39653083.3127
20
39458490.1920
30
0.0000
11
39653079.7115
21
39458486.3286
31
0.0000
0
LINE
100
AcDbEntity
8
0
100
AcDbLine
10
39652707.5536
20
39458178.1574
30
0.0000
11
39652708.3847
21
39458181.1267
31
0.0000
0
LINE
100
AcDbEntity
8
0
100
AcDbLine
10
39653039.8064
20
39457977.8382
30
0.0000
11
39653032.9756
21
39457987.5233
31
0.0000
0
LINE
100
AcDbEntity
8
0
100
AcDbLine
10
39652697.4242
20
39458205.3540
30
0.0000
11
39652694.2477
21
39458205.9493
31
0.0000
0
LINE
100
AcDbEntity
8
0
100
AcDbLine
10
39652560.8370
20
39458257.7600
30
0.0000
11
39652557.1499
21
39458249.6462
31
0.0000
0
LINE
100
AcDbEntity
8
0
100
AcDbLine
10
39652765.2021
20
39457879.5023
30
0.0000
11
39652755.9403
21
39457870.6442
31
0.0000
0
LINE
100
AcDbEntity
8
0
100
AcDbLine
10
39653127.2105
20
39457885.9039
30
0.0000
11
39653128.0003
21
39457888.7279
31
0.0000
0
LINE
100
AcDbEntity
8
0
100
AcDbLine
10
39653069.5499
20
39457956.1825
30
0.0000
11
39653062.9035
21
39457948.7036
31
0.0000
0
LINE
100
AcDbEntity
8
0
100
AcDbLine
10
39652905.5238
20
39458108.4994
30
0.0000
11
39652898.3006
21
39458116.2788
31
0.0000
0
LINE
100
AcDbEntity
8
0
100
AcDbLine
10
39652946.3272
20
39457869.5392
30
0.0000
11
39652939.1836
21
39457867.8689
31
0.0000
0
LINE
100
AcDbEntity
8
0
100
AcDbLine
10
39652693.4775
20
39458551.1216
30
0.0000
11
39652702.0907
21
39458554.6406
31
0.0000
0
LINE
100
AcDbEntity
8
0
100
AcDbLine
10
39652578.9034
20
39458246.3438
30
0.0000
11
39652570.8158
21
39458246.1074
31
0.0000
0
LINE
100
AcDbEntity
8
0
100
AcDbLine
10
39652915.1881
20
39458157.7542
30
0.0000
11
39652915.1841
21
39458163.5876
31
0.0000
0
LINE
100
AcDbEntity
8
0
100
AcDbLine
10
39652918.4703
20
39458270.0575
30
0.0000
11
39652909.4565
21
39458278.8387
31
0.0000
0
LINE
100
AcDbEntity
8
0
100
AcDbLine
10
39652866.5006
20
39458179.8512
30
0.0000
11
39652871.9257
21
39458178.1790
31
0.0000
0
LINE
100
AcDbEntity
8
0
100
AcDbLine
10
39653054.3544
20
39458294.8931
30
0.0000
11
39653052.2661
21
39458297.4114
31
0.0000
0
LINE
100
AcDbEntity
8
0
100
AcDbLine
10
39653010.3011
20
39458415.4000
30
0.0000
11
39653018.1998
21
39458417.8595
31
0.0000
0
LINE
100
AcDbEntity
8
0
100
AcDbLine
10
39653034.3293
20
39458109.8780
30
0.0000
11
39653038.0421
21
39458118.8297
31
0.0000
0
LINE
100
AcDbEntity
8
0
100
AcDbLine
10
39653121.8290
20
39457897.9837
30
0.0000
11
39653120.6879
21
39457906.8117
31
0.0000
0
LINE
100
AcDbEntity
8
0
100
AcDbLine
10
39652534.9287
20
39458052.9167
30
0.0000
11
39652539.6019
21
39458046.7298
31
0.0000
0
LINE
100
AcDbEntity
8
0
100
AcDbLine
10
39652683.9901
20
39458435.8436
30
0.0000
11
39652692.3762
21
39458445.5571
31
0.0000
0
LINE
100
AcDbEntity
8
0
100
AcDbLine
10
39652581.7582
20
39458174.8529
30
0.0000
11
39652572.4153
21
39458183.6065
31
0.0000
0
LINE
100
AcDbEntity
8
0
100
AcDbLine
10
39652732.6683
20
39458200.9416
30
0.0000
11
39652734.3138
21
39458193.8081
31
0.0000
0
LINE
100
AcDbEntity
8
0
100
AcDbLine
10
39653119.8085
20
39457853.5324
30
0.0000
11
39653119.4875
21
39457854.2898
31
0.0000
0
LINE
100
AcDbEntity
8
0
100
AcDbLine
10
39652752.0389
20
39458568.0229
30
0.0000
11
39652753.6205
21
39458564.5691
31
0.0000
0
LINE
100
AcDbEntity
8
0
100
AcDbLine
10
39652833.7672
20
39458257.8653
30
0.0000
11
39652832.4920
21
39458260.6717
31
0.0000
0
LINE
100
AcDbEntity
8
0
100
AcDbLine
10
39653019.8804
20
39458603.6783
30
0.0000
11
39653017.7441
21
39458609.4884
31
0.0000
0
LINE
100
AcDbEntity
8
0
100
AcDbLine
10
39652818.3321
20
39458061.8890
30
0.0000
11
39652809.1533
21
39458067.6822
31
0.0000
0
LINE
100
AcDbEntity
8
0
100
AcDbLine
10
39652802.8874
20
39458005.4071
30
0.0000
11
39652804.9689
21
39457995.4596
31
0.0000
0
LINE
100
AcDbEntity
8
0
100
AcDbLine
10
39652898.5229
20
39458408.8300
30
0.0000
11
39652906.8798
21
39458400.5165
31
0.0000
0
LINE
100
AcDbEntity
8
0
100
AcDbLine
10
39653201.9832
20
39458090.6789
30
0.0000
11
39653211.1731
21
39458092.4733
31
0.0000
0
LINE
100
AcDbEntity
8
0
100
AcDbLine
10
39652599.9942
20
39457925.1668
30
0.0000
11
39652592.6464
21
39457933.1109
31
0.0000
0
LINE
100
AcDbEntity
8
0
100
AcDbLine
10
39652647.6318
20
39458435.9968
30
0.0000
11
39652652.8366
21
39458432.7187
31
0.0000
0
LINE
100
AcDbEntity
8
0
100
AcDbLine
10
39652769.3478
20
39458584.6925
30
0.0000
11
39652769.1275
21
39458587.8700
31
0.0000
0
LINE
100
AcDbEntity
8
0
100
AcDbLine
10
39652645.1511
20
39457965.9594
30
0.0000
11
39652646.2990
21
39457960.9347
31
0.0000
0
LINE
100
AcDbEntity
8
0
100
AcDbLine
10
39653044.4456
20
39458422.5772
30
0.0000
11
39653037.0800
21
39458426.6430
31
0.0000
0
LINE
100
AcDbEntity
8
0
100
AcDbLine
10
39652970.0246
20
39458092.3237
30
0.0000
11
39652963.2675
21
39458096.0122
31
0.0000
0
LINE
100
AcDbEntity
8
0
100
AcDbLine
10
39653174.7212
20
39458299.4301
30
0.0000
11
39653173.9755
21
39458292.9500
31
0.0000
0
LINE
100
AcDbEntity
8
0
100
AcDbLine
10
39653113.2147
20
39458303.0672
30
0.0000
11
39653122.5742
21
39458303.8450
31
0.0000
0
LINE
100
AcDbEntity
8
0
100
AcDbLine
10
39652591.4935
20
39457915.3628
30
0.0000
11
39652588.8838
21
39457905.4590
31
0.0000
0
LINE
100
AcDbEntity
8
0
100
AcDbLine
10
39652776.4745
20
39458601.4508
30
0.0000
11
39652778.1845
21
39458601.4318
31
0.0000
0
LINE
100
AcDbEntity
8
0
100
AcDbLine
10
39653028.2782
20
39457874.0510
30
0.0000
11
39653033.6054
21
39457882.7123
31
0.0000
0
LINE
100
AcDbEntity
8
0
100
AcDbLine
10
39653017.6607
20
39458395.0809
30
0.0000
11
39653023.4547
21
39458392.2275
31
0.0000
0
LINE
100
AcDbEntity
8
0
100
AcDbLine
10
39652991.1012
20
39458196.7976
30
0.0000
11
39652990.0541
21
39458199.1028
31
0.0000
0
LINE
100
AcDbEntity
8
0
100
AcDbLine
10
39653246.0463
20
39458234.9723
30
0.0000
11
39653251.6395
21
39458232.7448
31
0.0000
0
LINE
100
AcDbEntity
8
0
100
AcDbLine
10
39653278.8104
20
39458086.5948
30
0.0000
11
39653273.8903
21
39458092.1009
31
0.0000
0
LINE
100
AcDbEntity
8
0
100
AcDbLine
10
39652867.6324
20
39458004.6103
30
0.0000
11
39652872.6505
21
39458010.4061
31
0.0000
0
LINE
100
AcDbEntity
8
0
100
AcDbLine
10
39652753.3884
20
39458542.1868
30
0.0000
11
39652754.4034
21
39458540.7312
31
0.0000
0
LINE
100
AcDbEntity
8
0
100
AcDbLine
10
39652780.4613
20
39457959.0136
30
0.0000
11
39652786.0632
21
39457952.6445
31
0.0000
0
LINE
100
AcDbEntity
8
0
100
AcDbLine
10
39652760.2654
20
39458222.1322
30
0.0000
11
39652750.6448
21
39458215.2985
31
0.0000
0
LINE
100
AcDbEntity
8
0
100
AcDbLine
10
39652719.9288
20
39458613.7966
30
0.0000
11
39652710.3756
21
39458607.2557
31
0.0000
0
LINE
100
AcDbEntity
8
0
100
AcDbLine
10
39652598.6310
20
39458558.8667
30
0.0000
11
39652603.8107
21
39458558.3648
31
0.0000
0
LINE
100
AcDbEntity
8
0
100
AcDbLine
10
39653254.0969
20
39457884.2317
30
0.0000
11
39653248.5152
21
39457893.9997
31
0.0000
0
LINE
100
AcDbEntity
8
0
100
AcDbLine
10
39652841.7473
20
39458122.7653
30
0.0000
11
39652845.8748
21
39458116.9756
31
0.0000
0
LINE
100
AcDbEntity
8
0
100
AcDbLine
10
39652829.0058
20
39458274.3121
30
0.0000
11
39652829.5977
21
39458267.4520
31
0.0000
0
LINE
100
AcDbEntity
8
0
100
AcDbLine
10
39652907.2611
20
39458636.2051
30
0.0000
11
39652904.4713
21
39458646.1370
31
0.0000
0
LINE
100
AcDbEntity
8
0
100
AcDbLine
10
39652663.9868
20
39458515.8144
30
0.0000
11
39652666.9341
21
39458511.1053
31
0.0000
0
LINE
100
AcDbEntity
8
0
100
AcDbLine
10
39653277.5164
20
39458637.6275
30
0.0000
11
39653284.0276
21
39458643.5413
31
0.0000
0
LINE
100
AcDbEntity
8
0
100
AcDbLine
10
39652696.9749
20
39458457.3605
30
0.0000
11
39652692.2888
21
39458462.7212
31
0.0000
0
LINE
100
AcDbEntity
8
0
100
AcDbLine
10
39652769.8670
20
39457995.6008
30
0.0000
11
39652763.1470
21
39457995.5447
31
0.0000
0
LINE
100
AcDbEntity
8
0
100
AcDbLine
10
39652979.8210
20
39458003.4809
30
0.0000
11
39652986.3873
21
39458010.9317
31
0.0000
0
LINE
100
AcDbEntity
8
0
100
AcDbLine
10
39652856.9891
20
39458072.8831
30
0.0000
11
39652848.2419
21
39458074.3929
31
0.0000
0
LINE
100
AcDbEntity
8
0
100
AcDbLine
10
39653323.6044
20
39458103.6766
30
0.0000
11
39653325.6743
21
39458103.0905
31
0.0000
0
LINE
100
AcDbEntity
8
0
100
AcDbLine
10
39653037.1935
20
39458340.4842
30
0.0000
11
39653043.4161
21
39458346.6982
31
0.0000
0
LINE
100
AcDbEntity
8
0
100
AcDbLine
10
39652793.9456
20
39458191.4818
30
0.0000
11
39652785.3211
21
39458184.3752
31
0.0000
0
LINE
100
AcDbEntity
8
0
100
AcDbLine
10
39653254.7382
20
39458241.7282
30
0.0000
11
39653256.5979
21
39458233.1659
31
0.0000
0
LINE
100
AcDbEntity
8
0
100
AcDbLine
10
39653056.3185
20
39458073.5265
30
0.0000
11
39653058.4838
21
39458068.1380
31
0.0000
0
LINE
100
AcDbEntity
8
0
100
AcDbLine
10
39652970.1413
20
39457906.3165
30
0.0000
11
39652961.9230
21
39457899.5709
31
0.0000
0
LINE
100
AcDbEntity
8
0
100
AcDbLine
10
39652771.3631
20
39457868.5988
30
0.0000
11
39652771.8109
21
39457877.5079
31
0.0000
0
LINE
100
AcDbEntity
8
0
100
AcDbLine
10
39653280.4928
20
39458514.3897
30
0.0000
11
39653278.3671
21
39458518.9841
31
0.0000
0
LINE
100
AcDbEntity
8
0
100
AcDbLine
10
39653040.1979
20
39458396.7076
30
0.0000
11
39653037.2009
21
39458398.2422
31
0.0000
0
LINE
100
AcDbEntity
8
0
100
AcDbLine
10
39653289.7676
20
39458310.5904
30
0.0000
11
39653284.6289
21
39458305.2494
31
0.0000
0
LINE
100
AcDbEntity
8
0
100
AcDbLine
10
39653099.7322
20
39458018.1449
30
0.0000
11
39653099.8107
21
39458022.8278
31
0.0000
0
LINE
100
AcDbEntity
8
0
100
AcDbLine
10
39652729.1380
20
39457868.1259
30
0.0000
11
39652730.2625
21
39457877.7097
31
0.0000
0
LINE
100
AcDbEntity
8
0
100
AcDbLine
10
39653067.9792
20
39457922.5484
30
0.0000
11
39653062.3128
21
39457925.8328
31
0.0000
0
LINE
100
AcDbEntity
8
0
100
AcDbLine
10
39652827.2858
20
39458602.8300
30
0.0000
11
39652823.0610
21
39458597.1839
31
0.0000
0
LINE
100
AcDbEntity
8
0
100
AcDbLine
10
39652539.3678
20
39458267.9643
30
0.0000
11
39652545.4036
21
39458270.5083
31
0.0000
0
LINE
100
AcDbEntity
8
0
100
AcDbLine
10
39653030.7154
20
39458537.2263
30
0.0000
11
39653032.6885
21
39458533.1931
31
0.0000
0
LINE
100
AcDbEntity
8
0
100
AcDbLine
10
39653030.0556
20
39457969.9090
30
0.0000
11
39653024.5609
21
39457966.6399
31
0.0000
0
LINE
100
AcDbEntity
8
0
100
AcDbLine
10
39653174.0655
20
39458114.5903
30
0.0000
11
39653170.5633
21
39458122.4376
31
0.0000
0
LINE
100
AcDbEntity
8
0
100
AcDbLine
10
39653073.2411
20
39458140.4325
30
0.0000
11
39653083.0517
21
39458139.6490
31
0.0000
0
LINE
100
AcDbEntity
8
0
100
AcDbLine
10
39653100.4226
20
39458463.0118
30
0.0000
11
39653105.9907
21
39458458.5230
31
0.0000
0
LINE
100
AcDbEntity
8
0
100
AcDbLine
10
39652764.4764
20
39457977.1803
30
0.0000
11
39652761.1903
21
39457970.9447
31
0.0000
0
LINE
100
AcDbEntity
8
0
100
AcDbLine
10
39652931.6327
20
39458509.4578
30
0.0000
11
39652938.5459
21
39458512.9371
31
0.0000
0
LINE
100
AcDbEntity
8
0
100
AcDbLine
10
39652556.9796
20
39458302.4562
30
0.0000
11
39652561.8457
21
39458309.5251
31
0.0000
0
LINE
100
AcDbEntity
8
0
100
AcDbLine
10
39653188.6139
20
39458143.8345
30
0.0000
11
39653186.7064
21
39458147.2763
31
0.0000
0
LINE
100
AcDbEntity
8
0
100
AcDbLine
10
39652706.9472
20
39458352.2848
30
0.0000
11
39652712.2000
21
39458354.8290
31
0.0000
0
LINE
100
AcDbEntity
8
0
100
AcDbLine
10
39653161.6693
20
39458633.0502
30
0.0000
11
39653152.7354
21
39458636.7222
31
0.0000
0
LINE
100
AcDbEntity
8
0
100
AcDbLine
10
39652568.8669
20
39458615.4735
30
0.0000
11
39652561.7556
21
39458610.8375
31
0.0000
0
LINE
100
AcDbEntity
8
0
100
AcDbLine
10
39653130.7993
20
39457885.0775
30
0.0000
11
39653123.8142
21
39457884.7682
31
0.0000
0
LINE
100
AcDbEntity
8
0
100
AcDbLine
10
39652940.8298
20
39458522.6760
30
0.0000
11
39652936.5932
21
39458531.4255
31
0.0000
0
LINE
100
AcDbEntity
8
0
100
AcDbLine
10
39653236.0138
20
39458163.0163
30
0.0000
11
39653229.4250
21
39458169.1961
31
0.0000
0
LINE
100
AcDbEntity
8
0
100
AcDbLine
10
39652659.8430
20
39458585.4536
30
0.0000
11
39652649.8799
21
39458576.9631
31
0.0000
0
LINE
100
AcDbEntity
8
0
100
AcDbLine
10
39652997.6453
20
39458249.1556
30
0.0000
11
39652994.9839
21
39458239.3024
31
0.0000
0
LINE
100
AcDbEntity
8
0
100
AcDbLine
10
39653047.1422
20
39458185.3388
30
0.0000
11
39653048.6267
21
39458182.1675
31
0.0000
0
LINE
100
AcDbEntity
8
0
100
AcDbLine
10
39653086.6609
20
39458059.0364
30
0.0000
11
39653091.7239
21
39458064.3752
31
0.0000
0
LINE
100
AcDbEntity
8
0
100
AcDbLine
10
39652603.5040
20
39458612.8970
30
0.0000
11
39652596.6963
21
39458615.2043
31
0.0000
0
LINE
100
AcDbEntity
8
0
100
AcDbLine
10
39652944.9748
20
39458105.5144
30
0.0000
11
39652942.8271
21
39458113.4206
31
0.0000
0
LINE
100
AcDbEntity
8
0
100
AcDbLine
10
39652754.5587
20
39458556.7893
30
0.0000
11
39652754.0613
21
39458548.0393
31
0.0000
0
LINE
100
AcDbEntity
8
0
100
AcDbLine
10
39653055.7613
20
39458612.8219
30
0.0000
11
39653045.8081
21
39458606.1392
31
0.0000
0
LINE
100
AcDbEntity
8
0
100
AcDbLine
10
39653046.1025
20
39458042.8353
30
0.0000
11
39653052.3113
21
39458038.0396
31
0.0000
0
LINE
100
AcDbEntity
8
0
100
AcDbLine
10
39653063.7668
20
39458280.6310
30
0.0000
11
39653071.1466
21
39458275.1528
31
0.0000
0
LINE
100
AcDbEntity
8
0
100
AcDbLine
10
39652589.4101
20
39458023.0750
30
0.0000
11
39652586.4116
21
39458020.8257
31
0.0000
0
LINE
100
AcDbEntity
8
0
100
AcDbLine
10
39652945.6223
20
39458298.1155
30
0.0000
11
39652937.1699
21
39458299.4811
31
0.0000
0
LINE
100
AcDbEntity
8
0
100
AcDbLine
10
39652956.5471
20
39458014.8316
30
0.0000
11
39652962.7103
21
39458014.3729
31
0.0000
0
LINE
100
AcDbEntity
8
0
100
AcDbLine
10
39653230.1564
20
39458008.0137
30
0.0000
11
39653221.1864
21
39458009.2676
31
0.0000
0
LINE
100
AcDbEntity
8
0
100
AcDbLine
10
39652925.6829
20
39458189.7743
30
0.0000
11
39652923.1964
21
39458194.3627
31
0.0000
0
LINE
100
AcDbEntity
8
0
100
AcDbLine
10
39652668.7073
20
39458220.6910
30
0.0000
11
39652666.8678
21
39458221.7571
31
0.0000
0
LINE
100
AcDbEntity
8
0
100
AcDbLine
10
39652676.4027
20
39457912.9802
30
0.0000
11
39652686.0076
21
39457920.7843
31
0.0000
0
LINE
100
AcDbEntity
8
0
100
AcDbLine
10
39652955.4353
20
39458578.2021
30
0.0000
11
39652947.8822
21
39458568.5215
31
0.0000
0
LINE
100
AcDbEntity
8
0
100
AcDbLine
10
39653035.0204
20
39457931.9972
30
0.0000
11
39653042.1881
21
39457935.7866
31
0.0000
0
LINE
100
AcDbEntity
8
0
100
AcDbLine
10
39652897.6357
20
39458568.3537
30
0.0000
11
39652887.7769
21
39458573.9368
31
0.0000
0
LINE
100
AcDbEntity
8
0
100
AcDbLine
10
39652969.8906
20
39458215.9065
30
0.0000
11
39652968.6965
21
39458212.7794
31
0.0000
0
LINE
100
AcDbEntity
8
0
100
AcDbLine
10
39652836.0511
20
39458188.7670
30
0.0000
11
39652836.1111
21
39458184.9094
31
0.0000
0
LINE
100
AcDbEntity
8
0
100
AcDbLine
10
39652536.7218
20
39457844.3848
30
0.0000
11
39652537.6632
21
39457836.7849
31
0.0000
0
LINE
100
AcDbEntity
8
0
100
AcDbLine
10
39653315.1836
20
39458260.9400
30
0.0000
11
39653320.8387
21
39458251.8530
31
0.0000
0
LINE
100
AcDbEntity
8
0
100
AcDbLine
10
39653273.8882
20
39458546.7672
30
0.0000
11
39653281.8990
21
39458556.0396
31
0.0000
0
LINE
100
AcDbEntity
8
0
100
AcDbLine
10
39652803.6078
20
39457994.3104
30
0.0000
11
39652796.9414
21
39458000.9146
31
0.0000
0
LINE
100
AcDbEntity
8
0
100
AcDbLine
10
39652847.7426
20
39458291.1094
30
0.0000
11
39652856.6520
21
39458284.8456
31
0.0000
0
LINE
100
AcDbEntity
8
0
100
AcDbLine
10
39653264.2830
20
39458600.3176
30
0.0000
11
39653271.3111
21
39458597.4518
31
0.0000
0
LINE
100
AcDbEntity
8
0
100
AcDbLine
10
39653147.9291
20
39458123.2504
30
0.0000
11
39653157.6162
21
39458117.6722
31
0.0000
0
LINE
100
AcDbEntity
8
0
100
AcDbLine
10
39652774.8658
20
39458556.4656
30
0.0000
11
39652783.8831
21
39458560.7586
31
0.0000
0
LINE
100
AcDbEntity
8
0
100
AcDbLine
10
39653032.6949
20
39458255.8747
30
0.0000
11
39653035.1888
21
39458254.5076
31
0.0000
0
LINE
100
AcDbEntity
8
0
100
AcDbLine
10
39653198.0224
20
39458120.3854
30
0.0000
11
39653205.0184
21
39458130.0426
31
0.0000
0
LINE
100
AcDbEntity
8
0
100
AcDbLine
10
39652924.2033
20
39458607.5753
30
0.0000
11
39652924.9781
21
39458617.4602
31
0.0000
0
LINE
100
AcDbEntity
8
0
100
AcDbLine
10
39653301.7415
20
39457893.8972
30
0.0000
11
39653309.1372
21
39457901.6512
31
0.0000
0
LINE
100
AcDbEntity
8
0
100
AcDbLine
10
39652853.8464
20
39458191.9155
30
0.0000
11
39652854.5616
21
39458198.6105
31
0.0000
0
LINE
100
AcDbEntity
8
0
100
AcDbLine
10
39652929.6463
20
39458637.0735
30
0.0000
11
39652924.6012
21
39458637.5481
31
0.0000
0
LINE
100
AcDbEntity
8
0
100
AcDbLine
10
39652757.5571
20
39458156.4923
30
0.0000
11
39652766.4935
21
39458159.1124
31
0.0000
0
LINE
100
AcDbEntity
8
0
100
AcDbLine
10
39653021.3076
20
39458332.3010
30
0.0000
11
39653019.8465
21
39458325.0403
31
0.0000
0
LINE
100
AcDbEntity
8
0
100
AcDbLine
10
39652621.1217
20
39458071.9980
30
0.0000
11
39652617.5626
21
39458079.5449
31
0.0000
0
LINE
100
AcDbEntity
8
0
100
AcDbLine
10
39653082.5557
20
39458498.3434
30
0.0000
11
39653085.7666
21
39458507.7542
31
0.0000
0
LINE
100
AcDbEntity
8
0
100
AcDbLine
10
39653275.4928
20
39458271.2832
30
0.0000
11
39653274.3001
21
39458261.5134
31
0.0000
0
LINE
100
AcDbEntity
8
0
100
AcDbLine
10
39653305.7932
20
39458154.4040
30
0.0000
11
39653314.3450
21
39458147.8624
31
0.0000
0
LINE
100
AcDbEntity
8
0
100
AcDbLine
10
39653042.1012
20
39457838.4194
30
0.0000
11
39653044.7377
21
39457840.5018
31
0.0000
0
LINE
100
AcDbEntity
8
0
100
AcDbLine
10
39652540.3076
20
39458634.1878
30
0.0000
11
39652533.5381
21
39458639.5602
31
0.0000
0
LINE
100
AcDbEntity
8
0
100
AcDbLine
10
39653028.1691
20
39457847.7611
30
0.0000
11
39653026.4147
21
39457849.9736
31
0.0000
0
LINE
100
AcDbEntity
8
0
100
AcDbLine
10
39653312.5836
20
39458449.9645
30
0.0000
11
39653318.4081
21
39458453.7921
31
0.0000
0
LINE
100
AcDbEntity
8
0
100
AcDbLine
10
39652672.0219
20
39457853.0085
30
0.0000
11
39652670.6367
21
39457856.7234
31
0.0000
0
LINE
100
AcDbEntity
8
0
100
AcDbLine
10
39653096.6155
20
39458206.6306
30
0.0000
11
39653098.5057
21
39458214.2285
31
0.0000
0
LINE
100
AcDbEntity
8
0
100
AcDbLine
10
39653138.4010
20
39458426.2700
30
0.0000
11
39653142.9828
21
39458427.4791
31
0.0000
0
LINE
100
AcDbEntity
8
0
100
AcDbLine
10
39653034.2202
20
39457965.7721
30
0.0000
11
39653041.5028
21
39457964.4922
31
0.0000
0
LINE
100
AcDbEntity
8
0
100
AcDbLine
10
39652563.7766
20
39458547.1250
30
0.0000
11
39652560.0635
21
39458546.7525
31
0.0000
0
LINE
100
AcDbEntity
8
0
100
AcDbLine
10
39652905.3490
20
39458259.7270
30
0.0000
11
39652913.0756
21
39458266.6350
31
0.0000
0
LINE
100
AcDbEntity
8
0
100
AcDbLine
10
39653151.6597
20
39458241.6856
30
0.0000
11
39653142.5288
21
39458245.9417
31
0.0000
0
LINE
100
AcDbEntity
8
0
100
AcDbLine
10
39653148.4007
20
39458355.6476
30
0.0000
11
39653153.0372
21
39458350.8640
31
0.0000
0
LINE
100
AcDbEntity
8
0
100
AcDbLine
10
39652917.9148
20
39458471.6601
30
0.0000
11
39652924.3257
21
39458463.6825
31
0.0000
0
LINE
100
AcDbEntity
8
0
100
AcDbLine
10
39652730.5339
20
39458169.5634
30
0.0000
11
39652727.7205
21
39458176.5187
31
0.0000
0
LINE
100
AcDbEntity
8
0
100
AcDbLine
10
39653286.0726
20
39458273.4146
30
0.0000
11
39653278.2062
21
39458277.4494
31
0.0000
0
LINE
100
AcDbEntity
8
0
100
AcDbLine
10
39653267.9793
20
39458230.4430
30
0.0000
11
39653258.6111
21
39458224.2969
31
0.0000
0
LINE
100
AcDbEntity
8
0
100
AcDbLine
10
39652932.6421
20
39457947.0362
30
0.0000
11
39652937.4849
21
39457946.4078
31
0.0000
0
LINE
100
AcDbEntity
8
0
100
AcDbLine
10
39652596.3524
20
39458494.2574
30
0.0000
11
39652587.2297
21
39458499.7320
31
0.0000
0
LINE
100
AcDbEntity
8
0
100
AcDbLine
10
39652682.4234
20
39457895.3949
30
0.0000
11
39652674.0472
21
39457885.5154
31
0.0000
0
LINE
100
AcDbEntity
8
0
100
AcDbLine
10
39652590.9660
20
39458408.0417
30
0.0000
11
39652596.2655
21
39458407.9187
31
0.0000
0
LINE
100
AcDbEntity
8
0
100
AcDbLine
10
39653053.8202
20
39457913.2068
30
0.0000
11
39653052.6066
21
39457910.8736
31
0.0000
0
LINE
100
AcDbEntity
8
0
100
AcDbLine
10
39653237.1428
20
39458223.9580
30
0.0000
11
39653246.9585
21
39458219.4905
31
0.0000
0
LINE
100
AcDbEntity
8
0
100
AcDbLine
10
39653254.1521
20
39458526.0958
30
0.0000
11
39653261.2130
21
39458516.3292
31
0.0000
0
LINE
100
AcDbEntity
8
0
100
AcDbLine
10
39652950.5276
20
39458363.3581
30
0.0000
11
39652952.7329
21
39458367.8454
31
0.0000
0
LINE
100
AcDbEntity
8
0
100
AcDbLine
10
39653224.9672
20
39457979.6568
30
0.0000
11
39653218.0102
21
39457981.3258
31
0.0000
0
LINE
100
AcDbEntity
8
0
100
AcDbLine
10
39652747.3999
20
39458430.8455
30
0.0000
11
39652749.0791
21
39458437.6232
31
0.0000
0
LINE
100
AcDbEntity
8
0
100
AcDbLine
10
39653137.3548
20
39458478.5178
30
0.0000
11
39653134.2438
21
39458470.0057
31
0.0000
0
LINE
100
AcDbEntity
8
0
100
AcDbLine
10
39653064.9866
20
39458278.3381
30
0.0000
11
39653059.6872
21
39458284.4313
31
0.0000
0
LINE
100
AcDbEntity
8
0
100
AcDbLine
10
39652737.2574
20
39458475.4024
30
0.0000
11
39652733.5190
21
39458481.5610
31
0.0000
0
LINE
100
AcDbEntity
8
0
100
AcDbLine
10
39652831.7744
20
39457919.1311
30
0.0000
11
39652838.8296
21
39457925.8222
31
0.0000
0
LINE
100
AcDbEntity
8
0
100
AcDbLine
10
39652940.7839
20
39458210.1926
30
0.0000
11
39652947.3085
21
39458211.8357
31
0.0000
0
LINE
100
AcDbEntity
8
0
100
AcDbLine
10
39653187.8221
20
39457891.9588
30
0.0000
11
39653189.9937
21
39457883.5190
31
0.0000
0
LINE
100
AcDbEntity
8
0
100
AcDbLine
10
39653279.5215
20
39458498.9909
30
0.0000
11
39653286.7102
21
39458506.1768
31
0.0000
0
LINE
100
AcDbEntity
8
0
100
AcDbLine
10
39653055.0735
20
39458475.0576
30
0.0000
11
39653060.7648
21
39458476.8930
31
0.0000
0
LINE
100
AcDbEntity
8
0
100
AcDbLine
10
39653195.8483
20
39458373.1832
30
0.0000
11
39653190.4551
21
39458363.5360
31
0.0000
0
LINE
100
AcDbEntity
8
0
100
AcDbLine
10
39652557.6694
20
39458550.2283
30
0.0000
11
39652553.9590
21
39458547.6894
31
0.0000
0
LINE
100
AcDbEntity
8
0
100
AcDbLine
10
39653188.2461
20
39457968.5009
30
0.0000
11
39653189.1650
21
39457971.8213
31
0.0000
0
LINE
100
AcDbEntity
8
0
100
AcDbLine
10
39653092.2606
20
39458116.8989
30
0.0000
11
39653095.0059
21
39458116.0044
31
0.0000
0
LINE
100
AcDbEntity
8
0
100
AcDbLine
10
39652606.6127
20
39457864.0838
30
0.0000
11
39652605.8603
21
39457854.4988
31
0.0000
0
LINE
100
AcDbEntity
8
0
100
AcDbLine
10
39653248.3200
20
39458056.1864
30
0.0000
11
39653255.5814
21
39458047.5116
31
0.0000
0
LINE
100
AcDbEntity
8
0
100
AcDbLine
10
39652897.5744
20
39458071.5423
30
0.0000
11
39652892.7182
21
39458068.4437
31
0.0000
0
LINE
100
AcDbEntity
8
0
100
AcDbLine
10
39652578.4553
20
39457944.9601
30
0.0000
11
39652573.4905
21
39457951.9384
31
0.0000
0
LINE
100
AcDbEntity
8
0
100
AcDbLine
10
39652699.7985
20
39458274.0200
30
0.0000
11
39652704.0799
21
39458273.0424
31
0.0000
0
LINE
100
AcDbEntity
8
0
100
AcDbLine
10
39652818.7215
20
39458319.9037
30
0.0000
11
39652808.8003
21
39458312.7930
31
0.0000
0
LINE
100
AcDbEntity
8
0
100
AcDbLine
10
39653189.3057
20
39458515.2562
30
0.0000
11
39653185.7089
21
39458510.5438
31
0.0000
0
LINE
100
AcDbEntity
8
0
100
AcDbLine
10
39652558.9335
20
39458591.5778
30
0.0000
11
39652556.2225
21
39458588.3404
31
0.0000
0
LINE
100
AcDbEntity
8
0
100
AcDbLine
10
39652874.7829
20
39457938.6484
30
0.0000
11
39652880.2986
21
39457937.6607
31
0.0000
0
LINE
100
AcDbEntity
8
0
100
AcDbLine
10
39652962.9781
20
39458608.4824
30
0.0000
11
39652953.7466
21
39458603.8294
31
0.0000
0
LINE
100
AcDbEntity
8
0
100
AcDbLine
10
39652642.8956
20
39457976.3149
30
0.0000
11
39652649.2300
21
39457968.4220
31
0.0000
0
LINE
100
AcDbEntity
8
0
100
AcDbLine
10
39652939.1273
20
39458271.1196
30
0.0000
11
39652947.5223
21
39458274.9690
31
0.0000
0
LINE
100
AcDbEntity
8
0
100
AcDbLine
10
39652653.5999
20
39457988.1571
30
0.0000
11
39652650.5798
21
39457988.2735
31
0.0000
0
LINE
100
AcDbEntity
8
0
100
AcDbLine
10
39652960.3500
20
39458396.0557
30
0.0000
11
39652952.9927
21
39458402.6548
31
0.0000
0
LINE
100
AcDbEntity
8
0
100
AcDbLine
10
39653085.4558
20
39458550.9221
30
0.0000
11
39653093.3781
21
39458559.4299
31
0.0000
0
LINE
100
AcDbEntity
8
0
100
AcDbLine
10
39653134.6251
20
39458029.9843
30
0.0000
11
39653132.2767
21
39458038.9460
31
0.0000
0
LINE
100
AcDbEntity
8
0
100
AcDbLine
10
39653130.9392
20
39457997.2653
30
0.0000
11
39653128.1160
21
39457997.4763
31
0.0000
0
LINE
100
AcDbEntity
8
0
100
AcDbLine
10
39652725.2536
20
39458613.7882
30
0.0000
11
39652727.8023
21
39458604.2915
31
0.0000
0
LINE
100
AcDbEntity
8
0
100
AcDbLine
10
39653041.7545
20
39458204.8127
30
0.0000
11
39653033.5039
21
39458199.2196
31
0.0000
0
LINE
100
AcDbEntity
8
0
100
AcDbLine
10
39652721.1715
20
39458196.6023
30
0.0000
11
39652712.1888
21
39458196.0066
31
0.0000
0
LINE
100
AcDbEntity
8
0
100
AcDbLine
10
39652824.1471
20
39458035.2235
30
0.0000
11
39652819.4786
21
39458041.7903
31
0.0000
0
LINE
100
AcDbEntity
8
0
100
AcDbLine
10
39652657.2618
20
39458099.8757
30
0.0000
11
39652654.3805
21
39458107.9999
31
0.0000
0
LINE
100
AcDbEntity
8
0
100
AcDbLine
10
39653184.2159
20
39458423.2527
30
0.0000
11
39653186.4619
21
39458432.9940
31
0.0000
0
LINE
100
AcDbEntity
8
0
100
AcDbLine
10
39652884.6674
20
39458031.4348
30
0.0000
11
39652882.0283
21
39458021.7493
31
0.0000
0
LINE
100
AcDbEntity
8
0
100
AcDbLine
10
39653123.2259
20
39458315.8134
30
0.0000
11
39653120.8678
21
39458312.9127
31
0.0000
0
LINE
100
AcDbEntity
8
0
100
AcDbLine
10
39652691.1035
20
39458049.5453
30
0.0000
11
39652700.1238
21
39458048.5290
31
0.0000
0
LINE
100
AcDbEntity
8
0
100
AcDbLine
10
39652982.9207
20
39458261.0395
30
0.0000
11
39652986.8606
21
39458266.7568
31
0.0000
0
LINE
100
AcDbEntity
8
0
100
AcDbLine
10
39653071.1699
20
39458576.9747
30
0.0000
11
39653065.8812
21
39458582.8858
31
0.0000
0
LINE
100
AcDbEntity
8
0
100
AcDbLine
10
39652540.8345
20
39458047.3480
30
0.0000
11
39652534.3627
21
39458048.9663
31
0.0000
0
LINE
100
AcDbEntity
8
0
100
AcDbLine
10
39652946.6639
20
39458465.0551
30
0.0000
11
39652939.8703
21
39458467.3658
31
0.0000
0
LINE
100
AcDbEntity
8
0
100
AcDbLine
10
39652955.6056
20
39457992.5017
30
0.0000
11
39652963.3124
21
39457998.5626
31
0.0000
0
LINE
100
AcDbEntity
8
0
100
AcDbLine
10
39653236.8925
20
39458307.7457
30
0.0000
11
39653233.3998
21
39458308.4911
31
0.0000
0
LINE
100
AcDbEntity
8
0
100
AcDbLine
10
39652962.2878
20
39458282.6715
30
0.0000
11
39652964.1715
21
39458285.7498
31
0.0000
0
LINE
100
AcDbEntity
8
0
100
AcDbLine
10
39652778.9847
20
39458605.6949
30
0.0000
11
39652772.1493
21
39458603.9859
31
0.0000
0
LINE
100
AcDbEntity
8
0
100
AcDbLine
10
39652917.6637
20
39457961.4992
30
0.0000
11
39652914.6835
21
39457969.7666
31
0.0000
0
LINE
100
AcDbEntity
8
0
100
AcDbLine
10
39652898.2047
20
39458380.3031
30
0.0000
11
39652896.0530
21
39458381.2535
31
0.0000
0
LINE
100
AcDbEntity
8
0
100
AcDbLine
10
39653095.5568
20
39458369.1595
30
0.0000
11
39653092.8812
21
39458367.9876
31
0.0000
0
LINE
100
AcDbEntity
8
0
100
AcDbLine
10
39653028.2635
20
39458237.7853
30
0.0000
11
39653035.4316
21
39458247.1027
31
0.0000
0
LINE
100
AcDbEntity
8
0
100
AcDbLine
10
39652632.1443
20
39458231.4231
30
0.0000
11
39652626.3442
21
39458236.2750
31
0.0000
0
LINE
100
AcDbEntity
8
0
100
AcDbLine
10
39652581.6324
20
39458283.2334
30
0.0000
11
39652583.3759
21
39458288.7245
31
0.0000
0
LINE
100
AcDbEntity
8
0
100
AcDbLine
10
39653121.2692
20
39457998.7187
30
0.0000
11
39653117.7075
21
39458000.5799
31
0.0000
0
LINE
100
AcDbEntity
8
0
100
AcDbLine
10
39652669.8544
20
39458084.6785
30
0.0000
11
39652664.3793
21
39458085.9184
31
0.0000
0
LINE
100
AcDbEntity
8
0
100
AcDbLine
10
39653259.7530
20
39458235.1958
30
0.0000
11
39653266.4185
21
39458239.7945
31
0.0000
0
LINE
100
AcDbEntity
8
0
100
AcDbLine
10
39652873.8577
20
39457887.1541
30
0.0000
11
39652879.2203
21
39457894.5691
31
0.0000
0
LINE
100
AcDbEntity
8
0
100
AcDbLine
10
39652942.7085
20
39458457.7870
30
0.0000
11
39652946.7453
21
39458459.8527
31
0.0000
0
LINE
100
AcDbEntity
8
0
100
AcDbLine
10
39652664.2676
20
39457876.7578
30
0.0000
11
39652666.0959
21
39457881.3732
31
0.0000
0
LINE
100
AcDbEntity
8
0
100
AcDbLine
10
39653208.8516
20
39458025.2708
30
0.0000
11
39653202.0343
21
39458019.0827
31
0.0000
0
LINE
100
AcDbEntity
8
0
100
AcDbLine
10
39652671.7191
20
39457894.7142
30
0.0000
11
39652678.0041
21
39457889.8154
31
0.0000
0
LINE
100
AcDbEntity
8
0
100
AcDbLine
10
39652835.8147
20
39458277.3337
30
0.0000
11
39652835.2183
21
39458284.8078
31
0.0000
0
LINE
100
AcDbEntity
8
0
100
AcDbLine
10
39652607.1696
20
39458401.4376
30
0.0000
11
39652616.3766
21
39458397.3955
31
0.0000
0
LINE
100
AcDbEntity
8
0
100
AcDbLine
10
39652785.4582
20
39457923.6331
30
0.0000
11
39652775.5737
21
39457921.1982
31
0.0000
0
LINE
100
AcDbEntity
8
0
100
AcDbLine
10
39653032.2111
20
39457890.5940
30
0.0000
11
39653040.9618
21
39457884.1048
31
0.0000
0
LINE
100
AcDbEntity
8
0
100
AcDbLine
10
39653299.1840
20
39458482.8594
30
0.0000
11
39653301.7290
21
39458488.3727
31
0.0000
0
LINE
100
AcDbEntity
8
0
100
AcDbLine
10
39652979.3831
20
39457953.1638
30
0.0000
11
39652975.9576
21
39457952.1523
31
0.0000
0
LINE
100
AcDbEntity
8
0
100
AcDbLine
10
39653243.2471
20
39458171.7987
30
0.0000
11
39653240.9224
21
39458172.7500
31
0.0000
0
LINE
100
AcDbEntity
8
0
100
AcDbLine
10
39653022.4847
20
39458391.5047
30
0.0000
11
39653032.3942
21
39458396.9419
31
0.0000
0
LINE
100
AcDbEntity
8
0
100
AcDbLine
10
39653304.0688
20
39458244.3956
30
0.0000
11
39653304.5091
21
39458248.6507
31
0.0000
0
LINE
100
AcDbEntity
8
0
100
AcDbLine
10
39652596.8872
20
39458383.4135
30
0.0000
11
39652606.7668
21
39458389.2985
31
0.0000
0
LINE
100
AcDbEntity
8
0
100
AcDbLine
10
39652633.5489
20
39458580.8151
30
0.0000
11
39652639.7200
21
39458571.1482
31
0.0000
0
LINE
100
AcDbEntity
8
0
100
AcDbLine
10
39652769.8469
20
39458096.1891
30
0.0000
11
39652775.9185
21
39458088.9448
31
0.0000
0
LINE
100
AcDbEntity
8
0
100
AcDbLine
10
39652544.3779
20
39458526.5055
30
0.0000
11
39652537.6689
21
39458520.1709
31
0.0000
0
LINE
100
AcDbEntity
8
0
100
AcDbLine
10
39653260.8172
20
39458350.6949
30
0.0000
11
39653268.1733
21
39458349.2276
31
0.0000
0
LINE
100
AcDbEntity
8
0
100
AcDbLine
10
39652855.3503
20
39458181.2608
30
0.0000
11
39652857.6103
21
39458175.8535
31
0.0000
0
LINE
100
AcDbEntity
8
0
100
AcDbLine
10
39653311.7612
20
39458335.4212
30
0.0000
11
39653310.7185
21
39458333.0948
31
0.0000
0
LINE
100
AcDbEntity
8
0
100
AcDbLine
10
39652886.6762
20
39458538.2832
30
0.0000
11
39652887.4477
21
39458545.1384
31
0.0000
0
LINE
100
AcDbEntity
8
0
100
AcDbLine
10
39653207.4644
20
39458570.5476
30
0.0000
11
39653213.2379
21
39458580.3213
31
0.0000
0
LINE
100
AcDbEntity
8
0
100
AcDbLine
10
39653105.2944
20
39458073.2456
30
0.0000
11
39653100.4907
21
39458079.6275
31
0.0000
0
LINE
100
AcDbEntity
8
0
100
AcDbLine
10
39653245.8471
20
39457922.0060
30
0.0000
11
39653247.7942
21
39457925.9863
31
0.0000
0
LINE
100
AcDbEntity
8
0
100
AcDbLine
10
39652620.1848
20
39458583.3542
30
0.0000
11
39652628.4637
21
39458584.6836
31
0.0000
0
LINE
100
AcDbEntity
8
0
100
AcDbLine
10
39652558.2768
20
39458265.5424
30
0.0000
11
39652564.9624
21
39458270.1994
31
0.0000
0
LINE
100
AcDbEntity
8
0
100
AcDbLine
10
39652927.6806
20
39457876.4108
30
0.0000
11
39652930.7627
21
39457879.7824
31
0.0000
0
LINE
100
AcDbEntity
8
0
100
AcDbLine
10
39652579.8806
20
39458400.7801
30
0.0000
11
39652586.2120
21
39458399.0772
31
0.0000
0
LINE
100
AcDbEntity
8
0
100
AcDbLine
10
39652706.7812
20
39458109.8754
30
0.0000
11
39652699.9641
21
39458110.1132
31
0.0000
0
LINE
100
AcDbEntity
8
0
100
AcDbLine
10
39653169.8582
20
39458015.2814
30
0.0000
11
39653172.5403
21
39458016.9701
31
0.0000
0
LINE
100
AcDbEntity
8
0
100
AcDbLine
10
39652864.4645
20
39458579.9286
30
0.0000
11
39652863.5816
21
39458589.4314
31
0.0000
0
LINE
100
AcDbEntity
8
0
100
AcDbLine
10
39652581.7937
20
39458098.6110
30
0.0000
11
39652589.3548
21
39458089.9386
31
0.0000
0
LINE
100
AcDbEntity
8
0
100
AcDbLine
10
39652630.9992
20
39458560.5346
30
0.0000
11
39652622.0749
21
39458554.1593
31
0.0000
0
LINE
100
AcDbEntity
8
0
100
AcDbLine
10
39652883.9689
20
39458606.3978
30
0.0000
11
39652887.6065
21
39458600.4800
31
0.0000
0
LINE
100
AcDbEntity
8
0
100
AcDbLine
10
39652705.2577
20
39458192.5028
30
0.0000
11
39652703.1067
21
39458188.7383
31
0.0000
0
LINE
100
AcDbEntity
8
0
100
AcDbLine
10
39653229.6750
20
39458174.3978
30
0.0000
11
39653221.1720
21
39458173.5049
31
0.0000
0
LINE
100
AcDbEntity
8
0
100
AcDbLine
10
39652650.0285
20
39458222.5511
30
0.0000
11
39652652.0511
21
39458222.2299
31
0.0000
0
LINE
100
AcDbEntity
8
0
100
AcDbLine
10
39652577.5255
20
39458282.5562
30
0.0000
11
39652580.4871
21
39458273.5639
31
0.0000
0
LINE
100
AcDbEntity
8
0
100
AcDbLine
10
39652937.3285
20
39458592.3680
30
0.0000
11
39652938.7510
21
39458596.1678
31
0.0000
0
LINE
100
AcDbEntity
8
0
100
AcDbLine
10
39653061.7689
20
39458269.0705
30
0.0000
11
39653062.4291
21
39458273.3238
31
0.0000
0
LINE
100
AcDbEntity
8
0
100
AcDbLine
10
39652843.7155
20
39458277.6754
30
0.0000
11
39652840.5264
21
39458283.6589
31
0.0000
0
LINE
100
AcDbEntity
8
0
100
AcDbLine
10
39652812.6007
20
39457994.4524
30
0.0000
11
39652816.4498
21
39457993.2947
31
0.0000
0
LINE
100
AcDbEntity
8
0
100
AcDbLine
10
39652995.6011
20
39457977.2906
30
0.0000
11
39653001.4317
21
39457979.7353
31
0.0000
0
LINE
100
AcDbEntity
8
0
100
AcDbLine
10
39653026.4763
20
39458555.5907
30
0.0000
11
39653026.9583
21
39458552.8062
31
0.0000
0
LINE
100
AcDbEntity
8
0
100
AcDbLine
10
39652964.5626
20
39458452.1892
30
0.0000
11
39652967.7638
21
39458442.9558
31
0.0000
0
LINE
100
AcDbEntity
8
0
100
AcDbLine
10
39652886.4234
20
39457849.8135
30
0.0000
11
39652891.9537
21
39457852.2339
31
0.0000
0
LINE
100
AcDbEntity
8
0
100
AcDbLine
10
39652712.6561
20
39458514.5677
30
0.0000
11
39652719.8197
21
39458508.2572
31
0.0000
0
LINE
100
AcDbEntity
8
0
100
AcDbLine
10
39653132.3545
20
39458588.9510
30
0.0000
11
39653137.9081
21
39458586.4763
31
0.0000
0
LINE
100
AcDbEntity
8
0
100
AcDbLine
10
39653087.7285
20
39458266.9056
30
0.0000
11
39653079.9048
21
39458271.0560
31
0.0000
0
LINE
100
AcDbEntity
8
0
100
AcDbLine
10
39653081.3791
20
39458363.3977
30
0.0000
11
39653090.8992
21
39458369.6811
31
0.0000
0
LINE
100
AcDbEntity
8
0
100
AcDbLine
10
39652968.7303
20
39457991.0281
30
0.0000
11
39652976.5899
21
39457982.6003
31
0.0000
0
LINE
100
AcDbEntity
8
0
100
AcDbLine
10
39653098.1167
20
39458556.1752
30
0.0000
11
39653103.9934
21
39458551.2217
31
0.0000
0
LINE
100
AcDbEntity
8
0
100
AcDbLine
10
39652661.0280
20
39458287.1687
30
0.0000
11
39652665.2199
21
39458296.5707
31
0.0000
0
LINE
100
AcDbEntity
8
0
100
AcDbLine
10
39652915.0091
20
39458506.9946
30
0.0000
11
39652920.8782
21
39458502.9241
31
0.0000
0
LINE
100
AcDbEntity
8
0
100
AcDbLine
10
39653141.7167
20
39458263.0316
30
0.0000
11
39653144.6710
21
39458266.9324
31
0.0000
0
LINE
100
AcDbEntity
8
0
100
AcDbLine
10
39653002.6326
20
39458126.3187
30
0.0000
11
39652995.7454
21
39458117.5431
31
0.0000
0
LINE
100
AcDbEntity
8
0
100
AcDbLine
10
39652754.9324
20
39458172.8541
30
0.0000
11
39652750.3588
21
39458177.0367
31
0.0000
0
LINE
100
AcDbEntity
8
0
100
AcDbLine
10
39652590.0111
20
39458559.4250
30
0.0000
11
39652589.4239
21
39458558.4892
31
0.0000
0
LINE
100
AcDbEntity
8
0
100
AcDbLine
10
39652557.1647
20
39458506.4693
30
0.0000
11
39652563.4958
21
39458499.9722
31
0.0000
0
LINE
100
AcDbEntity
8
0
100
AcDbLine
10
39653134.9281
20
39458500.4678
30
0.0000
11
39653141.7620
21
39458500.8047
31
0.0000
0
LINE
100
AcDbEntity
8
0
100
AcDbLine
10
39652712.5692
20
39457928.3685
30
0.0000
11
39652716.5996
21
39457930.1668
31
0.0000
0
LINE
100
AcDbEntity
8
0
100
AcDbLine
10
39652844.2393
20
39458156.5410
30
0.0000
11
39652840.2610
21
39458163.3907
31
0.0000
0
LINE
100
AcDbEntity
8
0
100
AcDbLine
10
39652738.2799
20
39458066.7636
30
0.0000
11
39652735.2507
21
39458066.2390
31
0.0000
0
LINE
100
AcDbEntity
8
0
100
AcDbLine
10
39653044.1853
20
39458061.7403
30
0.0000
11
39653044.9572
21
39458052.4837
31
0.0000
0
LINE
100
AcDbEntity
8
0
100
AcDbLine
10
39653199.7220
20
39458352.6498
30
0.0000
11
39653196.0999
21
39458345.0995
31
0.0000
0
LINE
100
AcDbEntity
8
0
100
AcDbLine
10
39653200.7039
20
39458341.2258
30
0.0000
11
39653209.5555
21
39458336.3816
31
0.0000
0
LINE
100
AcDbEntity
8
0
100
AcDbLine
10
39653255.9241
20
39458508.8680
30
0.0000
11
39653261.1264
21
39458507.3028
31
0.0000
0
LINE
100
AcDbEntity
8
0
100
AcDbLine
10
39652989.7426
20
39458425.2849
30
0.0000
11
39652998.8116
21
39458431.4208
31
0.0000
0
LINE
100
AcDbEntity
8
0
100
AcDbLine
10
39652854.8308
20
39458289.1674
30
0.0000
11
39652848.1456
21
39458293.6489
31
0.0000
0
LINE
100
AcDbEntity
8
0
100
AcDbLine
10
39652617.5714
20
39458013.3941
30
0.0000
11
39652622.1650
21
39458019.2027
31
0.0000
0
LINE
100
AcDbEntity
8
0
100
AcDbLine
10
39653178.6153
20
39458467.2676
30
0.0000
11
39653177.5671
21
39458473.0347
31
0.0000
0
LINE
100
AcDbEntity
8
0
100
AcDbLine
10
39652991.0947
20
39458488.2819
30
0.0000
11
39652983.6221
21
39458495.0700
31
0.0000
0
LINE
100
AcDbEntity
8
0
100
AcDbLine
10
39652938.9917
20
39458275.9216
30
0.0000
11
39652935.4020
21
39458281.5553
31
0.0000
0
LINE
100
AcDbEntity
8
0
100
AcDbLine
10
39652538.1644
20
39458379.9915
30
0.0000
11
39652547.8884
21
39458387.8334
31
0.0000
0
LINE
100
AcDbEntity
8
0
100
AcDbLine
10
39653322.5278
20
39458095.9782
30
0.0000
11
39653332.5212
21
39458092.8562
31
0.0000
0
LINE
100
AcDbEntity
8
0
100
AcDbLine
10
39652677.8923
20
39458079.9428
30
0.0000
11
39652682.7520
21
39458070.7484
31
0.0000
0
LINE
100
AcDbEntity
8
0
100
AcDbLine
10
39653185.9573
20
39458595.4443
30
0.0000
11
39653180.1631
21
39458599.7344
31
0.0000
0
LINE
100
AcDbEntity
8
0
100
AcDbLine
10
39652740.9621
20
39458604.9952
30
0.0000
11
39652737.7159
21
39458603.7414
31
0.0000
0
LINE
100
AcDbEntity
8
0
100
AcDbLine
10
39652901.4923
20
39457918.5474
30
0.0000
11
39652901.6910
21
39457926.9900
31
0.0000
0
LINE
100
AcDbEntity
8
0
100
AcDbLine
10
39652739.9426
20
39458411.5101
30
0.0000
11
39652738.8811
21
39458406.8865
31
0.0000
0
LINE
100
AcDbEntity
8
0
100
AcDbLine
10
39653252.1361
20
39458124.7984
30
0.0000
11
39653260.6016
21
39458115.5278
31
0.0000
0
LINE
100
AcDbEntity
8
0
100
AcDbLine
10
39652789.5997
20
39457859.4135
30
0.0000
11
39652780.0793
21
39457865.1323
31
0.0000
0
LINE
100
AcDbEntity
8
0
100
AcDbLine
10
39652576.9955
20
39458478.0538
30
0.0000
11
39652584.7825
21
39458477.7092
31
0.0000
0
LINE
100
AcDbEntity
8
0
100
AcDbLine
10
39653177.2090
20
39458526.2579
30
0.0000
11
39653170.2556
21
39458524.2781
31
0.0000
0
LINE
100
AcDbEntity
8
0
100
AcDbLine
10
39652566.5932
20
39457985.5782
30
0.0000
11
39652567.0196
21
39457983.9530
31
0.0000
0
LINE
100
AcDbEntity
8
0
100
AcDbLine
10
39652682.8686
20
39458171.2858
30
0.0000
11
39652677.1016
21
39458178.2005
31
0.0000
0
LINE
100
AcDbEntity
8
0
100
AcDbLine
10
39652708.1805
20
39458387.1071
30
0.0000
11
39652701.7557
21
39458380.5878
31
0.0000
0
LINE
100
AcDbEntity
8
0
100
AcDbLine
10
39653149.8112
20
39458149.4913
30
0.0000
11
39653146.9380
21
39458147.3302
31
0.0000
0
LINE
100
AcDbEntity
8
0
100
AcDbLine
10
39652581.0497
20
39457993.9092
30
0.0000
11
39652578.0977
21
39457998.9530
31
0.0000
0
LINE
100
AcDbEntity
8
0
100
AcDbLine
10
39652704.7167
20
39458475.6831
30
0.0000
11
39652700.8474
21
39458468.3784
31
0.0000
0
LINE
100
AcDbEntity
8
0
100
AcDbLine
10
39653201.8466
20
39457977.8486
30
0.0000
11
39653209.0746
21
39457975.7507
31
0.0000
0
LINE
100
AcDbEntity
8
0
100
AcDbLine
10
39653228.0250
20
39458138.5468
30
0.0000
11
39653227.0572
21
39458135.3132
31
0.0000
0
LINE
100
AcDbEntity
8
0
100
AcDbLine
10
39652619.8831
20
39457910.4480
30
0.0000
11
39652617.1454
21
39457904.6470
31
0.0000
0
LINE
100
AcDbEntity
8
0
100
AcDbLine
10
39653274.2480
20
39458264.7073
30
0.0000
11
39653269.5725
21
39458271.5866
31
0.0000
0
LINE
100
AcDbEntity
8
0
100
AcDbLine
10
39652562.4494
20
39458151.9506
30
0.0000
11
39652555.9570
21
39458159.1235
31
0.0000
0
LINE
100
AcDbEntity
8
0
100
AcDbLine
10
39652842.2825
20
39458532.7919
30
0.0000
11
39652833.0587
21
39458533.6106
31
0.0000
0
LINE
100
AcDbEntity
8
0
100
AcDbLine
10
39652930.1270
20
39457890.3827
30
0.0000
11
39652928.3515
21
39457886.5795
31
0.0000
0
LINE
100
AcDbEntity
8
0
100
AcDbLine
10
39653195.7226
20
39458037.4918
30
0.0000
11
39653203.9744
21
39458045.4841
31
0.0000
0
LINE
100
AcDbEntity
8
0
100
AcDbLine
10
39652542.1007
20
39458430.6166
30
0.0000
11
39652540.6246
21
39458433.6826
31
0.0000
0
LINE
100
AcDbEntity
8
0
100
AcDbLine
10
39652533.1721
20
39458203.6256
30
0.0000
11
39652527.9542
21
39458204.9694
31
0.0000
0
LINE
100
AcDbEntity
8
0
100
AcDbLine
10
39652931.4714
20
39458133.4326
30
0.0000
11
39652933.0332
21
39458142.9711
31
0.0000
0
LINE
100
AcDbEntity
8
0
100
AcDbLine
10
39652708.5572
20
39458150.2011
30
0.0000
11
39652703.4417
21
39458140.7183
31
0.0000
0
LINE
100
AcDbEntity
8
0
100
AcDbLine
10
39653190.5686
20
39458204.5816
30
0.0000
11
39653186.5532
21
39458200.7051
31
0.0000
0
LINE
100
AcDbEntity
8
0
100
AcDbLine
10
39653001.4385
20
39458504.4782
30
0.0000
11
39652991.5720
21
39458500.7496
31
0.0000
0
LINE
100
AcDbEntity
8
0
100
AcDbLine
10
39652666.2626
20
39458533.8480
30
0.0000
11
39652665.8870
21
39458535.9682
31
0.0000
0
LINE
100
AcDbEntity
8
0
100
AcDbLine
10
39652537.3243
20
39458466.0311
30
0.0000
11
39652542.3046
21
39458472.1747
31
0.0000
0
LINE
100
AcDbEntity
8
0
100
AcDbLine
10
39652705.2773
20
39457984.1117
30
0.0000
11
39652698.7222
21
39457991.0189
31
0.0000
0
LINE
100
AcDbEntity
8
0
100
AcDbLine
10
39652557.9825
20
39458120.8110
30
0.0000
11
39652556.8065
21
39458112.1748
31
0.0000
0
LINE
100
AcDbEntity
8
0
100
AcDbLine
10
39652649.5028
20
39458330.4108
30
0.0000
11
39652651.2382
21
39458322.8927
31
0.0000
0
LINE
100
AcDbEntity
8
0
100
AcDbLine
10
39652941.7532
20
39458005.2087
30
0.0000
11
39652946.0846
21
39458010.2272
31
0.0000
0
LINE
100
AcDbEntity
8
0
100
AcDbLine
10
39652881.3075
20
39458249.0042
30
0.0000
11
39652879.8651
21
39458256.2529
31
0.0000
0
LINE
100
AcDbEntity
8
0
100
AcDbLine
10
39652573.8613
20
39458320.1167
30
0.0000
11
39652565.8689
21
39458321.5817
31
0.0000
0
LINE
100
AcDbEntity
8
0
100
AcDbLine
10
39652918.8509
20
39458156.4339
30
0.0000
11
39652919.2908
21
39458147.4926
31
0.0000
0
LINE
100
AcDbEntity
8
0
100
AcDbLine
10
39652766.7290
20
39458594.9922
30
0.0000
11
39652767.7448
21
39458591.9877
31
0.0000
0
LINE
100
AcDbEntity
8
0
100
AcDbLine
10
39652561.3960
20
39458298.5878
30
0.0000
11
39652566.7192
21
39458300.0864
31
0.0000
0
LINE
100
AcDbEntity
8
0
100
AcDbLine
10
39652530.2882
20
39458601.9192
30
0.0000
11
39652526.5364
21
39458593.6703
31
0.0000
0
LINE
100
AcDbEntity
8
0
100
AcDbLine
10
39652884.6218
20
39458089.7616
30
0.0000
11
39652882.3779
21
39458091.1916
31
0.0000
0
LINE
100
AcDbEntity
8
0
100
AcDbLine
10
39653292.2932
20
39458119.6713
30
0.0000
11
39653283.9393
21
39458112.5569
31
0.0000
0
LINE
100
AcDbEntity
8
0
100
AcDbLine
10
39653085.9358
20
39458301.7222
30
0.0000
11
39653086.2759
21
39458309.4998
31
0.0000
0
LINE
100
AcDbEntity
8
0
100
AcDbLine
10
39653068.6328
20
39457947.7738
30
0.0000
11
39653068.4030
21
39457946.7539
31
0.0000
0
LINE
100
AcDbEntity
8
0
100
AcDbLine
10
39652779.7866
20
39458102.7694
30
0.0000
11
39652771.2116
21
39458104.3389
31
0.0000
0
LINE
100
AcDbEntity
8
0
100
AcDbLine
10
39653283.6435
20
39458170.5667
30
0.0000
11
39653291.2641
21
39458176.2733
31
0.0000
0
LINE
100
AcDbEntity
8
0
100
AcDbLine
10
39652542.9762
20
39458146.7987
30
0.0000
11
39652552.0304
21
39458146.0242
31
0.0000
0
LINE
100
AcDbEntity
8
0
100
AcDbLine
10
39652640.4211
20
39458471.2668
30
0.0000
11
39652639.1288
21
39458464.0091
31
0.0000
0
LINE
100
AcDbEntity
8
0
100
AcDbLine
10
39652709.9728
20
39458512.3640
30
0.0000
11
39652711.1327
21
39458517.4600
31
0.0000
0
LINE
100
AcDbEntity
8
0
100
AcDbLine
10
39652841.1340
20
39458096.0304
30
0.0000
11
39652842.5062
21
39458087.9639
31
0.0000
0
LINE
100
AcDbEntity
8
0
100
AcDbLine
10
39652818.2229
20
39457891.7396
30
0.0000
11
39652820.2316
21
39457896.9913
31
0.0000
0
LINE
100
AcDbEntity
8
0
100
AcDbLine
10
39652957.3352
20
39457868.0159
30
0.0000
11
39652960.6905
21
39457864.7256
31
0.0000
0
LINE
100
AcDbEntity
8
0
100
AcDbLine
10
39653303.4641
20
39458029.9833
30
0.0000
11
39653298.3610
21
39458032.5056
31
0.0000
0
LINE
100
AcDbEntity
8
0
100
AcDbLine
10
39653250.2750
20
39457851.4458
30
0.0000
11
39653242.8943
21
39457844.1939
31
0.0000
0
LINE
100
AcDbEntity
8
0
100
AcDbLine
10
39653045.0376
20
39458213.9985
30
0.0000
11
39653046.1327
21
39458206.7839
31
0.0000
0
LINE
100
AcDbEntity
8
0
100
AcDbLine
10
39653241.2134
20
39457865.6700
30
0.0000
11
39653245.6311
21
39457875.5568
31
0.0000
0
LINE
100
AcDbEntity
8
0
100
AcDbLine
10
39653161.2004
20
39458211.5967
30
0.0000
11
39653156.2451
21
39458214.1027
31
0.0000
0
LINE
100
AcDbEntity
8
0
100
AcDbLine
10
39652831.7329
20
39458449.2275
30
0.0000
11
39652826.3483
21
39458444.5170
31
0.0000
0
LINE
100
AcDbEntity
8
0
100
AcDbLine
10
39652654.4384
20
39458460.5602
30
0.0000
11
39652660.2404
21
39458468.0853
31
0.0000
0
LINE
100
AcDbEntity
8
0
100
AcDbLine
10
39653274.0504
20
39458273.9093
30
0.0000
11
39653273.3100
21
39458281.7689
31
0.0000
0
LINE
100
AcDbEntity
8
0
100
AcDbLine
10
39652706.7780
20
39458307.7046
30
0.0000
11
39652711.5127
21
39458300.8037
31
0.0000
0
LINE
100
AcDbEntity
8
0
100
AcDbLine
10
39653191.3305
20
39458408.8211
30
0.0000
11
39653191.7296
21
39458402.7248
31
0.0000
0
LINE
100
AcDbEntity
8
0
100
AcDbLine
10
39652825.0996
20
39457897.9409
30
0.0000
11
39652824.5657
21
39457893.1297
31
0.0000
0
LINE
100
AcDbEntity
8
0
100
AcDbLine
10
39653247.9971
20
39458234.4453
30
0.0000
11
39653246.1531
21
39458238.4917
31
0.0000
0
LINE
100
AcDbEntity
8
0
100
AcDbLine
10
39653236.4492
20
39458113.3387
30
0.0000
11
39653230.5204
21
39458116.3370
31
0.0000
0
LINE
100
AcDbEntity
8
0
100
AcDbLine
10
39652670.0467
20
39458206.7039
30
0.0000
11
39652679.0911
21
39458198.0975
31
0.0000
0
LINE
100
AcDbEntity
8
0
100
AcDbLine
10
39653133.3517
20
39458562.1880
30
0.0000
11
39653128.8732
21
39458564.9521
31
0.0000
0
LINE
100
AcDbEntity
8
0
100
AcDbLine
10
39652815.3605
20
39458271.0206
30
0.0000
11
39652805.9025
21
39458261.9681
31
0.0000
0
LINE
100
AcDbEntity
8
0
100
AcDbLine
10
39652769.1228
20
39458418.0621
30
0.0000
11
39652775.5034
21
39458420.8567
31
0.0000
0
LINE
100
AcDbEntity
8
0
100
AcDbLine
10
39652594.0170
20
39458326.3840
30
0.0000
11
39652585.9269
21
39458326.6535
31
0.0000
0
LINE
100
AcDbEntity
8
0
100
AcDbLine
10
39653003.1817
20
39458508.8800
30
0.0000
11
39653006.9314
21
39458508.6383
31
0.0000
0
LINE
100
AcDbEntity
8
0
100
AcDbLine
10
39652538.6042
20
39458339.4092
30
0.0000
11
39652529.8671
21
39458340.8045
31
0.0000
0
LINE
100
AcDbEntity
8
0
100
AcDbLine
10
39653096.3637
20
39458255.9690
30
0.0000
11
39653100.8262
21
39458262.1927
31
0.0000
0
LINE
100
AcDbEntity
8
0
100
AcDbLine
10
39653124.5326
20
39458108.4010
30
0.0000
11
39653123.4226
21
39458112.3994
31
0.0000
0
LINE
100
AcDbEntity
8
0
100
AcDbLine
10
39653156.2326
20
39457863.1269
30
0.0000
11
39653152.7631
21
39457862.5748
31
0.0000
0
LINE
100
AcDbEntity
8
0
100
AcDbLine
10
39652940.3476
20
39458277.4161
30
0.0000
11
39652947.1718
21
39458287.2203
31
0.0000
0
LINE
100
AcDbEntity
8
0
100
AcDbLine
10
39653232.3931
20
39458555.6848
30
0.0000
11
39653229.2319
21
39458547.1006
31
0.0000
0
LINE
100
AcDbEntity
8
0
100
AcDbLine
10
39653108.0415
20
39458600.3257
30
0.0000
11
39653112.7052
21
39458598.5801
31
0.0000
0
LINE
100
AcDbEntity
8
0
100
AcDbLine
10
39653061.8036
20
39458469.5696
30
0.0000
11
39653056.8945
21
39458469.6988
31
0.0000
0
LINE
100
AcDbEntity
8
0
100
AcDbLine
10
39652753.3666
20
39458254.8779
30
0.0000
11
39652755.0081
21
39458248.2985
31
0.0000
0
LINE
100
AcDbEntity
8
0
100
AcDbLine
10
39653264.0884
20
39458590.3663
30
0.0000
11
39653268.0927
21
39458592.5120
31
0.0000
0
LINE
100
AcDbEntity
8
0
100
AcDbLine
10
39653126.1475
20
39458206.7602
30
0.0000
11
39653121.0933
21
39458198.9289
31
0.0000
0
LINE
100
AcDbEntity
8
0
100
AcDbLine
10
39653186.8504
20
39457942.3807
30
0.0000
11
39653182.6060
21
39457948.7486
31
0.0000
0
LINE
100
AcDbEntity
8
0
100
AcDbLine
10
39652770.5935
20
39458423.6622
30
0.0000
11
39652774.8839
21
39458417.2350
31
0.0000
0
LINE
100
AcDbEntity
8
0
100
AcDbLine
10
39652600.9833
20
39458027.7016
30
0.0000
11
39652605.6596
21
39458036.7841
31
0.0000
0
LINE
100
AcDbEntity
8
0
100
AcDbLine
10
39652945.6111
20
39457939.3378
30
0.0000
11
39652938.3465
21
39457948.9172
31
0.0000
0
LINE
100
AcDbEntity
8
0
100
AcDbLine
10
39653245.9847
20
39458115.2636
30
0.0000
11
39653242.1818
21
39458105.5129
31
0.0000
0
LINE
100
AcDbEntity
8
0
100
AcDbLine
10
39653295.1166
20
39458567.6680
30
0.0000
11
39653288.8734
21
39458564.5893
31
0.0000
0
LINE
100
AcDbEntity
8
0
100
AcDbLine
10
39653025.2678
20
39458179.9097
30
0.0000
11
39653027.3125
21
39458170.9498
31
0.0000
0
LINE
100
AcDbEntity
8
0
100
AcDbLine
10
39652968.3486
20
39457866.7230
30
0.0000
11
39652972.9161
21
39457857.0049
31
0.0000
0
LINE
100
AcDbEntity
8
0
100
AcDbLine
10
39652851.4746
20
39458291.4534
30
0.0000
11
39652853.1602
21
39458284.0815
31
0.0000
0
LINE
100
AcDbEntity
8
0
100
AcDbLine
10
39653190.1804
20
39458552.8253
30
0.0000
11
39653195.8674
21
39458549.5341
31
0.0000
0
LINE
100
AcDbEntity
8
0
100
AcDbLine
10
39652941.7881
20
39458453.7413
30
0.0000
11
39652931.8104
21
39458449.9681
31
0.0000
0
LINE
100
AcDbEntity
8
0
100
AcDbLine
10
39653281.4328
20
39458364.6117
30
0.0000
11
39653288.1948
21
39458355.8899
31
0.0000
0
LINE
100
AcDbEntity
8
0
100
AcDbLine
10
39652963.2446
20
39458093.7160
30
0.0000
11
39652954.5831
21
39458098.0948
31
0.0000
0
LINE
100
AcDbEntity
8
0
100
AcDbLine
10
39652929.1860
20
39457977.0958
30
0.0000
11
39652927.8229
21
39457971.1052
31
0.0000
0
LINE
100
AcDbEntity
8
0
100
AcDbLine
10
39652828.0465
20
39458400.4781
30
0.0000
11
39652827.5409
21
39458403.9734
31
0.0000
0
LINE
100
AcDbEntity
8
0
100
AcDbLine
10
39652707.0927
20
39458165.7308
30
0.0000
11
39652698.7666
21
39458173.7587
31
0.0000
0
LINE
100
AcDbEntity
8
0
100
AcDbLine
10
39652538.8750
20
39457914.3489
30
0.0000
11
39652543.2465
21
39457921.9940
31
0.0000
0
LINE
100
AcDbEntity
8
0
100
AcDbLine
10
39652845.6904
20
39458220.4719
30
0.0000
11
39652846.0134
21
39458219.4520
31
0.0000
0
LINE
100
AcDbEntity
8
0
100
AcDbLine
10
39652684.2019
20
39458165.9330
30
0.0000
11
39652688.7708
21
39458169.5262
31
0.0000
0
LINE
100
AcDbEntity
8
0
100
AcDbLine
10
39652652.7136
20
39458009.8387
30
0.0000
11
39652646.6569
21
39458005.5359
31
0.0000
0
LINE
100
AcDbEntity
8
0
100
AcDbLine
10
39653183.6027
20
39458565.1806
30
0.0000
11
39653189.9503
21
39458562.2711
31
0.0000
0
LINE
100
AcDbEntity
8
0
100
AcDbLine
10
39652983.4069
20
39458094.9777
30
0.0000
11
39652977.2789
21
39458087.0870
31
0.0000
0
LINE
100
AcDbEntity
8
0
100
AcDbLine
10
39652683.0690
20
39458140.4502
30
0.0000
11
39652691.8956
21
39458140.8625
31
0.0000
0
LINE
100
AcDbEntity
8
0
100
AcDbLine
10
39652960.8370
20
39457893.7249
30
0.0000
11
39652957.5827
21
39457884.1343
31
0.0000
0
LINE
100
AcDbEntity
8
0
100
AcDbLine
10
39652600.3209
20
39458527.5710
30
0.0000
11
39652595.7483
21
39458528.7188
31
0.0000
0
LINE
100
AcDbEntity
8
0
100
AcDbLine
10
39652946.2053
20
39458294.6683
30
0.0000
11
39652950.2757
21
39458300.1358
31
0.0000
0
LINE
100
AcDbEntity
8
0
100
AcDbLine
10
39653020.1192
20
39458608.9054
30
0.0000
11
39653011.6897
21
39458601.1444
31
0.0000
0
LINE
100
AcDbEntity
8
0
100
AcDbLine
10
39652559.1606
20
39458321.2103
30
0.0000
11
39652557.2022
21
39458311.7051
31
0.0000
0
LINE
100
AcDbEntity
8
0
100
AcDbLine
10
39653239.5787
20
39458402.4113
30
0.0000
11
39653248.1981
21
39458405.6809
31
0.0000
0
LINE
100
AcDbEntity
8
0
100
AcDbLine
10
39652548.1114
20
39457845.6301
30
0.0000
11
39652551.7263
21
39457849.5877
31
0.0000
0
LINE
100
AcDbEntity
8
0
100
AcDbLine
10
39652963.4799
20
39458600.7051
30
0.0000
11
39652957.5566
21
39458593.7094
31
0.0000
0
LINE
100
AcDbEntity
8
0
100
AcDbLine
10
39653310.5385
20
39458353.1468
30
0.0000
11
39653307.3650
21
39458350.8879
31
0.0000
0
LINE
100
AcDbEntity
8
0
100
AcDbLine
10
39652549.5818
20
39458160.1238
30
0.0000
11
39652557.6112
21
39458163.3016
31
0.0000
0
LINE
100
AcDbEntity
8
0
100
AcDbLine
10
39653263.3074
20
39458555.9809
30
0.0000
11
39653262.6701
21
39458562.5450
31
0.0000
0
LINE
100
AcDbEntity
8
0
100
AcDbLine
10
39653103.9347
20
39457939.7875
30
0.0000
11
39653109.7785
21
39457933.3212
31
0.0000
0
LINE
100
AcDbEntity
8
0
100
AcDbLine
10
39652662.9809
20
39458457.4178
30
0.0000
11
39652662.3622
21
39458456.0603
31
0.0000
0
LINE
100
AcDbEntity
8
0
100
AcDbLine
10
39653226.1921
20
39458390.6621
30
0.0000
11
39653233.3033
21
39458388.7760
31
0.0000
0
LINE
100
AcDbEntity
8
0
100
AcDbLine
10
39653276.1315
20
39458265.8696
30
0.0000
11
39653274.7125
21
39458273.4732
31
0.0000
0
LINE
100
AcDbEntity
8
0
100
AcDbLine
10
39652804.9236
20
39458494.6217
30
0.0000
11
39652795.7667
21
39458497.4189
31
0.0000
0
LINE
100
AcDbEntity
8
0
100
AcDbLine
10
39653099.6542
20
39458558.9378
30
0.0000
11
39653105.1763
21
39458564.5883
31
0.0000
0
LINE
100
AcDbEntity
8
0
100
AcDbLine
10
39652662.9274
20
39458353.5111
30
0.0000
11
39652659.8437
21
39458357.6000
31
0.0000
0
LINE
100
AcDbEntity
8
0
100
AcDbLine
10
39652931.0785
20
39458497.4762
30
0.0000
11
39652926.2755
21
39458495.4514
31
0.0000
0
LINE
100
AcDbEntity
8
0
100
AcDbLine
10
39653252.5428
20
39458228.2082
30
0.0000
11
39653246.3112
21
39458237.3677
31
0.0000
0
LINE
100
AcDbEntity
8
0
100
AcDbLine
10
39653188.8813
20
39458489.6527
30
0.0000
11
39653183.7313
21
39458488.0764
31
0.0000
0
LINE
100
AcDbEntity
8
0
100
AcDbLine
10
39653200.9623
20
39458027.6869
30
0.0000
11
39653193.3057
21
39458024.8204
31
0.0000
0
LINE
100
AcDbEntity
8
0
100
AcDbLine
10
39652982.7992
20
39458505.0123
30
0.0000
11
39652978.8473
21
39458511.4217
31
0.0000
0
LINE
100
AcDbEntity
8
0
100
AcDbLine
10
39653305.5447
20
39458048.0788
30
0.0000
11
39653311.8311
21
39458049.7083
31
0.0000
0
LINE
100
AcDbEntity
8
0
100
AcDbLine
10
39653034.1411
20
39458438.5395
30
0.0000
11
39653027.1423
21
39458443.6170
31
0.0000
0
LINE
100
AcDbEntity
8
0
100
AcDbLine
10
39653179.1272
20
39458561.7368
30
0.0000
11
39653177.5165
21
39458556.2846
31
0.0000
0
LINE
100
AcDbEntity
8
0
100
AcDbLine
10
39652846.1008
20
39458124.7205
30
0.0000
11
39652853.2328
21
39458125.4396
31
0.0000
0
LINE
100
AcDbEntity
8
0
100
AcDbLine
10
39652545.3380
20
39458256.2965
30
0.0000
11
39652538.6242
21
39458247.4074
31
0.0000
0
LINE
100
AcDbEntity
8
0
100
AcDbLine
10
39653324.0690
20
39458601.6064
30
0.0000
11
39653321.9661
21
39458605.0411
31
0.0000
0
LINE
100
AcDbEntity
8
0
100
AcDbLine
10
39653183.9090
20
39457923.7395
30
0.0000
11
39653180.3072
21
39457919.8909
31
0.0000
0
LINE
100
AcDbEntity
8
0
100
AcDbLine
10
39652845.9465
20
39458224.8748
30
0.0000
11
39652845.8031
21
39458233.9239
31
0.0000
0
LINE
100
AcDbEntity
8
0
100
AcDbLine
10
39652725.9877
20
39458199.4554
30
0.0000
11
39652725.1174
21
39458191.1074
31
0.0000
0
LINE
100
AcDbEntity
8
0
100
AcDbLine
10
39652782.4564
20
39458031.8931
30
0.0000
11
39652788.4509
21
39458034.1678
31
0.0000
0
LINE
100
AcDbEntity
8
0
100
AcDbLine
10
39652699.4507
20
39458551.3048
30
0.0000
11
39652689.7629
21
39458556.8383
31
0.0000
0
LINE
100
AcDbEntity
8
0
100
AcDbLine
10
39653267.4562
20
39457955.7803
30
0.0000
11
39653264.7458
21
39457956.9066
31
0.0000
0
LINE
100
AcDbEntity
8
0
100
AcDbLine
10
39652824.2150
20
39458318.6811
30
0.0000
11
39652818.1163
21
39458320.3764
31
0.0000
0
LINE
100
AcDbEntity
8
0
100
AcDbLine
10
39652818.2510
20
39458289.4703
30
0.0000
11
39652816.7860
21
39458292.0545
31
0.0000
0
LINE
100
AcDbEntity
8
0
100
AcDbLine
10
39653157.5516
20
39458201.5738
30
0.0000
11
39653150.4724
21
39458192.8766
31
0.0000
0
LINE
100
AcDbEntity
8
0
100
AcDbLine
10
39652605.9056
20
39458399.7735
30
0.0000
11
39652606.3147
21
39458409.2830
31
0.0000
0
LINE
100
AcDbEntity
8
0
100
AcDbLine
10
39652889.3972
20
39458199.6304
30
0.0000
11
39652889.0558
21
39458204.9584
31
0.0000
0
LINE
100
AcDbEntity
8
0
100
AcDbLine
10
39652575.5569
20
39458291.4401
30
0.0000
11
39652583.3525
21
39458290.2470
31
0.0000
0
LINE
100
AcDbEntity
8
0
100
AcDbLine
10
39652987.6673
20
39458401.2190
30
0.0000
11
39652979.7787
21
39458409.5565
31
0.0000
0
LINE
100
AcDbEntity
8
0
100
AcDbLine
10
39653016.7268
20
39458221.2220
30
0.0000
11
39653011.0804
21
39458212.0618
31
0.0000
0
LINE
100
AcDbEntity
8
0
100
AcDbLine
10
39653093.5682
20
39458622.4911
30
0.0000
11
39653090.2491
21
39458616.0231
31
0.0000
0
LINE
100
AcDbEntity
8
0
100
AcDbLine
10
39652783.6343
20
39457961.9358
30
0.0000
11
39652786.9727
21
39457962.0293
31
0.0000
0
LINE
100
AcDbEntity
8
0
100
AcDbLine
10
39653066.9097
20
39458496.4439
30
0.0000
11
39653064.0284
21
39458495.4792
31
0.0000
0
LINE
100
AcDbEntity
8
0
100
AcDbLine
10
39652965.5083
20
39458116.5247
30
0.0000
11
39652960.1796
21
39458123.6148
31
0.0000
0
LINE
100
AcDbEntity
8
0
100
AcDbLine
10
39652781.4177
20
39458011.9826
30
0.0000
11
39652791.1389
21
39458017.4161
31
0.0000
0
LINE
100
AcDbEntity
8
0
100
AcDbLine
10
39653206.8998
20
39457882.1219
30
0.0000
11
39653205.1603
21
39457873.6735
31
0.0000
0
LINE
100
AcDbEntity
8
0
100
AcDbLine
10
39652570.0467
20
39458502.9834
30
0.0000
11
39652574.8222
21
39458497.5470
31
0.0000
0
LINE
100
AcDbEntity
8
0
100
AcDbLine
10
39652677.9946
20
39458064.1119
30
0.0000
11
39652671.5654
21
39458070.9272
31
0.0000
0
LINE
100
AcDbEntity
8
0
100
AcDbLine
10
39652720.2921
20
39458487.3553
30
0.0000
11
39652714.5465
21
39458496.9087
31
0.0000
0
LINE
100
AcDbEntity
8
0
100
AcDbLine
10
39653294.9260
20
39458140.1942
30
0.0000
11
39653290.3704
21
39458135.6904
31
0.0000
0
LINE
100
AcDbEntity
8
0
100
AcDbLine
10
39652819.5028
20
39457956.1035
30
0.0000
11
39652825.2647
21
39457952.2129
31
0.0000
0
LINE
100
AcDbEntity
8
0
100
AcDbLine
10
39653190.0867
20
39458574.4450
30
0.0000
11
39653196.2575
21
39458580.8474
31
0.0000
0
LINE
100
AcDbEntity
8
0
100
AcDbLine
10
39652550.1938
20
39458312.3910
30
0.0000
11
39652552.9221
21
39458317.4479
31
0.0000
0
LINE
100
AcDbEntity
8
0
100
AcDbLine
10
39652832.4420
20
39457981.3799
30
0.0000
11
39652826.2495
21
39457974.0786
31
0.0000
0
LINE
100
AcDbEntity
8
0
100
AcDbLine
10
39653135.3584
20
39457960.6017
30
0.0000
11
39653126.2142
21
39457956.7304
31
0.0000
0
LINE
100
AcDbEntity
8
0
100
AcDbLine
10
39652997.8417
20
39457940.0165
30
0.0000
11
39652994.5919
21
39457931.3372
31
0.0000
0
LINE
100
AcDbEntity
8
0
100
AcDbLine
10
39653033.7813
20
39457945.4027
30
0.0000
11
39653024.5948
21
39457948.4066
31
0.0000
0
LINE
100
AcDbEntity
8
0
100
AcDbLine
10
39652589.3331
20
39457857.9371
30
0.0000
11
39652583.8858
21
39457861.5755
31
0.0000
0
LINE
100
AcDbEntity
8
0
100
AcDbLine
10
39653085.3505
20
39458440.8066
30
0.0000
11
39653082.5333
21
39458440.4042
31
0.0000
0
LINE
100
AcDbEntity
8
0
100
AcDbLine
10
39652707.4730
20
39458285.3506
30
0.0000
11
39652712.4709
21
39458282.7216
31
0.0000
0
LINE
100
AcDbEntity
8
0
100
AcDbLine
10
39652706.3698
20
39458089.2345
30
0.0000
11
39652710.0228
21
39458096.8335
31
0.0000
0
LINE
100
AcDbEntity
8
0
100
AcDbLine
10
39652570.6406
20
39458279.1555
30
0.0000
11
39652578.0584
21
39458288.9062
31
0.0000
0
LINE
100
AcDbEntity
8
0
100
AcDbLine
10
39653134.8720
20
39458590.5781
30
0.0000
11
39653129.3381
21
39458595.8395
31
0.0000
0
LINE
100
AcDbEntity
8
0
100
AcDbLine
10
39653285.3501
20
39458017.0022
30
0.0000
11
39653277.6134
21
39458008.9389
31
0.0000
0
LINE
100
AcDbEntity
8
0
100
AcDbLine
10
39653325.9304
20
39458541.2621
30
0.0000
11
39653328.0430
21
39458538.7029
31
0.0000
0
LINE
100
AcDbEntity
8
0
100
AcDbLine
10
39652666.5625
20
39457861.3558
30
0.0000
11
39652663.4881
21
39457856.0347
31
0.0000
0
LINE
100
AcDbEntity
8
0
100
AcDbLine
10
39652896.9722
20
39458123.3071
30
0.0000
11
39652888.2488
21
39458130.1923
31
0.0000
0
LINE
100
AcDbEntity
8
0
100
AcDbLine
10
39652707.9990
20
39457873.5580
30
0.0000
11
39652715.8046
21
39457868.7906
31
0.0000
0
LINE
100
AcDbEntity
8
0
100
AcDbLine
10
39653323.0905
20
39457843.3920
30
0.0000
11
39653332.1214
21
39457850.1652
31
0.0000
0
LINE
100
AcDbEntity
8
0
100
AcDbLine
10
39653302.4527
20
39458577.8901
30
0.0000
11
39653311.0872
21
39458583.4127
31
0.0000
0
LINE
100
AcDbEntity
8
0
100
AcDbLine
10
39652582.3568
20
39458521.9162
30
0.0000
11
39652583.6395
21
39458516.4196
31
0.0000
0
LINE
100
AcDbEntity
8
0
100
AcDbLine
10
39653012.1018
20
39458175.6354
30
0.0000
11
39653007.1461
21
39458177.1917
31
0.0000
0
LINE
100
AcDbEntity
8
0
100
AcDbLine
10
39653251.1338
20
39458532.0624
30
0.0000
11
39653246.6026
21
39458538.7962
31
0.0000
0
LINE
100
AcDbEntity
8
0
100
AcDbLine
10
39652888.8215
20
39458209.1417
30
0.0000
11
39652884.2092
21
39458203.2305
31
0.0000
0
LINE
100
AcDbEntity
8
0
100
AcDbLine
10
39652849.3876
20
39457888.8590
30
0.0000
11
39652858.8883
21
39457884.5290
31
0.0000
0
LINE
100
AcDbEntity
8
0
100
AcDbLine
10
39652944.4968
20
39458475.8836
30
0.0000
11
39652942.3059
21
39458476.4202
31
0.0000
0
LINE
100
AcDbEntity
8
0
100
AcDbLine
10
39653236.0003
20
39457988.2424
30
0.0000
11
39653242.9604
21
39457994.8477
31
0.0000
0
LINE
100
AcDbEntity
8
0
100
AcDbLine
10
39653271.3353
20
39457992.5251
30
0.0000
11
39653274.8991
21
39457990.6668
31
0.0000
0
LINE
100
AcDbEntity
8
0
100
AcDbLine
10
39653054.0825
20
39458596.1202
30
0.0000
11
39653052.6269
21
39458592.8288
31
0.0000
0
LINE
100
AcDbEntity
8
0
100
AcDbLine
10
39652612.1788
20
39458008.9825
30
0.0000
11
39652618.7685
21
39458007.3676
31
0.0000
0
LINE
100
AcDbEntity
8
0
100
AcDbLine
10
39652826.2861
20
39458487.4326
30
0.0000
11
39652836.0474
21
39458482.4974
31
0.0000
0
LINE
100
AcDbEntity
8
0
100
AcDbLine
10
39653180.8169
20
39458272.4862
30
0.0000
11
39653180.1433
21
39458275.1382
31
0.0000
0
LINE
100
AcDbEntity
8
0
100
AcDbLine
10
39652700.1161
20
39458135.2160
30
0.0000
11
39652694.9913
21
39458139.1784
31
0.0000
0
LINE
100
AcDbEntity
8
0
100
AcDbLine
10
39652532.2986
20
39458541.6437
30
0.0000
11
39652537.0848
21
39458540.7885
31
0.0000
0
LINE
100
AcDbEntity
8
0
100
AcDbLine
10
39653243.2437
20
39458049.6647
30
0.0000
11
39653240.3451
21
39458051.0985
31
0.0000
0
LINE
100
AcDbEntity
8
0
100
AcDbLine
10
39652883.2453
20
39458150.5020
30
0.0000
11
39652878.1195
21
39458151.5499
31
0.0000
0
LINE
100
AcDbEntity
8
0
100
AcDbLine
10
39652888.8187
20
39458367.1937
30
0.0000
11
39652883.8710
21
39458372.2375
31
0.0000
0
LINE
100
AcDbEntity
8
0
100
AcDbLine
10
39652682.1632
20
39458422.6099
30
0.0000
11
39652677.1219
21
39458428.5510
31
0.0000
0
LINE
100
AcDbEntity
8
0
100
AcDbLine
10
39653230.7818
20
39458089.5016
30
0.0000
11
39653226.2139
21
39458086.4301
31
0.0000
0
LINE
100
AcDbEntity
8
0
100
AcDbLine
10
39653229.7558
20
39458335.0808
30
0.0000
11
39653224.4470
21
39458331.5452
31
0.0000
0
LINE
100
AcDbEntity
8
0
100
AcDbLine
10
39652969.1772
20
39457972.6321
30
0.0000
11
39652961.1598
21
39457962.7170
31
0.0000
0
LINE
100
AcDbEntity
8
0
100
AcDbLine
10
39653149.2362
20
39458632.6549
30
0.0000
11
39653154.3136
21
39458634.8863
31
0.0000
0
LINE
100
AcDbEntity
8
0
100
AcDbLine
10
39652905.4653
20
39458266.0376
30
0.0000
11
39652896.1432
21
39458261.9471
31
0.0000
0
LINE
100
AcDbEntity
8
0
100
AcDbLine
10
39653106.6399
20
39458391.7621
30
0.0000
11
39653108.4364
21
39458394.7558
31
0.0000
0
LINE
100
AcDbEntity
8
0
100
AcDbLine
10
39652787.8348
20
39458501.6409
30
0.0000
11
39652789.0051
21
39458494.6285
31
0.0000
0
LINE
100
AcDbEntity
8
0
100
AcDbLine
10
39653181.1371
20
39458434.5840
30
0.0000
11
39653175.9098
21
39458427.6390
31
0.0000
0
LINE
100
AcDbEntity
8
0
100
AcDbLine
10
39652806.5154
20
39458532.8982
30
0.0000
11
39652801.0010
21
39458530.0303
31
0.0000
0
LINE
100
AcDbEntity
8
0
100
AcDbLine
10
39653285.3453
20
39457993.1168
30
0.0000
11
39653289.3397
21
39458000.0517
31
0.0000
0
LINE
100
AcDbEntity
8
0
100
AcDbLine
10
39652539.0906
20
39458423.8613
30
0.0000
11
39652546.0584
21
39458416.5342
31
0.0000
0
LINE
100
AcDbEntity
8
0
100
AcDbLine
10
39652635.6417
20
39458223.2336
30
0.0000
11
39652637.2271
21
39458229.5168
31
0.0000
0
LINE
100
AcDbEntity
8
0
100
AcDbLine
10
39652945.8096
20
39457988.2401
30
0.0000
11
39652936.2847
21
39457993.2360
31
0.0000
0
LINE
100
AcDbEntity
8
0
100
AcDbLine
10
39653072.4760
20
39458168.7469
30
0.0000
11
39653072.6003
21
39458176.7910
31
0.0000
0
LINE
100
AcDbEntity
8
0
100
AcDbLine
10
39652614.9003
20
39458378.4655
30
0.0000
11
39652623.7251
21
39458372.7973
31
0.0000
0
LINE
100
AcDbEntity
8
0
100
AcDbLine
10
39652630.6823
20
39458375.4712
30
0.0000
11
39652637.8983
21
39458369.3410
31
0.0000
0
LINE
100
AcDbEntity
8
0
100
AcDbLine
10
39652657.8815
20
39458524.7514
30
0.0000
11
39652658.3702
21
39458515.5466
31
0.0000
0
LINE
100
AcDbEntity
8
0
100
AcDbLine
10
39652559.7923
20
39458555.2856
30
0.0000
11
39652566.1031
21
39458556.0703
31
0.0000
0
LINE
100
AcDbEntity
8
0
100
AcDbLine
10
39652654.8757
20
39458424.1573
30
0.0000
11
39652662.4142
21
39458414.8315
31
0.0000
0
LINE
100
AcDbEntity
8
0
100
AcDbLine
10
39652994.3472
20
39458100.1960
30
0.0000
11
39652998.1227
21
39458093.2958
31
0.0000
0
LINE
100
AcDbEntity
8
0
100
AcDbLine
10
39652849.9212
20
39458079.6512
30
0.0000
11
39652840.7624
21
39458073.6200
31
0.0000
0
LINE
100
AcDbEntity
8
0
100
AcDbLine
10
39653274.2107
20
39457846.3977
30
0.0000
11
39653276.4242
21
39457841.9742
31
0.0000
0
LINE
100
AcDbEntity
8
0
100
AcDbLine
10
39652996.2848
20
39458489.1715
30
0.0000
11
39652987.7891
21
39458492.3517
31
0.0000
0
LINE
100
AcDbEntity
8
0
100
AcDbLine
10
39652914.8811
20
39458288.3380
30
0.0000
11
39652914.9160
21
39458296.1789
31
0.0000
0
LINE
100
AcDbEntity
8
0
100
AcDbLine
10
39652651.7747
20
39458284.6901
30
0.0000
11
39652650.3453
21
39458288.0400
31
0.0000
0
LINE
100
AcDbEntity
8
0
100
AcDbLine
10
39653227.8040
20
39458242.7787
30
0.0000
11
39653225.0813
21
39458242.8260
31
0.0000
0
LINE
100
AcDbEntity
8
0
100
AcDbLine
10
39652924.0521
20
39458021.2742
30
0.0000
11
39652927.0167
21
39458024.6232
31
0.0000
0
LINE
100
AcDbEntity
8
0
100
AcDbLine
10
39653190.6847
20
39457962.8586
30
0.0000
11
39653198.3604
21
39457972.6513
31
0.0000
0
LINE
100
AcDbEntity
8
0
100
AcDbLine
10
39653265.9445
20
39458516.1497
30
0.0000
11
39653263.6315
21
39458514.5662
31
0.0000
0
LINE
100
AcDbEntity
8
0
100
AcDbLine
10
39653167.8011
20
39457902.1559
30
0.0000
11
39653164.7835
21
39457902.4369
31
0.0000
0
LINE
100
AcDbEntity
8
0
100
AcDbLine
10
39652920.7579
20
39458037.7628
30
0.0000
11
39652925.0181
21
39458031.7122
31
0.0000
0
LINE
100
AcDbEntity
8
0
100
AcDbLine
10
39652880.3153
20
39457928.7506
30
0.0000
11
39652887.8541
21
39457928.4873
31
0.0000
0
LINE
100
AcDbEntity
8
0
100
AcDbLine
10
39653017.5893
20
39457944.8431
30
0.0000
11
39653023.0128
21
39457935.3840
31
0.0000
0
LINE
100
AcDbEntity
8
0
100
AcDbLine
10
39653226.5872
20
39458589.2875
30
0.0000
11
39653235.6812
21
39458591.3565
31
0.0000
0
LINE
100
AcDbEntity
8
0
100
AcDbLine
10
39652916.6392
20
39458375.4659
30
0.0000
11
39652920.7180
21
39458365.7358
31
0.0000
0
LINE
100
AcDbEntity
8
0
100
AcDbLine
10
39653152.4862
20
39458023.0379
30
0.0000
11
39653148.3623
21
39458031.8243
31
0.0000
0
LINE
100
AcDbEntity
8
0
100
AcDbLine
10
39652804.5241
20
39458386.1145
30
0.0000
11
39652813.0097
21
39458390.3545
31
0.0000
0
LINE
100
AcDbEntity
8
0
100
AcDbLine
10
39652771.7040
20
39458125.9630
30
0.0000
11
39652781.6163
21
39458118.1228
31
0.0000
0
LINE
100
AcDbEntity
8
0
100
AcDbLine
10
39652939.5891
20
39458140.7433
30
0.0000
11
39652943.2953
21
39458142.1117
31
0.0000
0
LINE
100
AcDbEntity
8
0
100
AcDbLine
10
39653136.0671
20
39458364.7757
30
0.0000
11
39653126.6662
21
39458364.4131
31
0.0000
0
LINE
100
AcDbEntity
8
0
100
AcDbLine
10
39652747.2201
20
39458349.8395
30
0.0000
11
39652756.5216
21
39458348.2647
31
0.0000
0
LINE
100
AcDbEntity
8
0
100
AcDbLine
10
39652655.8492
20
39458041.0033
30
0.0000
11
39652646.3720
21
39458040.5119
31
0.0000
0
LINE
100
AcDbEntity
8
0
100
AcDbLine
10
39652965.1567
20
39458559.4862
30
0.0000
11
39652968.4326
21
39458550.8085
31
0.0000
0
LINE
100
AcDbEntity
8
0
100
AcDbLine
10
39652970.0838
20
39458205.0503
30
0.0000
11
39652967.6135
21
39458212.8678
31
0.0000
0
LINE
100
AcDbEntity
8
0
100
AcDbLine
10
39652838.8046
20
39458290.4246
30
0.0000
11
39652831.0770
21
39458298.0772
31
0.0000
0
LINE
100
AcDbEntity
8
0
100
AcDbLine
10
39652666.8767
20
39458420.2604
30
0.0000
11
39652669.9230
21
39458416.7883
31
0.0000
0
LINE
100
AcDbEntity
8
0
100
AcDbLine
10
39652766.5478
20
39458627.1169
30
0.0000
11
39652774.5665
21
39458627.5956
31
0.0000
0
LINE
100
AcDbEntity
8
0
100
AcDbLine
10
39652853.7185
20
39457976.9794
30
0.0000
11
39652850.3684
21
39457979.9158
31
0.0000
0
LINE
100
AcDbEntity
8
0
100
AcDbLine
10
39652795.0614
20
39457856.8080
30
0.0000
11
39652785.0832
21
39457860.1806
31
0.0000
0
LINE
100
AcDbEntity
8
0
100
AcDbLine
10
39652977.7968
20
39458356.6176
30
0.0000
11
39652984.6854
21
39458356.9547
31
0.0000
0
LINE
100
AcDbEntity
8
0
100
AcDbLine
10
39652564.6241
20
39457958.5890
30
0.0000
11
39652559.1375
21
39457965.2930
31
0.0000
0
LINE
100
AcDbEntity
8
0
100
AcDbLine
10
39652896.3095
20
39458145.7120
30
0.0000
11
39652904.6613
21
39458155.6477
31
0.0000
0
LINE
100
AcDbEntity
8
0
100
AcDbLine
10
39652704.4304
20
39457942.4589
30
0.0000
11
39652714.0763
21
39457937.6391
31
0.0000
0
LINE
100
AcDbEntity
8
0
100
AcDbLine
10
39653196.7761
20
39457999.9894
30
0.0000
11
39653191.7667
21
39457994.0023
31
0.0000
0
LINE
100
AcDbEntity
8
0
100
AcDbLine
10
39652877.9037
20
39458038.3874
30
0.0000
11
39652874.8400
21
39458045.0218
31
0.0000
0
LINE
100
AcDbEntity
8
0
100
AcDbLine
10
39652967.3514
20
39458058.4283
30
0.0000
11
39652967.0392
21
39458048.7674
31
0.0000
0
LINE
100
AcDbEntity
8
0
100
AcDbLine
10
39652878.0079
20
39457935.3777
30
0.0000
11
39652876.9714
21
39457927.4427
31
0.0000
0
LINE
100
AcDbEntity
8
0
100
AcDbLine
10
39653017.1372
20
39458207.3217
30
0.0000
11
39653017.2157
21
39458215.1601
31
0.0000
0
LINE
100
AcDbEntity
8
0
100
AcDbLine
10
39652772.5608
20
39457870.5283
30
0.0000
11
39652765.8724
21
39457867.4535
31
0.0000
0
LINE
100
AcDbEntity
8
0
100
AcDbLine
10
39652546.4952
20
39457994.3396
30
0.0000
11
39652537.1155
21
39457997.8421
31
0.0000
0
LINE
100
AcDbEntity
8
0
100
AcDbLine
10
39652899.5462
20
39458568.0962
30
0.0000
11
39652892.3126
21
39458571.7574
31
0.0000
0
LINE
100
AcDbEntity
8
0
100
AcDbLine
10
39652867.3592
20
39458592.5915
30
0.0000
11
39652868.2728
21
39458593.1460
31
0.0000
0
LINE
100
AcDbEntity
8
0
100
AcDbLine
10
39652912.4262
20
39458428.5589
30
0.0000
11
39652904.1867
21
39458424.0607
31
0.0000
0
LINE
100
AcDbEntity
8
0
100
AcDbLine
10
39652973.5480
20
39458014.6887
30
0.0000
11
39652973.8198
21
39458022.5523
31
0.0000
0
LINE
100
AcDbEntity
8
0
100
AcDbLine
10
39653075.4540
20
39458367.6773
30
0.0000
11
39653074.5227
21
39458369.1747
31
0.0000
0
LINE
100
AcDbEntity
8
0
100
AcDbLine
10
39652961.0774
20
39457976.8071
30
0.0000
11
39652969.6196
21
39457977.4157
31
0.0000
0
LINE
100
AcDbEntity
8
0
100
AcDbLine
10
39653008.9865
20
39458305.5579
30
0.0000
11
39653005.7392
21
39458308.3666
31
0.0000
0
LINE
100
AcDbEntity
8
0
100
AcDbLine
10
39653298.4731
20
39458412.7495
30
0.0000
11
39653291.6485
21
39458414.9418
31
0.0000
0
LINE
100
AcDbEntity
8
0
100
AcDbLine
10
39652684.7964
20
39458105.7154
30
0.0000
11
39652690.1536
21
39458105.9619
31
0.0000
0
LINE
100
AcDbEntity
8
0
100
AcDbLine
10
39653147.0832
20
39458038.0081
30
0.0000
11
39653139.6293
21
39458045.4134
31
0.0000
0
LINE
100
AcDbEntity
8
0
100
AcDbLine
10
39653271.3849
20
39458164.1352
30
0.0000
11
39653266.7398
21
39458167.1953
31
0.0000
0
LINE
100
AcDbEntity
8
0
100
AcDbLine
10
39652531.3902
20
39458563.8272
30
0.0000
11
39652536.9139
21
39458570.6675
31
0.0000
0
LINE
100
AcDbEntity
8
0
100
AcDbLine
10
39653029.2944
20
39458048.3359
30
0.0000
11
39653034.1360
21
39458047.3124
31
0.0000
0
LINE
100
AcDbEntity
8
0
100
AcDbLine
10
39652759.3243
20
39458161.2653
30
0.0000
11
39652766.6163
21
39458153.8215
31
0.0000
0
LINE
100
AcDbEntity
8
0
100
AcDbLine
10
39652656.4206
20
39457986.4319
30
0.0000
11
39652659.9025
21
39457991.9215
31
0.0000
0
LINE
100
AcDbEntity
8
0
100
AcDbLine
10
39652692.5752
20
39458175.2581
30
0.0000
11
39652683.9951
21
39458180.2499
31
0.0000
0
LINE
100
AcDbEntity
8
0
100
AcDbLine
10
39653283.3255
20
39458406.1956
30
0.0000
11
39653286.0295
21
39458408.5950
31
0.0000
0
LINE
100
AcDbEntity
8
0
100
AcDbLine
10
39652866.9049
20
39458288.6806
30
0.0000
11
39652865.0866
21
39458289.8108
31
0.0000
0
LINE
100
AcDbEntity
8
0
100
AcDbLine
10
39652718.5493
20
39458324.1202
30
0.0000
11
39652710.6951
21
39458329.7209
31
0.0000
0
LINE
100
AcDbEntity
8
0
100
AcDbLine
10
39653062.4601
20
39458536.4099
30
0.0000
11
39653071.5875
21
39458540.3225
31
0.0000
0
LINE
100
AcDbEntity
8
0
100
AcDbLine
10
39652743.9234
20
39458184.4823
30
0.0000
11
39652746.2728
21
39458186.6045
31
0.0000
0
LINE
100
AcDbEntity
8
0
100
AcDbLine
10
39652924.0851
20
39458569.3875
30
0.0000
11
39652931.9876
21
39458562.2902
31
0.0000
0
LINE
100
AcDbEntity
8
0
100
AcDbLine
10
39652659.8827
20
39458348.4040
30
0.0000
11
39652653.5894
21
39458354.8198
31
0.0000
0
LINE
100
AcDbEntity
8
0
100
AcDbLine
10
39653231.6335
20
39458168.6817
30
0.0000
11
39653238.9528
21
39458164.8823
31
0.0000
0
LINE
100
AcDbEntity
8
0
100
AcDbLine
10
39653080.7781
20
39458032.9155
30
0.0000
11
39653072.4331
21
39458030.8113
31
0.0000
0
LINE
100
AcDbEntity
8
0
100
AcDbLine
10
39653020.2814
20
39458209.5504
30
0.0000
11
39653022.9579
21
39458213.1570
31
0.0000
0
LINE
100
AcDbEntity
8
0
100
AcDbLine
10
39653180.1890
20
39457900.0179
30
0.0000
11
39653188.3110
21
39457899.7454
31
0.0000
0
LINE
100
AcDbEntity
8
0
100
AcDbLine
10
39652950.8398
20
39458075.5035
30
0.0000
11
39652942.1693
21
39458076.5393
31
0.0000
0
LINE
100
AcDbEntity
8
0
100
AcDbLine
10
39652586.2357
20
39458295.7455
30
0.0000
11
39652595.4569
21
39458294.6119
31
0.0000
0
LINE
100
AcDbEntity
8
0
100
AcDbLine
10
39652930.0667
20
39458322.3652
30
0.0000
11
39652928.5777
21
39458328.5468
31
0.0000
0
LINE
100
AcDbEntity
8
0
100
AcDbLine
10
39653126.8923
20
39457939.2282
30
0.0000
11
39653136.0894
21
39457946.5757
31
0.0000
0
LINE
100
AcDbEntity
8
0
100
AcDbLine
10
39652780.9800
20
39458192.3368
30
0.0000
11
39652790.3814
21
39458197.7671
31
0.0000
0
LINE
100
AcDbEntity
8
0
100
AcDbLine
10
39653225.2988
20
39457861.7541
30
0.0000
11
39653215.9194
21
39457866.5783
31
0.0000
0
LINE
100
AcDbEntity
8
0
100
AcDbLine
10
39652763.1699
20
39458378.0589
30
0.0000
11
39652770.6185
21
39458370.0835
31
0.0000
0
LINE
100
AcDbEntity
8
0
100
AcDbLine
10
39652545.0734
20
39458595.8321
30
0.0000
11
39652535.9081
21
39458598.1893
31
0.0000
0
LINE
100
AcDbEntity
8
0
100
AcDbLine
10
39653143.1112
20
39458636.6742
30
0.0000
11
39653142.0503
21
39458642.1523
31
0.0000
0
LINE
100
AcDbEntity
8
0
100
AcDbLine
10
39653285.6258
20
39458614.2543
30
0.0000
11
39653280.2748
21
39458621.7083
31
0.0000
0
LINE
100
AcDbEntity
8
0
100
AcDbLine
10
39652814.4762
20
39458253.8898
30
0.0000
11
39652818.2934
21
39458246.1290
31
0.0000
0
LINE
100
AcDbEntity
8
0
100
AcDbLine
10
39652527.4690
20
39458019.1583
30
0.0000
11
39652520.7546
21
39458009.5159
31
0.0000
0
LINE
100
AcDbEntity
8
0
100
AcDbLine
10
39652568.4468
20
39458558.0397
30
0.0000
11
39652561.2032
21
39458565.6450
31
0.0000
0
LINE
100
AcDbEntity
8
0
100
AcDbLine
10
39652827.5320
20
39457881.0903
30
0.0000
11
39652837.1062
21
39457872.6756
31
0.0000
0
LINE
100
AcDbEntity
8
0
100
AcDbLine
10
39652614.0272
20
39457884.1475
30
0.0000
11
39652604.5065
21
39457883.0339
31
0.0000
0
LINE
100
AcDbEntity
8
0
100
AcDbLine
10
39652664.4722
20
39458428.0667
30
0.0000
11
39652673.8699
21
39458418.7855
31
0.0000
0
LINE
100
AcDbEntity
8
0
100
AcDbLine
10
39653148.3564
20
39458187.9885
30
0.0000
11
39653153.6841
21
39458197.8085
31
0.0000
0
LINE
100
AcDbEntity
8
0
100
AcDbLine
10
39652733.9883
20
39458484.6376
30
0.0000
11
39652733.3754
21
39458481.0796
31
0.0000
0
LINE
100
AcDbEntity
8
0
100
AcDbLine
10
39653177.0206
20
39458510.1527
30
0.0000
11
39653182.1038
21
39458516.3868
31
0.0000
0
LINE
100
AcDbEntity
8
0
100
AcDbLine
10
39653294.1323
20
39458560.9484
30
0.0000
11
39653284.9994
21
39458558.7794
31
0.0000
0
LINE
100
AcDbEntity
8
0
100
AcDbLine
10
39653184.3659
20
39458490.1070
30
0.0000
11
39653183.4032
21
39458493.0693
31
0.0000
0
LINE
100
AcDbEntity
8
0
100
AcDbLine
10
39652960.6222
20
39457991.8029
30
0.0000
11
39652950.6735
21
39457988.6956
31
0.0000
0
LINE
100
AcDbEntity
8
0
100
AcDbLine
10
39652853.8105
20
39458330.2576
30
0.0000
11
39652860.1224
21
39458322.2648
31
0.0000
0
LINE
100
AcDbEntity
8
0
100
AcDbLine
10
39652952.1548
20
39458125.7257
30
0.0000
11
39652946.6422
21
39458128.0794
31
0.0000
0
LINE
100
AcDbEntity
8
0
100
AcDbLine
10
39652638.1574
20
39458410.0128
30
0.0000
11
39652628.5870
21
39458401.9673
31
0.0000
0
LINE
100
AcDbEntity
8
0
100
AcDbLine
10
39653185.7176
20
39457964.0243
30
0.0000
11
39653181.4702
21
39457968.7244
31
0.0000
0
LINE
100
AcDbEntity
8
0
100
AcDbLine
10
39652779.9070
20
39458549.8454
30
0.0000
11
39652780.0408
21
39458548.4829
31
0.0000
0
LINE
100
AcDbEntity
8
0
100
AcDbLine
10
39653021.9016
20
39458249.8522
30
0.0000
11
39653030.3011
21
39458242.3181
31
0.0000
0
LINE
100
AcDbEntity
8
0
100
AcDbLine
10
39652981.5693
20
39458525.3549
30
0.0000
11
39652978.0286
21
39458522.4057
31
0.0000
0
LINE
100
AcDbEntity
8
0
100
AcDbLine
10
39652660.2141
20
39458007.2710
30
0.0000
11
39652665.3642
21
39458017.0430
31
0.0000
0
LINE
100
AcDbEntity
8
0
100
AcDbLine
10
39652725.9767
20
39458231.3306
30
0.0000
11
39652732.0291
21
39458225.8448
31
0.0000
0
LINE
100
AcDbEntity
8
0
100
AcDbLine
10
39652784.3908
20
39457930.3129
30
0.0000
11
39652782.7331
21
39457925.4289
31
0.0000
0
LINE
100
AcDbEntity
8
0
100
AcDbLine
10
39653046.5963
20
39458295.8135
30
0.0000
11
39653047.3375
21
39458290.9009
31
0.0000
0
LINE
100
AcDbEntity
8
0
100
AcDbLine
10
39653257.7082
20
39458622.0435
30
0.0000
11
39653265.3331
21
39458623.4538
31
0.0000
0
LINE
100
AcDbEntity
8
0
100
AcDbLine
10
39652547.8423
20
39457944.1591
30
0.0000
11
39652551.1985
21
39457939.3923
31
0.0000
0
LINE
100
AcDbEntity
8
0
100
AcDbLine
10
39653268.2966
20
39458483.6238
30
0.0000
11
39653262.1990
21
39458480.8959
31
0.0000
0
LINE
100
AcDbEntity
8
0
100
AcDbLine
10
39652875.3891
20
39458113.1000
30
0.0000
11
39652875.1894
21
39458113.8324
31
0.0000
0
LINE
100
AcDbEntity
8
0
100
AcDbLine
10
39652924.4522
20
39458453.3734
30
0.0000
11
39652923.9833
21
39458462.9351
31
0.0000
0
LINE
100
AcDbEntity
8
0
100
AcDbLine
10
39652836.4829
20
39458614.8080
30
0.0000
11
39652833.8521
21
39458619.6555
31
0.0000
0
LINE
100
AcDbEntity
8
0
100
AcDbLine
10
39653099.9497
20
39458395.8323
30
0.0000
11
39653094.7136
21
39458403.0043
31
0.0000
0
LINE
100
AcDbEntity
8
0
100
AcDbLine
10
39652770.2550
20
39458150.9570
30
0.0000
11
39652779.5766
21
39458158.6935
31
0.0000
0
LINE
100
AcDbEntity
8
0
100
AcDbLine
10
39652729.3548
20
39457940.8238
30
0.0000
11
39652719.8004
21
39457946.8912
31
0.0000
0
LINE
100
AcDbEntity
8
0
100
AcDbLine
10
39653168.0337
20
39457976.7854
30
0.0000
11
39653173.7338
21
39457973.9027
31
0.0000
0
LINE
100
AcDbEntity
8
0
100
AcDbLine
10
39653153.3368
20
39458572.5170
30
0.0000
11
39653150.2954
21
39458568.0897
31
0.0000
0
LINE
100
AcDbEntity
8
0
100
AcDbLine
10
39653143.6573
20
39458015.1586
30
0.0000
11
39653134.0579
21
39458005.3402
31
0.0000
0
LINE
100
AcDbEntity
8
0
100
AcDbLine
10
39652713.9809
20
39458168.4890
30
0.0000
11
39652723.3986
21
39458174.4018
31
0.0000
0
LINE
100
AcDbEntity
8
0
100
AcDbLine
10
39652753.7862
20
39458220.6311
30
0.0000
11
39652758.2794
21
39458217.3906
31
0.0000
0
LINE
100
AcDbEntity
8
0
100
AcDbLine
10
39653200.1010
20
39457988.7878
30
0.0000
11
39653199.2169
21
39457985.7887
31
0.0000
0
LINE
100
AcDbEntity
8
0
100
AcDbLine
10
39652768.2156
20
39457993.5097
30
0.0000
11
39652764.0081
21
39457997.2422
31
0.0000
0
LINE
100
AcDbEntity
8
0
100
AcDbLine
10
39652542.5518
20
39458114.9944
30
0.0000
11
39652533.7712
21
39458123.4727
31
0.0000
0
LINE
100
AcDbEntity
8
0
100
AcDbLine
10
39652690.1881
20
39458443.9157
30
0.0000
11
39652684.8658
21
39458444.6141
31
0.0000
0
LINE
100
AcDbEntity
8
0
100
AcDbLine
10
39652559.5417
20
39458139.2857
30
0.0000
11
39652568.2546
21
39458130.2885
31
0.0000
0
LINE
100
AcDbEntity
8
0
100
AcDbLine
10
39652626.7059
20
39457905.8470
30
0.0000
11
39652622.8689
21
39457912.7323
31
0.0000
0
LINE
100
AcDbEntity
8
0
100
AcDbLine
10
39652951.9449
20
39458303.4967
30
0.0000
11
39652954.5402
21
39458302.2852
31
0.0000
0
LINE
100
AcDbEntity
8
0
100
AcDbLine
10
39652608.8435
20
39458301.2413
30
0.0000
11
39652617.0615
21
39458300.5564
31
0.0000
0
LINE
100
AcDbEntity
8
0
100
AcDbLine
10
39653148.6143
20
39457888.1832
30
0.0000
11
39653156.9389
21
39457891.5774
31
0.0000
0
LINE
100
AcDbEntity
8
0
100
AcDbLine
10
39652562.0602
20
39458354.0381
30
0.0000
11
39652568.3981
21
39458356.2565
31
0.0000
0
LINE
100
AcDbEntity
8
0
100
AcDbLine
10
39653201.6938
20
39458051.6840
30
0.0000
11
39653210.2068
21
39458060.4468
31
0.0000
0
LINE
100
AcDbEntity
8
0
100
AcDbLine
10
39652926.5126
20
39458454.2413
30
0.0000
11
39652920.8763
21
39458451.9391
31
0.0000
0
LINE
100
AcDbEntity
8
0
100
AcDbLine
10
39652931.9308
20
39457919.1838
30
0.0000
11
39652933.8038
21
39457926.6941
31
0.0000
0
LINE
100
AcDbEntity
8
0
100
AcDbLine
10
39652727.3670
20
39457971.9818
30
0.0000
11
39652718.9199
21
39457969.6243
31
0.0000
0
LINE
100
AcDbEntity
8
0
100
AcDbLine
10
39653323.9886
20
39458321.7755
30
0.0000
11
39653322.4009
21
39458320.2403
31
0.0000
0
LINE
100
AcDbEntity
8
0
100
AcDbLine
10
39653095.1119
20
39458621.5801
30
0.0000
11
39653101.0114
21
39458618.4719
31
0.0000
0
LINE
100
AcDbEntity
8
0
100
AcDbLine
10
39652971.7591
20
39457985.5225
30
0.0000
11
39652972.6377
21
39457990.9783
31
0.0000
0
LINE
100
AcDbEntity
8
0
100
AcDbLine
10
39652635.8708
20
39457875.6084
30
0.0000
11
39652629.5750
21
39457883.2583
31
0.0000
0
LINE
100
AcDbEntity
8
0
100
AcDbLine
10
39653173.6753
20
39458170.5216
30
0.0000
11
39653166.1312
21
39458167.8746
31
0.0000
0
LINE
100
AcDbEntity
8
0
100
AcDbLine
10
39653051.7142
20
39458028.9536
30
0.0000
11
39653057.1095
21
39458024.1029
31
0.0000
0
LINE
100
AcDbEntity
8
0
100
AcDbLine
10
39653278.0236
20
39458159.9653
30
0.0000
11
39653268.7326
21
39458169.3205
31
0.0000
0
LINE
100
AcDbEntity
8
0
100
AcDbLine
10
39652610.9725
20
39458112.8793
30
0.0000
11
39652608.5707
21
39458107.4445
31
0.0000
0
LINE
100
AcDbEntity
8
0
100
AcDbLine
10
39653078.2565
20
39458399.2041
30
0.0000
11
39653086.0356
21
39458404.7342
31
0.0000
0
LINE
100
AcDbEntity
8
0
100
AcDbLine
10
39653068.5484
20
39458259.0888
30
0.0000
11
39653060.0046
21
39458268.2684
31
0.0000
0
LINE
100
AcDbEntity
8
0
100
AcDbLine
10
39652658.3049
20
39458484.8096
30
0.0000
11
39652655.1344
21
39458487.4119
31
0.0000
0
LINE
100
AcDbEntity
8
0
100
AcDbLine
10
39652836.2293
20
39458113.7872
30
0.0000
11
39652833.4302
21
39458123.5822
31
0.0000
0
LINE
100
AcDbEntity
8
0
100
AcDbLine
10
39652887.8909
20
39458003.6361
30
0.0000
11
39652892.6308
21
39457998.6295
31
0.0000
0
LINE
100
AcDbEntity
8
0
100
AcDbLine
10
39652802.9999
20
39458101.7441
30
0.0000
11
39652807.9721
21
39458097.1430
31
0.0000
0
LINE
100
AcDbEntity
8
0
100
AcDbLine
10
39652567.8398
20
39458621.8840
30
0.0000
11
39652558.8929
21
39458622.9944
31
0.0000
0
LINE
100
AcDbEntity
8
0
100
AcDbLine
10
39653205.3546
20
39457940.3560
30
0.0000
11
39653207.2436
21
39457935.4337
31
0.0000
0
LINE
100
AcDbEntity
8
0
100
AcDbLine
10
39652625.3933
20
39458624.1617
30
0.0000
11
39652618.5623
21
39458615.0467
31
0.0000
0
LINE
100
AcDbEntity
8
0
100
AcDbLine
10
39652747.6101
20
39458003.7089
30
0.0000
11
39652742.9790
21
39457994.8896
31
0.0000
0
LINE
100
AcDbEntity
8
0
100
AcDbLine
10
39652959.5213
20
39458302.5483
30
0.0000
11
39652957.3120
21
39458297.1110
31
0.0000
0
LINE
100
AcDbEntity
8
0
100
AcDbLine
10
39653172.2179
20
39457936.6408
30
0.0000
11
39653174.9171
21
39457940.3750
31
0.0000
0
LINE
100
AcDbEntity
8
0
100
AcDbLine
10
39653136.2350
20
39458595.6564
30
0.0000
11
39653134.8545
21
39458588.3977
31
0.0000
0
LINE
100
AcDbEntity
8
0
100
AcDbLine
10
39653280.0768
20
39458118.8041
30
0.0000
11
39653286.9335
21
39458114.9095
31
0.0000
0
LINE
100
AcDbEntity
8
0
100
AcDbLine
10
39652933.8988
20
39458577.6938
30
0.0000
11
39652934.1993
21
39458585.3551
31
0.0000
0
LINE
100
AcDbEntity
8
0
100
AcDbLine
10
39653200.8452
20
39458378.7282
30
0.0000
11
39653199.4235
21
39458380.6450
31
0.0000
0
LINE
100
AcDbEntity
8
0
100
AcDbLine
10
39652738.5434
20
39458197.5269
30
0.0000
11
39652747.1609
21
39458193.2702
31
0.0000
0
LINE
100
AcDbEntity
8
0
100
AcDbLine
10
39652913.2540
20
39457957.8818
30
0.0000
11
39652917.9352
21
39457951.0921
31
0.0000
0
LINE
100
AcDbEntity
8
0
100
AcDbLine
10
39652989.1778
20
39458267.7427
30
0.0000
11
39652996.1165
21
39458269.1211
31
0.0000
0
LINE
100
AcDbEntity
8
0
100
AcDbLine
10
39653015.4186
20
39458324.7357
30
0.0000
11
39653018.0520
21
39458334.5963
31
0.0000
0
LINE
100
AcDbEntity
8
0
100
AcDbLine
10
39652673.1022
20
39458503.7113
30
0.0000
11
39652672.0138
21
39458495.6777
31
0.0000
0
LINE
100
AcDbEntity
8
0
100
AcDbLine
10
39652945.1519
20
39458438.8251
30
0.0000
11
39652946.5253
21
39458429.0651
31
0.0000
0
LINE
100
AcDbEntity
8
0
100
AcDbLine
10
39653271.2202
20
39458412.6487
30
0.0000
11
39653268.6289
21
39458406.8541
31
0.0000
0
LINE
100
AcDbEntity
8
0
100
AcDbLine
10
39653050.2764
20
39458464.8123
30
0.0000
11
39653058.6579
21
39458467.9442
31
0.0000
0
LINE
100
AcDbEntity
8
0
100
AcDbLine
10
39652953.3514
20
39458632.6788
30
0.0000
11
39652953.0743
21
39458624.3094
31
0.0000
0
LINE
100
AcDbEntity
8
0
100
AcDbLine
10
39653308.9371
20
39458336.5488
30
0.0000
11
39653311.9362
21
39458337.4445
31
0.0000
0
LINE
100
AcDbEntity
8
0
100
AcDbLine
10
39652623.5439
20
39457921.8966
30
0.0000
11
39652632.5561
21
39457925.3000
31
0.0000
0
LINE
100
AcDbEntity
8
0
100
AcDbLine
10
39652699.9134
20
39458371.1382
30
0.0000
11
39652695.9133
21
39458365.0180
31
0.0000
0
LINE
100
AcDbEntity
8
0
100
AcDbLine
10
39653015.3871
20
39458597.4299
30
0.0000
11
39653017.3825
21
39458601.7805
31
0.0000
0
LINE
100
AcDbEntity
8
0
100
AcDbLine
10
39653222.9322
20
39457932.9985
30
0.0000
11
39653218.3418
21
39457939.0847
31
0.0000
0
LINE
100
AcDbEntity
8
0
100
AcDbLine
10
39653237.3234
20
39458024.5025
30
0.0000
11
39653240.2213
21
39458030.7556
31
0.0000
0
LINE
100
AcDbEntity
8
0
100
AcDbLine
10
39652568.9803
20
39458547.9248
30
0.0000
11
39652567.5565
21
39458540.0096
31
0.0000
0
LINE
100
AcDbEntity
8
0
100
AcDbLine
10
39653167.9617
20
39458155.4963
30
0.0000
11
39653171.6075
21
39458155.8817
31
0.0000
0
LINE
100
AcDbEntity
8
0
100
AcDbLine
10
39652640.6164
20
39457867.1514
30
0.0000
11
39652631.1074
21
39457862.3283
31
0.0000
0
LINE
100
AcDbEntity
8
0
100
AcDbLine
10
39653301.3892
20
39457919.0139
30
0.0000
11
39653291.7017
21
39457920.3183
31
0.0000
0
LINE
100
AcDbEntity
8
0
100
AcDbLine
10
39652722.2843
20
39458481.4148
30
0.0000
11
39652730.6422
21
39458488.2246
31
0.0000
0
LINE
100
AcDbEntity
8
0
100
AcDbLine
10
39652842.4841
20
39458058.9410
30
0.0000
11
39652838.2972
21
39458050.8296
31
0.0000
0
LINE
100
AcDbEntity
8
0
100
AcDbLine
10
39652900.6248
20
39457985.0157
30
0.0000
11
39652893.0397
21
39457992.2561
31
0.0000
0
LINE
100
AcDbEntity
8
0
100
AcDbLine
10
39653252.2281
20
39458423.5092
30
0.0000
11
39653251.0784
21
39458433.1363
31
0.0000
0
LINE
100
AcDbEntity
8
0
100
AcDbLine
10
39652534.7887
20
39457889.8820
30
0.0000
11
39652537.7917
21
39457897.3317
31
0.0000
0
LINE
100
AcDbEntity
8
0
100
AcDbLine
10
39652843.0190
20
39458104.3583
30
0.0000
11
39652852.1283
21
39458098.5167
31
0.0000
0
LINE
100
AcDbEntity
8
0
100
AcDbLine
10
39652576.7490
20
39458589.6310
30
0.0000
11
39652580.6368
21
39458581.9373
31
0.0000
0
LINE
100
AcDbEntity
8
0
100
AcDbLine
10
39653223.9832
20
39458425.5985
30
0.0000
11
39653222.6864
21
39458421.6587
31
0.0000
0
LINE
100
AcDbEntity
8
0
100
AcDbLine
10
39652941.6133
20
39457973.6318
30
0.0000
11
39652933.4424
21
39457978.6130
31
0.0000
0
LINE
100
AcDbEntity
8
0
100
AcDbLine
10
39652796.2878
20
39458382.8735
30
0.0000
11
39652796.1566
21
39458389.7611
31
0.0000
0
LINE
100
AcDbEntity
8
0
100
AcDbLine
10
39652927.9367
20
39458491.0681
30
0.0000
11
39652920.3382
21
39458483.6793
31
0.0000
0
LINE
100
AcDbEntity
8
0
100
AcDbLine
10
39652898.4537
20
39458532.4227
30
0.0000
11
39652907.3648
21
39458522.8853
31
0.0000
0
LINE
100
AcDbEntity
8
0
100
AcDbLine
10
39653088.0339
20
39457865.0004
30
0.0000
11
39653090.0984
21
39457858.2139
31
0.0000
0
LINE
100
AcDbEntity
8
0
100
AcDbLine
10
39652601.6678
20
39458130.1436
30
0.0000
11
39652598.0668
21
39458125.5568
31
0.0000
0
LINE
100
AcDbEntity
8
0
100
AcDbLine
10
39652948.2919
20
39457856.4290
30
0.0000
11
39652944.7749
21
39457860.2779
31
0.0000
0
LINE
100
AcDbEntity
8
0
100
AcDbLine
10
39652955.0953
20
39458320.6543
30
0.0000
11
39652958.7063
21
39458329.6167
31
0.0000
0
LINE
100
AcDbEntity
8
0
100
AcDbLine
10
39652579.4826
20
39458278.3557
30
0.0000
11
39652584.5799
21
39458268.3929
31
0.0000
0
LINE
100
AcDbEntity
8
0
100
AcDbLine
10
39653081.1927
20
39458576.3564
30
0.0000
11
39653086.4224
21
39458568.3235
31
0.0000
0
LINE
100
AcDbEntity
8
0
100
AcDbLine
10
39653217.0749
20
39457859.8470
30
0.0000
11
39653209.0191
21
39457856.2670
31
0.0000
0
LINE
100
AcDbEntity
8
0
100
AcDbLine
10
39653321.0198
20
39458386.4969
30
0.0000
11
39653319.3076
21
39458381.7043
31
0.0000
0
LINE
100
AcDbEntity
8
0
100
AcDbLine
10
39652931.5477
20
39457960.0964
30
0.0000
11
39652934.2739
21
39457958.7718
31
0.0000
0
LINE
100
AcDbEntity
8
0
100
AcDbLine
10
39652629.5525
20
39458596.2312
30
0.0000
11
39652626.9157
21
39458593.1568
31
0.0000
0
LINE
100
AcDbEntity
8
0
100
AcDbLine
10
39652548.7022
20
39457932.4867
30
0.0000
11
39652546.8347
21
39457929.1689
31
0.0000
0
LINE
100
AcDbEntity
8
0
100
AcDbLine
10
39653020.9953
20
39458395.6853
30
0.0000
11
39653017.0194
21
39458397.3003
31
0.0000
0
LINE
100
AcDbEntity
8
0
100
AcDbLine
10
39652619.9740
20
39458138.6528
30
0.0000
11
39652613.3834
21
39458147.5860
31
0.0000
0
LINE
100
AcDbEntity
8
0
100
AcDbLine
10
39652664.0934
20
39458359.0184
30
0.0000
11
39652658.6183
21
39458359.0779
31
0.0000
0
LINE
100
AcDbEntity
8
0
100
AcDbLine
10
39652642.7465
20
39458612.5440
30
0.0000
11
39652646.9267
21
39458620.7441
31
0.0000
0
LINE
100
AcDbEntity
8
0
100
AcDbLine
10
39653227.4460
20
39458333.4856
30
0.0000
11
39653221.1963
21
39458324.1075
31
0.0000
0
LINE
100
AcDbEntity
8
0
100
AcDbLine
10
39652530.6623
20
39458174.4864
30
0.0000
11
39652529.1781
21
39458172.9338
31
0.0000
0
LINE
100
AcDbEntity
8
0
100
AcDbLine
10
39652674.8178
20
39458178.4999
30
0.0000
11
39652670.2302
21
39458180.2839
31
0.0000
0
LINE
100
AcDbEntity
8
0
100
AcDbLine
10
39653133.9368
20
39457995.2457
30
0.0000
11
39653129.1916
21
39457988.2416
31
0.0000
0
LINE
100
AcDbEntity
8
0
100
AcDbLine
10
39653110.4525
20
39458154.6953
30
0.0000
11
39653118.9468
21
39458150.6297
31
0.0000
0
LINE
100
AcDbEntity
8
0
100
AcDbLine
10
39652609.6698
20
39458410.0897
30
0.0000
11
39652618.2440
21
39458404.0269
31
0.0000
0
LINE
100
AcDbEntity
8
0
100
AcDbLine
10
39653274.3844
20
39458162.9886
30
0.0000
11
39653276.3308
21
39458157.3977
31
0.0000
0
LINE
100
AcDbEntity
8
0
100
AcDbLine
10
39653042.1584
20
39458582.8503
30
0.0000
11
39653040.9676
21
39458575.6484
31
0.0000
0
LINE
100
AcDbEntity
8
0
100
AcDbLine
10
39652887.7516
20
39458233.6428
30
0.0000
11
39652891.3831
21
39458237.4215
31
0.0000
0
LINE
100
AcDbEntity
8
0
100
AcDbLine
10
39653313.2097
20
39458219.9867
30
0.0000
11
39653322.7334
21
39458212.4404
31
0.0000
0
LINE
100
AcDbEntity
8
0
100
AcDbLine
10
39652848.1081
20
39457865.3288
30
0.0000
11
39652853.6280
21
39457868.7179
31
0.0000
0
LINE
100
AcDbEntity
8
0
100
AcDbLine
10
39653022.4528
20
39458134.6473
30
0.0000
11
39653013.2838
21
39458124.9399
31
0.0000
0
LINE
100
AcDbEntity
8
0
100
AcDbLine
10
39652874.7365
20
39458214.1882
30
0.0000
11
39652869.8715
21
39458208.3381
31
0.0000
0
LINE
100
AcDbEntity
8
0
100
AcDbLine
10
39653057.6518
20
39458060.7326
30
0.0000
11
39653066.6152
21
39458063.3626
31
0.0000
0
LINE
100
AcDbEntity
8
0
100
AcDbLine
10
39653003.9602
20
39458332.8959
30
0.0000
11
39652997.2088
21
39458341.4690
31
0.0000
0
LINE
100
AcDbEntity
8
0
100
AcDbLine
10
39652815.0178
20
39458116.9575
30
0.0000
11
39652817.1111
21
39458107.3299
31
0.0000
0
LINE
100
AcDbEntity
8
0
100
AcDbLine
10
39652534.4564
20
39458259.7224
30
0.0000
11
39652532.2823
21
39458261.7855
31
0.0000
0
LINE
100
AcDbEntity
8
0
100
AcDbLine
10
39652869.5219
20
39458320.9138
30
0.0000
11
39652871.9246
21
39458326.8450
31
0.0000
0
LINE
100
AcDbEntity
8
0
100
AcDbLine
10
39652822.5681
20
39458557.5966
30
0.0000
11
39652816.7892
21
39458563.0512
31
0.0000
0
LINE
100
AcDbEntity
8
0
100
AcDbLine
10
39652695.2073
20
39458553.1329
30
0.0000
11
39652699.6116
21
39458554.5202
31
0.0000
0
LINE
100
AcDbEntity
8
0
100
AcDbLine
10
39652727.6169
20
39457903.1680
30
0.0000
11
39652719.2395
21
39457901.9706
31
0.0000
0
LINE
100
AcDbEntity
8
0
100
AcDbLine
10
39653035.5021
20
39458171.1480
30
0.0000
11
39653035.0133
21
39458169.0526
31
0.0000
0
LINE
100
AcDbEntity
8
0
100
AcDbLine
10
39652707.2154
20
39458325.8691
30
0.0000
11
39652712.9638
21
39458332.2904
31
0.0000
0
LINE
100
AcDbEntity
8
0
100
AcDbLine
10
39653323.5316
20
39458473.5569
30
0.0000
11
39653320.3890
21
39458469.9511
31
0.0000
0
LINE
100
AcDbEntity
8
0
100
AcDbLine
10
39653162.5797
20
39458096.9783
30
0.0000
11
39653170.3711
21
39458090.1511
31
0.0000
0
LINE
100
AcDbEntity
8
0
100
AcDbLine
10
39652952.4308
20
39458414.0841
30
0.0000
11
39652942.7991
21
39458423.5133
31
0.0000
0
LINE
100
AcDbEntity
8
0
100
AcDbLine
10
39652633.8421
20
39457868.6824
30
0.0000
11
39652633.4565
21
39457870.6885
31
0.0000
0
LINE
100
AcDbEntity
8
0
100
AcDbLine
10
39653195.6572
20
39457965.6439
30
0.0000
11
39653187.7381
21
39457960.0513
31
0.0000
0
LINE
100
AcDbEntity
8
0
100
AcDbLine
10
39653045.3631
20
39458463.1385
30
0.0000
11
39653040.5590
21
39458455.8853
31
0.0000
0
LINE
100
AcDbEntity
8
0
100
AcDbLine
10
39652577.3028
20
39457934.4023
30
0.0000
11
39652569.0167
21
39457942.3687
31
0.0000
0
LINE
100
AcDbEntity
8
0
100
AcDbLine
10
39652801.0444
20
39458311.5371
30
0.0000
11
39652809.3697
21
39458313.6729
31
0.0000
0
LINE
100
AcDbEntity
8
0
100
AcDbLine
10
39653292.4069
20
39458623.8399
30
0.0000
11
39653294.8954
21
39458625.4873
31
0.0000
0
LINE
100
AcDbEntity
8
0
100
AcDbLine
10
39652529.6412
20
39458543.1645
30
0.0000
11
39652536.1891
21
39458548.2825
31
0.0000
0
LINE
100
AcDbEntity
8
0
100
AcDbLine
10
39653077.2687
20
39458148.8140
30
0.0000
11
39653070.4668
21
39458147.6234
31
0.0000
0
LINE
100
AcDbEntity
8
0
100
AcDbLine
10
39652680.0748
20
39458124.4650
30
0.0000
11
39652671.4350
21
39458121.8470
31
0.0000
0
LINE
100
AcDbEntity
8
0
100
AcDbLine
10
39652929.7596
20
39458399.6218
30
0.0000
11
39652936.2887
21
39458392.4145
31
0.0000
0
LINE
100
AcDbEntity
8
0
100
AcDbLine
10
39652566.7447
20
39458248.1037
30
0.0000
11
39652571.4009
21
39458247.2526
31
0.0000
0
LINE
100
AcDbEntity
8
0
100
AcDbLine
10
39652679.6358
20
39457856.0619
30
0.0000
11
39652683.2667
21
39457862.3955
31
0.0000
0
LINE
100
AcDbEntity
8
0
100
AcDbLine
10
39653264.8419
20
39458372.0289
30
0.0000
11
39653266.2629
21
39458372.2400
31
0.0000
0
LINE
100
AcDbEntity
8
0
100
AcDbLine
10
39652808.8507
20
39458451.4979
30
0.0000
11
39652803.7872
21
39458443.7260
31
0.0000
0
LINE
100
AcDbEntity
8
0
100
AcDbLine
10
39653155.6604
20
39458308.5347
30
0.0000
11
39653164.3382
21
39458314.7563
31
0.0000
0
LINE
100
AcDbEntity
8
0
100
AcDbLine
10
39652921.8675
20
39458486.9200
30
0.0000
11
39652919.1000
21
39458482.1662
31
0.0000
0
LINE
100
AcDbEntity
8
0
100
AcDbLine
10
39652921.9106
20
39458363.3232
30
0.0000
11
39652912.5926
21
39458369.5566
31
0.0000
0
LINE
100
AcDbEntity
8
0
100
AcDbLine
10
39653265.9716
20
39457995.0079
30
0.0000
11
39653262.9514
21
39457990.3037
31
0.0000
0
LINE
100
AcDbEntity
8
0
100
AcDbLine
10
39653193.0313
20
39458324.5674
30
0.0000
11
39653193.3984
21
39458326.0553
31
0.0000
0
LINE
100
AcDbEntity
8
0
100
AcDbLine
10
39652901.5833
20
39458154.1933
30
0.0000
11
39652901.4668
21
39458146.0300
31
0.0000
0
LINE
100
AcDbEntity
8
0
100
AcDbLine
10
39652840.5023
20
39458501.9734
30
0.0000
11
39652837.5423
21
39458497.4277
31
0.0000
0
LINE
100
AcDbEntity
8
0
100
AcDbLine
10
39653322.5700
20
39457952.7224
30
0.0000
11
39653329.2835
21
39457962.2673
31
0.0000
0
LINE
100
AcDbEntity
8
0
100
AcDbLine
10
39652723.1568
20
39458015.8429
30
0.0000
11
39652713.4830
21
39458020.9618
31
0.0000
0
LINE
100
AcDbEntity
8
0
100
AcDbLine
10
39653126.5591
20
39458502.7183
30
0.0000
11
39653121.9336
21
39458507.9448
31
0.0000
0
LINE
100
AcDbEntity
8
0
100
AcDbLine
10
39652882.4942
20
39458336.1361
30
0.0000
11
39652872.8593
21
39458329.6596
31
0.0000
0
LINE
100
AcDbEntity
8
0
100
AcDbLine
10
39652935.2501
20
39458204.2436
30
0.0000
11
39652944.4768
21
39458200.2252
31
0.0000
0
LINE
100
AcDbEntity
8
0
100
AcDbLine
10
39652787.9924
20
39458471.5336
30
0.0000
11
39652792.2474
21
39458475.0889
31
0.0000
0
LINE
100
AcDbEntity
8
0
100
AcDbLine
10
39652964.7272
20
39457959.3627
30
0.0000
11
39652956.3832
21
39457967.9816
31
0.0000
0
LINE
100
AcDbEntity
8
0
100
AcDbLine
10
39653032.4202
20
39458608.4994
30
0.0000
11
39653031.1694
21
39458601.4847
31
0.0000
0
LINE
100
AcDbEntity
8
0
100
AcDbLine
10
39652845.7720
20
39458036.2047
30
0.0000
11
39652852.6661
21
39458026.5238
31
0.0000
0
LINE
100
AcDbEntity
8
0
100
AcDbLine
10
39652877.1499
20
39458600.3431
30
0.0000
11
39652886.3507
21
39458591.1006
31
0.0000
0
LINE
100
AcDbEntity
8
0
100
AcDbLine
10
39652894.1758
20
39458583.0255
30
0.0000
11
39652901.2649
21
39458583.5749
31
0.0000
0
LINE
100
AcDbEntity
8
0
100
AcDbLine
10
39653247.4700
20
39458506.2826
30
0.0000
11
39653242.2277
21
39458500.8108
31
0.0000
0
LINE
100
AcDbEntity
8
0
100
AcDbLine
10
39652831.0522
20
39458192.2703
30
0.0000
11
39652836.6777
21
39458196.4979
31
0.0000
0
LINE
100
AcDbEntity
8
0
100
AcDbLine
10
39653177.8974
20
39457980.5062
30
0.0000
11
39653177.7061
21
39457989.9614
31
0.0000
0
LINE
100
AcDbEntity
8
0
100
AcDbLine
10
39652753.1496
20
39458514.6367
30
0.0000
11
39652749.8444
21
39458520.7723
31
0.0000
0
LINE
100
AcDbEntity
8
0
100
AcDbLine
10
39653307.4900
20
39458511.2360
30
0.0000
11
39653309.1681
21
39458519.4718
31
0.0000
0
LINE
100
AcDbEntity
8
0
100
AcDbLine
10
39653153.1635
20
39458123.1363
30
0.0000
11
39653154.2792
21
39458129.7206
31
0.0000
0
LINE
100
AcDbEntity
8
0
100
AcDbLine
10
39652825.1593
20
39458109.7891
30
0.0000
11
39652829.7307
21
39458102.1868
31
0.0000
0
LINE
100
AcDbEntity
8
0
100
AcDbLine
10
39653190.0494
20
39458027.1578
30
0.0000
11
39653188.4538
21
39458025.4848
31
0.0000
0
LINE
100
AcDbEntity
8
0
100
AcDbLine
10
39652664.9826
20
39458449.6414
30
0.0000
11
39652664.7532
21
39458444.4774
31
0.0000
0
LINE
100
AcDbEntity
8
0
100
AcDbLine
10
39652809.3349
20
39458036.5296
30
0.0000
11
39652814.4297
21
39458041.2532
31
0.0000
0
LINE
100
AcDbEntity
8
0
100
AcDbLine
10
39652951.5160
20
39458055.4891
30
0.0000
11
39652943.5953
21
39458059.0930
31
0.0000
0
LINE
100
AcDbEntity
8
0
100
AcDbLine
10
39653113.4324
20
39458375.5816
30
0.0000
11
39653112.7416
21
39458374.7366
31
0.0000
0
LINE
100
AcDbEntity
8
0
100
AcDbLine
10
39652695.1065
20
39457942.3119
30
0.0000
11
39652687.6248
21
39457949.2627
31
0.0000
0
LINE
100
AcDbEntity
8
0
100
AcDbLine
10
39652581.9517
20
39458547.2085
30
0.0000
11
39652573.5297
21
39458552.8953
31
0.0000
0
LINE
100
AcDbEntity
8
0
100
AcDbLine
10
39652537.2045
20
39458104.4349
30
0.0000
11
39652534.4750
21
39458104.0470
31
0.0000
0
LINE
100
AcDbEntity
8
0
100
AcDbLine
10
39652742.0120
20
39458246.9319
30
0.0000
11
39652743.9227
21
39458247.9152
31
0.0000
0
LINE
100
AcDbEntity
8
0
100
AcDbLine
10
39652545.6765
20
39458454.5916
30
0.0000
11
39652538.5533
21
39458444.9391
31
0.0000
0
LINE
100
AcDbEntity
8
0
100
AcDbLine
10
39653288.5553
20
39457926.9626
30
0.0000
11
39653291.6709
21
39457924.4348
31
0.0000
0
LINE
100
AcDbEntity
8
0
100
AcDbLine
10
39653060.1177
20
39458612.9862
30
0.0000
11
39653067.7984
21
39458603.7167
31
0.0000
0
LINE
100
AcDbEntity
8
0
100
AcDbLine
10
39652654.6578
20
39458210.2638
30
0.0000
11
39652645.0284
21
39458218.0214
31
0.0000
0
LINE
100
AcDbEntity
8
0
100
AcDbLine
10
39652987.1640
20
39458146.3561
30
0.0000
11
39652996.6884
21
39458151.5435
31
0.0000
0
LINE
100
AcDbEntity
8
0
100
AcDbLine
10
39653231.8435
20
39458154.6128
30
0.0000
11
39653228.8866
21
39458144.8979
31
0.0000
0
LINE
100
AcDbEntity
8
0
100
AcDbLine
10
39652745.8050
20
39458057.0343
30
0.0000
11
39652755.4983
21
39458059.3206
31
0.0000
0
LINE
100
AcDbEntity
8
0
100
AcDbLine
10
39652840.3957
20
39457966.6639
30
0.0000
11
39652837.1564
21
39457962.9193
31
0.0000
0
LINE
100
AcDbEntity
8
0
100
AcDbLine
10
39653062.6962
20
39457922.0120
30
0.0000
11
39653055.8083
21
39457929.2884
31
0.0000
0
LINE
100
AcDbEntity
8
0
100
AcDbLine
10
39652849.6703
20
39458166.0110
30
0.0000
11
39652841.4015
21
39458163.7991
31
0.0000
0
LINE
100
AcDbEntity
8
0
100
AcDbLine
10
39652817.4719
20
39458282.0014
30
0.0000
11
39652812.2612
21
39458277.8780
31
0.0000
0
LINE
100
AcDbEntity
8
0
100
AcDbLine
10
39652548.4078
20
39458399.2498
30
0.0000
11
39652555.7209
21
39458396.5862
31
0.0000
0
LINE
100
AcDbEntity
8
0
100
AcDbLine
10
39653138.0571
20
39457880.4975
30
0.0000
11
39653140.5704
21
39457889.8125
31
0.0000
0
LINE
100
AcDbEntity
8
0
100
AcDbLine
10
39652965.0460
20
39458304.0405
30
0.0000
11
39652957.8818
21
39458302.3912
31
0.0000
0
LINE
100
AcDbEntity
8
0
100
AcDbLine
10
39652545.9803
20
39458552.8412
30
0.0000
11
39652551.7776
21
39458543.4591
31
0.0000
0
LINE
100
AcDbEntity
8
0
100
AcDbLine
10
39652538.0325
20
39458023.1704
30
0.0000
11
39652546.7024
21
39458020.3629
31
0.0000
0
LINE
100
AcDbEntity
8
0
100
AcDbLine
10
39653151.6863
20
39458565.2816
30
0.0000
11
39653142.7608
21
39458567.4300
31
0.0000
0
LINE
100
AcDbEntity
8
0
100
AcDbLine
10
39653036.1371
20
39458368.6160
30
0.0000
11
39653035.6848
21
39458364.9151
31
0.0000
0
LINE
100
AcDbEntity
8
0
100
AcDbLine
10
39653099.8483
20
39458404.0386
30
0.0000
11
39653102.9919
21
39458408.4347
31
0.0000
0
LINE
100
AcDbEntity
8
0
100
AcDbLine
10
39652528.7644
20
39458235.6059
30
0.0000
11
39652522.8977
21
39458234.2031
31
0.0000
0
LINE
100
AcDbEntity
8
0
100
AcDbLine
10
39653264.6803
20
39458214.3650
30
0.0000
11
39653257.5446
21
39458210.3809
31
0.0000
0
LINE
100
AcDbEntity
8
0
100
AcDbLine
10
39652606.2663
20
39458066.6832
30
0.0000
11
39652597.1094
21
39458069.8501
31
0.0000
0
LINE
100
AcDbEntity
8
0
100
AcDbLine
10
39652595.2501
20
39458089.6096
30
0.0000
11
39652586.3524
21
39458084.7266
31
0.0000
0
LINE
100
AcDbEntity
8
0
100
AcDbLine
10
39652650.2544
20
39458165.7678
30
0.0000
11
39652660.1703
21
39458167.9241
31
0.0000
0
LINE
100
AcDbEntity
8
0
100
AcDbLine
10
39652910.7913
20
39458010.2793
30
0.0000
11
39652919.7159
21
39458012.0812
31
0.0000
0
LINE
100
AcDbEntity
8
0
100
AcDbLine
10
39652753.9126
20
39458262.2191
30
0.0000
11
39652745.6460
21
39458261.1639
31
0.0000
0
LINE
100
AcDbEntity
8
0
100
AcDbLine
10
39653146.0163
20
39458233.1017
30
0.0000
11
39653150.0613
21
39458235.0572
31
0.0000
0
LINE
100
AcDbEntity
8
0
100
AcDbLine
10
39653292.3096
20
39458324.8986
30
0.0000
11
39653293.7000
21
39458332.4564
31
0.0000
0
LINE
100
AcDbEntity
8
0
100
AcDbLine
10
39653046.4282
20
39458530.0875
30
0.0000
11
39653039.9476
21
39458522.3723
31
0.0000
0
LINE
100
AcDbEntity
8
0
100
AcDbLine
10
39652742.7113
20
39458226.2321
30
0.0000
11
39652742.2263
21
39458219.5624
31
0.0000
0
LINE
100
AcDbEntity
8
0
100
AcDbLine
10
39652713.6338
20
39457877.5934
30
0.0000
11
39652706.3248
21
39457884.1999
31
0.0000
0
LINE
100
AcDbEntity
8
0
100
AcDbLine
10
39652554.8934
20
39457856.2724
30
0.0000
11
39652554.2328
21
39457851.0937
31
0.0000
0
LINE
100
AcDbEntity
8
0
100
AcDbLine
10
39652800.6558
20
39458595.3839
30
0.0000
11
39652801.0415
21
39458598.7717
31
0.0000
0
LINE
100
AcDbEntity
8
0
100
AcDbLine
10
39653071.4539
20
39458486.7617
30
0.0000
11
39653061.4734
21
39458493.7396
31
0.0000
0
LINE
100
AcDbEntity
8
0
100
AcDbLine
10
39652957.2455
20
39458135.6946
30
0.0000
11
39652947.6028
21
39458130.2285
31
0.0000
0
LINE
100
AcDbEntity
8
0
100
AcDbLine
10
39653298.1255
20
39458185.1942
30
0.0000
11
39653304.3313
21
39458190.7431
31
0.0000
0
LINE
100
AcDbEntity
8
0
100
AcDbLine
10
39653325.1953
20
39458122.2939
30
0.0000
11
39653334.1783
21
39458117.7225
31
0.0000
0
LINE
100
AcDbEntity
8
0
100
AcDbLine
10
39652924.0881
20
39458078.8787
30
0.0000
11
39652927.9517
21
39458071.6280
31
0.0000
0
LINE
100
AcDbEntity
8
0
100
AcDbLine
10
39652683.6509
20
39457839.5464
30
0.0000
11
39652682.8593
21
39457835.7681
31
0.0000
0
LINE
100
AcDbEntity
8
0
100
AcDbLine
10
39652592.2816
20
39457869.0006
30
0.0000
11
39652594.6245
21
39457873.1749
31
0.0000
0
LINE
100
AcDbEntity
8
0
100
AcDbLine
10
39652844.4242
20
39458571.4744
30
0.0000
11
39652835.1676
21
39458565.8438
31
0.0000
0
LINE
100
AcDbEntity
8
0
100
AcDbLine
10
39653219.7180
20
39458194.6851
30
0.0000
11
39653212.4172
21
39458191.6483
31
0.0000
0
LINE
100
AcDbEntity
8
0
100
AcDbLine
10
39653297.3054
20
39457990.8212
30
0.0000
11
39653293.8122
21
39457999.2440
31
0.0000
0
LINE
100
AcDbEntity
8
0
100
AcDbLine
10
39652767.7940
20
39457847.0592
30
0.0000
11
39652760.0577
21
39457846.2727
31
0.0000
0
LINE
100
AcDbEntity
8
0
100
AcDbLine
10
39652905.3761
20
39458598.1132
30
0.0000
11
39652900.6979
21
39458591.1802
31
0.0000
0
LINE
100
AcDbEntity
8
0
100
AcDbLine
10
39653262.6038
20
39458633.3144
30
0.0000
11
39653268.0672
21
39458633.9596
31
0.0000
0
LINE
100
AcDbEntity
8
0
100
AcDbLine
10
39653050.3210
20
39458210.7226
30
0.0000
11
39653051.1831
21
39458206.1328
31
0.0000
0
LINE
100
AcDbEntity
8
0
100
AcDbLine
10
39653265.2511
20
39457890.7690
30
0.0000
11
39653256.1428
21
39457895.2835
31
0.0000
0
LINE
100
AcDbEntity
8
0
100
AcDbLine
10
39652627.7410
20
39458501.9296
30
0.0000
11
39652624.5869
21
39458494.4524
31
0.0000
0
LINE
100
AcDbEntity
8
0
100
AcDbLine
10
39652992.1620
20
39458250.9309
30
0.0000
11
39652986.7905
21
39458251.7090
31
0.0000
0
LINE
100
AcDbEntity
8
0
100
AcDbLine
10
39653292.4656
20
39457989.9854
30
0.0000
11
39653290.9477
21
39457980.2116
31
0.0000
0
LINE
100
AcDbEntity
8
0
100
AcDbLine
10
39652885.3973
20
39457853.5600
30
0.0000
11
39652895.2079
21
39457854.0673
31
0.0000
0
LINE
100
AcDbEntity
8
0
100
AcDbLine
10
39652553.8652
20
39458277.1742
30
0.0000
11
39652554.0306
21
39458280.3065
31
0.0000
0
LINE
100
AcDbEntity
8
0
100
AcDbLine
10
39652832.9653
20
39458610.7306
30
0.0000
11
39652835.4172
21
39458602.2822
31
0.0000
0
LINE
100
AcDbEntity
8
0
100
AcDbLine
10
39652721.1636
20
39457938.8759
30
0.0000
11
39652730.5855
21
39457934.8082
31
0.0000
0
LINE
100
AcDbEntity
8
0
100
AcDbLine
10
39652839.1337
20
39458120.8938
30
0.0000
11
39652842.6477
21
39458116.3476
31
0.0000
0
LINE
100
AcDbEntity
8
0
100
AcDbLine
10
39652898.7509
20
39458062.6286
30
0.0000
11
39652905.8545
21
39458068.5646
31
0.0000
0
LINE
100
AcDbEntity
8
0
100
AcDbLine
10
39652744.7428
20
39458032.9404
30
0.0000
11
39652751.9689
21
39458038.5530
31
0.0000
0
LINE
100
AcDbEntity
8
0
100
AcDbLine
10
39652831.4956
20
39458637.1912
30
0.0000
11
39652825.3301
21
39458644.0516
31
0.0000
0
LINE
100
AcDbEntity
8
0
100
AcDbLine
10
39652597.5174
20
39458460.2630
30
0.0000
11
39652593.1731
21
39458466.9611
31
0.0000
0
LINE
100
AcDbEntity
8
0
100
AcDbLine
10
39652600.0570
20
39458591.6058
30
0.0000
11
39652602.7627
21
39458585.4747
31
0.0000
0
LINE
100
AcDbEntity
8
0
100
AcDbLine
10
39652872.3797
20
39458444.8186
30
0.0000
11
39652881.9084
21
39458440.1336
31
0.0000
0
LINE
100
AcDbEntity
8
0
100
AcDbLine
10
39652966.1983
20
39457884.2601
30
0.0000
11
39652964.4188
21
39457894.1211
31
0.0000
0
LINE
100
AcDbEntity
8
0
100
AcDbLine
10
39652941.7617
20
39458471.1915
30
0.0000
11
39652947.0614
21
39458473.1080
31
0.0000
0
LINE
100
AcDbEntity
8
0
100
AcDbLine
10
39653168.0984
20
39458441.9501
30
0.0000
11
39653169.5883
21
39458434.9604
31
0.0000
0
LINE
100
AcDbEntity
8
0
100
AcDbLine
10
39652595.9175
20
39458630.6549
30
0.0000
11
39652594.3902
21
39458624.6242
31
0.0000
0
LINE
100
AcDbEntity
8
0
100
AcDbLine
10
39652565.6649
20
39458348.9425
30
0.0000
11
39652567.3428
21
39458354.4970
31
0.0000
0
LINE
100
AcDbEntity
8
0
100
AcDbLine
10
39652613.2362
20
39458035.2345
30
0.0000
11
39652606.4067
21
39458035.6013
31
0.0000
0
LINE
100
AcDbEntity
8
0
100
AcDbLine
10
39652935.8462
20
39458486.0370
30
0.0000
11
39652929.5432
21
39458489.8711
31
0.0000
0
LINE
100
AcDbEntity
8
0
100
AcDbLine
10
39652780.5540
20
39457881.7700
30
0.0000
11
39652778.5100
21
39457878.8637
31
0.0000
0
LINE
100
AcDbEntity
8
0
100
AcDbLine
10
39652617.9446
20
39458419.6293
30
0.0000
11
39652620.0974
21
39458429.2105
31
0.0000
0
LINE
100
AcDbEntity
8
0
100
AcDbLine
10
39652963.4669
20
39458565.9785
30
0.0000
11
39652971.3689
21
39458560.1178
31
0.0000
0
LINE
100
AcDbEntity
8
0
100
AcDbLine
10
39653308.9279
20
39458340.7732
30
0.0000
11
39653300.4683
21
39458343.2320
31
0.0000
0
LINE
100
AcDbEntity
8
0
100
AcDbLine
10
39653226.6432
20
39458046.5160
30
0.0000
11
39653219.5550
21
39458050.1789
31
0.0000
0
LINE
100
AcDbEntity
8
0
100
AcDbLine
10
39653108.7430
20
39458254.2430
30
0.0000
11
39653111.4316
21
39458248.0932
31
0.0000
0
LINE
100
AcDbEntity
8
0
100
AcDbLine
10
39653004.1358
20
39457859.0410
30
0.0000
11
39652996.4249
21
39457868.4473
31
0.0000
0
LINE
100
AcDbEntity
8
0
100
AcDbLine
10
39653015.6273
20
39458417.5966
30
0.0000
11
39653011.0834
21
39458419.4941
31
0.0000
0
LINE
100
AcDbEntity
8
0
100
AcDbLine
10
39653319.6952
20
39458380.2762
30
0.0000
11
39653315.2537
21
39458377.6352
31
0.0000
0
LINE
100
AcDbEntity
8
0
100
AcDbLine
10
39652871.4219
20
39458630.2373
30
0.0000
11
39652869.0984
21
39458638.0280
31
0.0000
0
LINE
100
AcDbEntity
8
0
100
AcDbLine
10
39653257.0814
20
39458542.0711
30
0.0000
11
39653266.6175
21
39458549.7430
31
0.0000
0
LINE
100
AcDbEntity
8
0
100
AcDbLine
10
39652756.8841
20
39457972.4766
30
0.0000
11
39652757.2372
21
39457965.7841
31
0.0000
0
LINE
100
AcDbEntity
8
0
100
AcDbLine
10
39652680.3768
20
39458395.4650
30
0.0000
11
39652672.0262
21
39458403.2860
31
0.0000
0
LINE
100
AcDbEntity
8
0
100
AcDbLine
10
39652636.9995
20
39458194.5969
30
0.0000
11
39652636.1047
21
39458194.1982
31
0.0000
0
LINE
100
AcDbEntity
8
0
100
AcDbLine
10
39653204.2983
20
39458124.7490
30
0.0000
11
39653213.8063
21
39458131.7711
31
0.0000
0
LINE
100
AcDbEntity
8
0
100
AcDbLine
10
39652656.2947
20
39457955.9136
30
0.0000
11
39652658.1573
21
39457963.1547
31
0.0000
0
LINE
100
AcDbEntity
8
0
100
AcDbLine
10
39652614.5105
20
39458311.5284
30
0.0000
11
39652621.2339
21
39458303.4231
31
0.0000
0
LINE
100
AcDbEntity
8
0
100
AcDbLine
10
39653284.1499
20
39457913.8379
30
0.0000
11
39653286.9613
21
39457911.3380
31
0.0000
0
LINE
100
AcDbEntity
8
0
100
AcDbLine
10
39652737.9374
20
39458248.7859
30
0.0000
11
39652732.9171
21
39458252.1615
31
0.0000
0
LINE
100
AcDbEntity
8
0
100
AcDbLine
10
39652910.1114
20
39458262.9393
30
0.0000
11
39652912.7002
21
39458257.8341
31
0.0000
0
LINE
100
AcDbEntity
8
0
100
AcDbLine
10
39652763.0754
20
39457904.9434
30
0.0000
11
39652755.4294
21
39457899.8267
31
0.0000
0
LINE
100
AcDbEntity
8
0
100
AcDbLine
10
39653289.2039
20
39458324.0078
30
0.0000
11
39653283.9329
21
39458314.9823
31
0.0000
0
LINE
100
AcDbEntity
8
0
100
AcDbLine
10
39652810.3057
20
39457937.9247
30
0.0000
11
39652818.1921
21
39457929.6571
31
0.0000
0
LINE
100
AcDbEntity
8
0
100
AcDbLine
10
39652837.2430
20
39458183.1168
30
0.0000
11
39652835.6013
21
39458192.4765
31
0.0000
0
LINE
100
AcDbEntity
8
0
100
AcDbLine
10
39652552.2067
20
39458559.2182
30
0.0000
11
39652544.6071
21
39458551.0152
31
0.0000
0
LINE
100
AcDbEntity
8
0
100
AcDbLine
10
39652576.1481
20
39458380.6852
30
0.0000
11
39652573.2882
21
39458372.7169
31
0.0000
0
LINE
100
AcDbEntity
8
0
100
AcDbLine
10
39652883.8667
20
39458047.9392
30
0.0000
11
39652879.4400
21
39458055.3642
31
0.0000
0
LINE
100
AcDbEntity
8
0
100
AcDbLine
10
39653129.2544
20
39458450.5403
30
0.0000
11
39653133.7250
21
39458457.4117
31
0.0000
0
LINE
100
AcDbEntity
8
0
100
AcDbLine
10
39652643.1960
20
39458114.8924
30
0.0000
11
39652652.4526
21
39458123.4951
31
0.0000
0
LINE
100
AcDbEntity
8
0
100
AcDbLine
10
39653166.6257
20
39458308.9799
30
0.0000
11
39653161.5497
21
39458305.4284
31
0.0000
0
LINE
100
AcDbEntity
8
0
100
AcDbLine
10
39653181.2400
20
39458516.6346
30
0.0000
11
39653178.2858
21
39458524.0024
31
0.0000
0
LINE
100
AcDbEntity
8
0
100
AcDbLine
10
39653300.3668
20
39458493.8352
30
0.0000
11
39653302.3144
21
39458501.8955
31
0.0000
0
LINE
100
AcDbEntity
8
0
100
AcDbLine
10
39653182.4910
20
39458519.5369
30
0.0000
11
39653172.5928
21
39458523.0113
31
0.0000
0
LINE
100
AcDbEntity
8
0
100
AcDbLine
10
39652629.9360
20
39458453.5330
30
0.0000
11
39652631.7437
21
39458458.5540
31
0.0000
0
LINE
100
AcDbEntity
8
0
100
AcDbLine
10
39652935.2014
20
39458013.8474
30
0.0000
11
39652944.4211
21
39458005.1543
31
0.0000
0
LINE
100
AcDbEntity
8
0
100
AcDbLine
10
39653137.4576
20
39458486.1583
30
0.0000
11
39653141.2417
21
39458485.3592
31
0.0000
0
LINE
100
AcDbEntity
8
0
100
AcDbLine
10
39652851.6957
20
39458277.7537
30
0.0000
11
39652844.8461
21
39458285.7973
31
0.0000
0
LINE
100
AcDbEntity
8
0
100
AcDbLine
10
39652733.0345
20
39458128.5169
30
0.0000
11
39652739.6506
21
39458133.3319
31
0.0000
0
LINE
100
AcDbEntity
8
0
100
AcDbLine
10
39652638.6832
20
39458391.4452
30
0.0000
11
39652631.8536
21
39458394.5163
31
0.0000
0
LINE
100
AcDbEntity
8
0
100
AcDbLine
10
39652550.0606
20
39458195.1977
30
0.0000
11
39652551.2580
21
39458188.6602
31
0.0000
0
LINE
100
AcDbEntity
8
0
100
AcDbLine
10
39652717.5704
20
39458501.1760
30
0.0000
11
39652711.4725
21
39458509.8243
31
0.0000
0
LINE
100
AcDbEntity
8
0
100
AcDbLine
10
39652890.5331
20
39458467.6352
30
0.0000
11
39652890.0547
21
39458458.0510
31
0.0000
0
LINE
100
AcDbEntity
8
0
100
AcDbLine
10
39653094.7736
20
39457933.3269
30
0.0000
11
39653095.1577
21
39457925.1476
31
0.0000
0
LINE
100
AcDbEntity
8
0
100
AcDbLine
10
39653020.3656
20
39458233.1724
30
0.0000
11
39653030.2431
21
39458225.3315
31
0.0000
0
LINE
100
AcDbEntity
8
0
100
AcDbLine
10
39652882.0315
20
39458558.4684
30
0.0000
11
39652873.4231
21
39458566.0522
31
0.0000
0
LINE
100
AcDbEntity
8
0
100
AcDbLine
10
39653214.6998
20
39458074.1228
30
0.0000
11
39653212.9942
21
39458079.3009
31
0.0000
0
LINE
100
AcDbEntity
8
0
100
AcDbLine
10
39652866.7174
20
39458205.4228
30
0.0000
11
39652865.7241
21
39458198.7209
31
0.0000
0
LINE
100
AcDbEntity
8
0
100
AcDbLine
10
39652653.2188
20
39458106.8331
30
0.0000
11
39652649.4559
21
39458112.8318
31
0.0000
0
LINE
100
AcDbEntity
8
0
100
AcDbLine
10
39653132.1519
20
39458125.3268
30
0.0000
11
39653126.5906
21
39458129.6791
31
0.0000
0
LINE
100
AcDbEntity
8
0
100
AcDbLine
10
39652765.4590
20
39458270.7458
30
0.0000
11
39652760.0110
21
39458273.2220
31
0.0000
0
LINE
100
AcDbEntity
8
0
100
AcDbLine
10
39652927.9153
20
39458105.6942
30
0.0000
11
39652928.0098
21
39458096.7721
31
0.0000
0
LINE
100
AcDbEntity
8
0
100
AcDbLine
10
39653226.1228
20
39458267.4615
30
0.0000
11
39653229.7842
21
39458263.7957
31
0.0000
0
LINE
100
AcDbEntity
8
0
100
AcDbLine
10
39652790.1604
20
39458434.4781
30
0.0000
11
39652798.0590
21
39458431.3913
31
0.0000
0
LINE
100
AcDbEntity
8
0
100
AcDbLine
10
39652600.3912
20
39457949.8015
30
0.0000
11
39652600.4011
21
39457956.7556
31
0.0000
0
LINE
100
AcDbEntity
8
0
100
AcDbLine
10
39653311.9246
20
39458314.1338
30
0.0000
11
39653315.7884
21
39458311.9506
31
0.0000
0
LINE
100
AcDbEntity
8
0
100
AcDbLine
10
39652839.2361
20
39458160.8705
30
0.0000
11
39652837.9947
21
39458157.2837
31
0.0000
0
LINE
100
AcDbEntity
8
0
100
AcDbLine
10
39652963.4425
20
39457925.6807
30
0.0000
11
39652962.3538
21
39457928.6134
31
0.0000
0
LINE
100
AcDbEntity
8
0
100
AcDbLine
10
39653224.7332
20
39458023.1186
30
0.0000
11
39653217.4644
21
39458018.8936
31
0.0000
0
LINE
100
AcDbEntity
8
0
100
AcDbLine
10
39652962.4585
20
39458542.7655
30
0.0000
11
39652968.3997
21
39458539.2687
31
0.0000
0
LINE
100
AcDbEntity
8
0
100
AcDbLine
10
39652965.3738
20
39458277.4043
30
0.0000
11
39652962.9829
21
39458270.0317
31
0.0000
0
LINE
100
AcDbEntity
8
0
100
AcDbLine
10
39653194.5395
20
39458295.7242
30
0.0000
11
39653197.6918
21
39458296.7583
31
0.0000
0
LINE
100
AcDbEntity
8
0
100
AcDbLine
10
39652841.3781
20
39457872.0569
30
0.0000
11
39652844.7546
21
39457871.9289
31
0.0000
0
LINE
100
AcDbEntity
8
0
100
AcDbLine
10
39652783.3868
20
39457985.6446
30
0.0000
11
39652787.0000
21
39457987.3524
31
0.0000
0
LINE
100
AcDbEntity
8
0
100
AcDbLine
10
39652700.0070
20
39458201.9386
30
0.0000
11
39652692.0232
21
39458207.7019
31
0.0000
0
LINE
100
AcDbEntity
8
0
100
AcDbLine
10
39652911.1492
20
39458548.4293
30
0.0000
11
39652902.2313
21
39458540.4772
31
0.0000
0
LINE
100
AcDbEntity
8
0
100
AcDbLine
10
39652800.8752
20
39458197.5075
30
0.0000
11
39652802.3295
21
39458202.7051
31
0.0000
0
LINE
100
AcDbEntity
8
0
100
AcDbLine
10
39653088.7353
20
39458168.8575
30
0.0000
11
39653090.8122
21
39458169.6906
31
0.0000
0
LINE
100
AcDbEntity
8
0
100
AcDbLine
10
39652611.2632
20
39457863.8800
30
0.0000
11
39652607.0192
21
39457856.1318
31
0.0000
0
LINE
100
AcDbEntity
8
0
100
AcDbLine
10
39652876.1257
20
39457844.6480
30
0.0000
11
39652870.3219
21
39457844.9095
31
0.0000
0
LINE
100
AcDbEntity
8
0
100
AcDbLine
10
39652651.4301
20
39458269.8929
30
0.0000
11
39652653.0006
21
39458263.8664
31
0.0000
0
LINE
100
AcDbEntity
8
0
100
AcDbLine
10
39652652.6861
20
39458600.5217
30
0.0000
11
39652653.3752
21
39458595.8858
31
0.0000
0
LINE
100
AcDbEntity
8
0
100
AcDbLine
10
39652989.9260
20
39457987.1664
30
0.0000
11
39652980.7529
21
39457992.5850
31
0.0000
0
LINE
100
AcDbEntity
8
0
100
AcDbLine
10
39652637.4792
20
39458352.2638
30
0.0000
11
39652628.7548
21
39458346.9331
31
0.0000
0
LINE
100
AcDbEntity
8
0
100
AcDbLine
10
39653188.9045
20
39457979.1665
30
0.0000
11
39653198.5835
21
39457985.1080
31
0.0000
0
LINE
100
AcDbEntity
8
0
100
AcDbLine
10
39652559.5776
20
39458020.7863
30
0.0000
11
39652558.7947
21
39458022.9036
31
0.0000
0
LINE
100
AcDbEntity
8
0
100
AcDbLine
10
39652899.4354
20
39458140.2672
30
0.0000
11
39652893.1358
21
39458137.0008
31
0.0000
0
LINE
100
AcDbEntity
8
0
100
AcDbLine
10
39652778.3762
20
39458496.1910
30
0.0000
11
39652773.0124
21
39458486.4140
31
0.0000
0
LINE
100
AcDbEntity
8
0
100
AcDbLine
10
39653106.8167
20
39458284.8134
30
0.0000
11
39653116.1474
21
39458284.4258
31
0.0000
0
LINE
100
AcDbEntity
8
0
100
AcDbLine
10
39652853.9045
20
39458051.8314
30
0.0000
11
39652857.9925
21
39458046.3228
31
0.0000
0
LINE
100
AcDbEntity
8
0
100
AcDbLine
10
39653225.8876
20
39457986.1829
30
0.0000
11
39653227.4577
21
39457983.2441
31
0.0000
0
LINE
100
AcDbEntity
8
0
100
AcDbLine
10
39653167.1394
20
39458208.3756
30
0.0000
11
39653163.5187
21
39458217.4564
31
0.0000
0
LINE
100
AcDbEntity
8
0
100
AcDbLine
10
39652846.3408
20
39458465.8495
30
0.0000
11
39652854.2657
21
39458459.3666
31
0.0000
0
LINE
100
AcDbEntity
8
0
100
AcDbLine
10
39653190.3176
20
39458047.8685
30
0.0000
11
39653184.9571
21
39458051.5857
31
0.0000
0
LINE
100
AcDbEntity
8
0
100
AcDbLine
10
39652528.0350
20
39458532.4451
30
0.0000
11
39652526.6379
21
39458530.3558
31
0.0000
0
LINE
100
AcDbEntity
8
0
100
AcDbLine
10
39652807.2479
20
39458577.7946
30
0.0000
11
39652801.8888
21
39458579.6529
31
0.0000
0
LINE
100
AcDbEntity
8
0
100
AcDbLine
10
39652846.3075
20
39458170.8222
30
0.0000
11
39652849.2657
21
39458178.2777
31
0.0000
0
LINE
100
AcDbEntity
8
0
100
AcDbLine
10
39652683.6240
20
39457945.1402
30
0.0000
11
39652692.9931
21
39457945.2478
31
0.0000
0
LINE
100
AcDbEntity
8
0
100
AcDbLine
10
39653287.2864
20
39458581.1168
30
0.0000
11
39653289.4741
21
39458573.8026
31
0.0000
0
LINE
100
AcDbEntity
8
0
100
AcDbLine
10
39652887.3369
20
39458300.4563
30
0.0000
11
39652887.1796
21
39458309.3344
31
0.0000
0
LINE
100
AcDbEntity
8
0
100
AcDbLine
10
39652593.2035
20
39457867.8103
30
0.0000
11
39652601.4784
21
39457871.5574
31
0.0000
0
LINE
100
AcDbEntity
8
0
100
AcDbLine
10
39652958.7872
20
39457911.9205
30
0.0000
11
39652950.9717
21
39457906.2278
31
0.0000
0
LINE
100
AcDbEntity
8
0
100
AcDbLine
10
39652957.7066
20
39458378.7924
30
0.0000
11
39652966.8931
21
39458376.7268
31
0.0000
0
LINE
100
AcDbEntity
8
0
100
AcDbLine
10
39652631.1979
20
39458129.4002
30
0.0000
11
39652632.1390
21
39458130.8201
31
0.0000
0
LINE
100
AcDbEntity
8
0
100
AcDbLine
10
39652871.1719
20
39458494.4234
30
0.0000
11
39652871.4889
21
39458502.9048
31
0.0000
0
LINE
100
AcDbEntity
8
0
100
AcDbLine
10
39653200.9267
20
39457998.5145
30
0.0000
11
39653199.5805
21
39457997.0577
31
0.0000
0
LINE
100
AcDbEntity
8
0
100
AcDbLine
10
39652616.0168
20
39458466.5972
30
0.0000
11
39652618.2008
21
39458461.1966
31
0.0000
0
LINE
100
AcDbEntity
8
0
100
AcDbLine
10
39653147.7787
20
39458124.6971
30
0.0000
11
39653139.4567
21
39458127.6674
31
0.0000
0
LINE
100
AcDbEntity
8
0
100
AcDbLine
10
39653212.0121
20
39457907.8029
30
0.0000
11
39653216.3861
21
39457900.5698
31
0.0000
0
LINE
100
AcDbEntity
8
0
100
AcDbLine
10
39653205.3185
20
39458587.2586
30
0.0000
11
39653207.5734
21
39458595.1330
31
0.0000
0
LINE
100
AcDbEntity
8
0
100
AcDbLine
10
39652811.5946
20
39458530.1880
30
0.0000
11
39652807.3318
21
39458539.4560
31
0.0000
0
LINE
100
AcDbEntity
8
0
100
AcDbLine
10
39653281.1832
20
39458103.4491
30
0.0000
11
39653278.0136
21
39458093.9220
31
0.0000
0
LINE
100
AcDbEntity
8
0
100
AcDbLine
10
39652545.1796
20
39458534.6209
30
0.0000
11
39652546.0128
21
39458528.6027
31
0.0000
0
LINE
100
AcDbEntity
8
0
100
AcDbLine
10
39653227.3946
20
39458442.5206
30
0.0000
11
39653228.0209
21
39458443.9622
31
0.0000
0
LINE
100
AcDbEntity
8
0
100
AcDbLine
10
39652616.4735
20
39457849.7529
30
0.0000
11
39652619.0995
21
39457845.1747
31
0.0000
0
LINE
100
AcDbEntity
8
0
100
AcDbLine
10
39652660.6717
20
39458089.7895
30
0.0000
11
39652659.1319
21
39458085.3680
31
0.0000
0
LINE
100
AcDbEntity
8
0
100
AcDbLine
10
39653047.7862
20
39458221.0811
30
0.0000
11
39653039.2157
21
39458218.1052
31
0.0000
0
LINE
100
AcDbEntity
8
0
100
AcDbLine
10
39653032.7435
20
39458360.6993
30
0.0000
11
39653034.5596
21
39458364.4172
31
0.0000
0
LINE
100
AcDbEntity
8
0
100
AcDbLine
10
39652675.3436
20
39458150.0109
30
0.0000
11
39652675.4465
21
39458144.6982
31
0.0000
0
LINE
100
AcDbEntity
8
0
100
AcDbLine
10
39653150.6608
20
39457964.8829
30
0.0000
11
39653152.8255
21
39457970.7775
31
0.0000
0
LINE
100
AcDbEntity
8
0
100
AcDbLine
10
39652794.6000
20
39457882.9184
30
0.0000
11
39652800.0956
21
39457878.4793
31
0.0000
0
LINE
100
AcDbEntity
8
0
100
AcDbLine
10
39652547.1097
20
39458420.2250
30
0.0000
11
39652537.6428
21
39458425.9831
31
0.0000
0
LINE
100
AcDbEntity
8
0
100
AcDbLine
10
39652655.5510
20
39458450.2128
30
0.0000
11
39652651.6940
21
39458448.2978
31
0.0000
0
LINE
100
AcDbEntity
8
0
100
AcDbLine
10
39653100.7232
20
39457916.9250
30
0.0000
11
39653104.0494
21
39457923.1612
31
0.0000
0
LINE
100
AcDbEntity
8
0
100
AcDbLine
10
39652808.0454
20
39457955.3989
30
0.0000
11
39652814.2569
21
39457948.6779
31
0.0000
0
LINE
100
AcDbEntity
8
0
100
AcDbLine
10
39653306.3942
20
39458431.5590
30
0.0000
11
39653300.7901
21
39458438.0084
31
0.0000
0
LINE
100
AcDbEntity
8
0
100
AcDbLine
10
39652697.0981
20
39457914.1401
30
0.0000
11
39652692.7923
21
39457921.4206
31
0.0000
0
LINE
100
AcDbEntity
8
0
100
AcDbLine
10
39652795.5878
20
39458091.1428
30
0.0000
11
39652788.9502
21
39458091.0178
31
0.0000
0
LINE
100
AcDbEntity
8
0
100
AcDbLine
10
39652908.2028
20
39458043.3200
30
0.0000
11
39652905.0582
21
39458048.4549
31
0.0000
0
LINE
100
AcDbEntity
8
0
100
AcDbLine
10
39652706.6540
20
39458387.1941
30
0.0000
11
39652696.8375
21
39458380.9549
31
0.0000
0
LINE
100
AcDbEntity
8
0
100
AcDbLine
10
39653262.6437
20
39457900.1058
30
0.0000
11
39653269.5707
21
39457895.9395
31
0.0000
0
LINE
100
AcDbEntity
8
0
100
AcDbLine
10
39652705.1400
20
39458239.7948
30
0.0000
11
39652711.1158
21
39458249.5846
31
0.0000
0
LINE
100
AcDbEntity
8
0
100
AcDbLine
10
39653162.8090
20
39458171.0103
30
0.0000
11
39653169.8617
21
39458169.6146
31
0.0000
0
LINE
100
AcDbEntity
8
0
100
AcDbLine
10
39652654.1027
20
39458111.6541
30
0.0000
11
39652644.1873
21
39458117.6475
31
0.0000
0
LINE
100
AcDbEntity
8
0
100
AcDbLine
10
39652587.5027
20
39458410.9543
30
0.0000
11
39652594.9871
21
39458401.4031
31
0.0000
0
LINE
100
AcDbEntity
8
0
100
AcDbLine
10
39652534.4212
20
39458172.1704
30
0.0000
11
39652537.8256
21
39458172.0869
31
0.0000
0
LINE
100
AcDbEntity
8
0
100
AcDbLine
10
39652937.2573
20
39458432.3295
30
0.0000
11
39652936.2838
21
39458427.2624
31
0.0000
0
LINE
100
AcDbEntity
8
0
100
AcDbLine
10
39653015.1097
20
39458511.4942
30
0.0000
11
39653023.0585
21
39458504.5246
31
0.0000
0
LINE
100
AcDbEntity
8
0
100
AcDbLine
10
39652929.6463
20
39458544.0609
30
0.0000
11
39652920.3785
21
39458536.2859
31
0.0000
0
LINE
100
AcDbEntity
8
0
100
AcDbLine
10
39652673.6293
20
39458204.5904
30
0.0000
11
39652676.3005
21
39458200.9884
31
0.0000
0
LINE
100
AcDbEntity
8
0
100
AcDbLine
10
39653144.5968
20
39457840.6690
30
0.0000
11
39653138.4447
21
39457831.0544
31
0.0000
0
LINE
100
AcDbEntity
8
0
100
AcDbLine
10
39653066.2010
20
39458025.3009
30
0.0000
11
39653071.7361
21
39458022.8877
31
0.0000
0
LINE
100
AcDbEntity
8
0
100
AcDbLine
10
39653219.7019
20
39458541.3325
30
0.0000
11
39653211.7109
21
39458539.2380
31
0.0000
0
LINE
100
AcDbEntity
8
0
100
AcDbLine
10
39653248.1181
20
39458010.4070
30
0.0000
11
39653249.9524
21
39458019.2410
31
0.0000
0
LINE
100
AcDbEntity
8
0
100
AcDbLine
10
39652895.5332
20
39457978.9509
30
0.0000
11
39652893.2184
21
39457976.4473
31
0.0000
0
LINE
100
AcDbEntity
8
0
100
AcDbLine
10
39652944.0586
20
39457873.6918
30
0.0000
11
39652942.8219
21
39457870.1517
31
0.0000
0
LINE
100
AcDbEntity
8
0
100
AcDbLine
10
39652910.9532
20
39457839.2070
30
0.0000
11
39652905.8290
21
39457840.3354
31
0.0000
0
LINE
100
AcDbEntity
8
0
100
AcDbLine
10
39653168.3980
20
39457870.0033
30
0.0000
11
39653174.6351
21
39457861.5350
31
0.0000
0
LINE
100
AcDbEntity
8
0
100
AcDbLine
10
39652548.4282
20
39457849.6290
30
0.0000
11
39652556.4828
21
39457855.9489
31
0.0000
0
LINE
100
AcDbEntity
8
0
100
AcDbLine
10
39652695.5211
20
39458509.3159
30
0.0000
11
39652699.4838
21
39458511.0947
31
0.0000
0
LINE
100
AcDbEntity
8
0
100
AcDbLine
10
39652629.3402
20
39457918.6536
30
0.0000
11
39652626.7064
21
39457912.3300
31
0.0000
0
LINE
100
AcDbEntity
8
0
100
AcDbLine
10
39653180.1354
20
39458320.7940
30
0.0000
11
39653174.8935
21
39458325.5490
31
0.0000
0
LINE
100
AcDbEntity
8
0
100
AcDbLine
10
39652759.2999
20
39458324.6880
30
0.0000
11
39652759.3700
21
39458330.3675
31
0.0000
0
LINE
100
AcDbEntity
8
0
100
AcDbLine
10
39652927.5829
20
39458466.8534
30
0.0000
11
39652931.7063
21
39458469.1081
31
0.0000
0
LINE
100
AcDbEntity
8
0
100
AcDbLine
10
39653223.4590
20
39457955.1729
30
0.0000
11
39653221.6959
21
39457961.8992
31
0.0000
0
LINE
100
AcDbEntity
8
0
100
AcDbLine
10
39653314.1531
20
39458207.2248
30
0.0000
11
39653320.2139
21
39458203.1998
31
0.0000
0
LINE
100
AcDbEntity
8
0
100
AcDbLine
10
39652731.8227
20
39458595.6442
30
0.0000
11
39652724.5158
21
39458600.0624
31
0.0000
0
LINE
100
AcDbEntity
8
0
100
AcDbLine
10
39653057.3951
20
39458013.0156
30
0.0000
11
39653052.5402
21
39458017.4466
31
0.0000
0
LINE
100
AcDbEntity
8
0
100
AcDbLine
10
39653214.5621
20
39458468.7965
30
0.0000
11
39653217.7789
21
39458460.8964
31
0.0000
0
LINE
100
AcDbEntity
8
0
100
AcDbLine
10
39652736.4302
20
39458330.7728
30
0.0000
11
39652741.2743
21
39458331.8923
31
0.0000
0
LINE
100
AcDbEntity
8
0
100
AcDbLine
10
39653267.3271
20
39458223.5448
30
0.0000
11
39653262.3097
21
39458216.1934
31
0.0000
0
LINE
100
AcDbEntity
8
0
100
AcDbLine
10
39652762.2646
20
39457996.5452
30
0.0000
11
39652754.3529
21
39457990.4783
31
0.0000
0
LINE
100
AcDbEntity
8
0
100
AcDbLine
10
39652646.5582
20
39458574.0875
30
0.0000
11
39652637.8158
21
39458577.6007
31
0.0000
0
LINE
100
AcDbEntity
8
0
100
AcDbLine
10
39652798.1018
20
39457899.9463
30
0.0000
11
39652806.1937
21
39457905.7701
31
0.0000
0
LINE
100
AcDbEntity
8
0
100
AcDbLine
10
39652614.7999
20
39458388.9685
30
0.0000
11
39652607.1455
21
39458391.9714
31
0.0000
0
LINE
100
AcDbEntity
8
0
100
AcDbLine
10
39652629.6550
20
39457898.2162
30
0.0000
11
39652625.0778
21
39457894.9343
31
0.0000
0
LINE
100
AcDbEntity
8
0
100
AcDbLine
10
39652936.0122
20
39458030.1401
30
0.0000
11
39652936.7959
21
39458027.9670
31
0.0000
0
LINE
100
AcDbEntity
8
0
100
AcDbLine
10
39652885.4595
20
39458180.2848
30
0.0000
11
39652876.7828
21
39458186.9648
31
0.0000
0
LINE
100
AcDbEntity
8
0
100
AcDbLine
10
39652720.8841
20
39458342.0252
30
0.0000
11
39652713.6706
21
39458333.9079
31
0.0000
0
LINE
100
AcDbEntity
8
0
100
AcDbLine
10
39653207.1857
20
39457880.8338
30
0.0000
11
39653204.4652
21
39457881.1593
31
0.0000
0
LINE
100
AcDbEntity
8
0
100
AcDbLine
10
39652722.1454
20
39458490.5798
30
0.0000
11
39652718.0875
21
39458486.8759
31
0.0000
0
LINE
100
AcDbEntity
8
0
100
AcDbLine
10
39652669.9511
20
39458144.3592
30
0.0000
11
39652664.7936
21
39458136.8462
31
0.0000
0
LINE
100
AcDbEntity
8
0
100
AcDbLine
10
39652679.8792
20
39458252.3559
30
0.0000
11
39652673.0366
21
39458253.0652
31
0.0000
0
LINE
100
AcDbEntity
8
0
100
AcDbLine
10
39653252.6328
20
39458439.2343
30
0.0000
11
39653260.3315
21
39458434.3610
31
0.0000
0
LINE
100
AcDbEntity
8
0
100
AcDbLine
10
39653316.8351
20
39458353.5634
30
0.0000
11
39653309.6877
21
39458359.3840
31
0.0000
0
LINE
100
AcDbEntity
8
0
100
AcDbLine
10
39652758.1804
20
39458121.7715
30
0.0000
11
39652768.1696
21
39458127.2727
31
0.0000
0
LINE
100
AcDbEntity
8
0
100
AcDbLine
10
39652583.7407
20
39458059.1330
30
0.0000
11
39652589.1486
21
39458056.3064
31
0.0000
0
LINE
100
AcDbEntity
8
0
100
AcDbLine
10
39652783.9283
20
39458450.2855
30
0.0000
11
39652784.8094
21
39458445.8605
31
0.0000
0
LINE
100
AcDbEntity
8
0
100
AcDbLine
10
39652954.6150
20
39458011.7787
30
0.0000
11
39652960.4725
21
39458011.9735
31
0.0000
0
LINE
100
AcDbEntity
8
0
100
AcDbLine
10
39652941.9079
20
39457849.1550
30
0.0000
11
39652947.2955
21
39457851.8406
31
0.0000
0
CIRCLE
100
AcDbEntity
8
0
100
AcDbCircle
10
39652572.0804
20
39457921.0602
30
0.0
40
8.0014
0
CIRCLE
100
AcDbEntity
8
0
100
AcDbCircle
10
39652786.2087
20
39458240.7606
30
0.0
40
3.0673
0
CIRCLE
100
AcDbEntity
8
0
100
AcDbCircle
10
39652984.3154
20
39458296.6446
30
0.0
40
8.0381
0
CIRCLE
100
AcDbEntity
8
0
100
AcDbCircle
10
39652590.8452
20
39457989.2713
30
0.0
40
7.1143
0
CIRCLE
100
AcDbEntity
8
0
100
AcDbCircle
10
39652848.0499
20
39458520.1743
30
0.0
40
2.2186
0
CIRCLE
100
AcDbEntity
8
0
100
AcDbCircle
10
39652805.2227
20
39457993.7663
30
0.0
40
0.7196
0
CIRCLE
100
AcDbEntity
8
0
100
AcDbCircle
10
39653180.2282
20
39458343.3839
30
0.0
40
1.0466
0
CIRCLE
100
AcDbEntity
8
0
100
AcDbCircle
10
39652836.3667
20
39457863.9949
30
0.0
40
5.7824
0
CIRCLE
100
AcDbEntity
8
0
100
AcDbCircle
10
39653210.8617
20
39458157.3131
30
0.0
40
9.9799
0
CIRCLE
100
AcDbEntity
8
0
100
AcDbCircle
10
39652952.4536
20
39457900.2793
30
0.0
40
9.2569
0
CIRCLE
100
AcDbEntity
8
0
100
AcDbCircle
10
39652741.3709
20
39458176.5342
30
0.0
40
2.8818
0
CIRCLE
100
AcDbEntity
8
0
100
AcDbCircle
10
39652931.2353
20
39457864.4292
30
0.0
40
12.0545
0
CIRCLE
100
AcDbEntity
8
0
100
AcDbCircle
10
39653024.5703
20
39457948.4883
30
0.0
40
1.9010
0
CIRCLE
100
AcDbEntity
8
0
100
AcDbCircle
10
39653039.5291
20
39458073.2770
30
0.0
40
6.5140
0
CIRCLE
100
AcDbEntity
8
0
100
AcDbCircle
10
39653304.8710
20
39458239.3975
30
0.0
40
1.5634
0
CIRCLE
100
AcDbEntity
8
0
100
AcDbCircle
10
39652941.3345
20
39458633.0940
30
0.0
40
3.7489
0
CIRCLE
100
AcDbEntity
8
0
100
AcDbCircle
10
39652804.9304
20
39458567.7467
30
0.0
40
0.6727
0
CIRCLE
100
AcDbEntity
8
0
100
AcDbCircle
10
39653032.9141
20
39458343.3058
30
0.0
40
7.6657
0
CIRCLE
100
AcDbEntity
8
0
100
AcDbCircle
10
39652961.3869
20
39458069.6147
30
0.0
40
6.2022
0
CIRCLE
100
AcDbEntity
8
0
100
AcDbCircle
10
39652947.7119
20
39457976.8313
30
0.0
40
2.3282
0
CIRCLE
100
AcDbEntity
8
0
100
AcDbCircle
10
39652747.4723
20
39458237.1608
30
0.0
40
4.4833
0
CIRCLE
100
AcDbEntity
8
0
100
AcDbCircle
10
39652812.2599
20
39457942.0259
30
0.0
40
2.3930
0
CIRCLE
100
AcDbEntity
8
0
100
AcDbCircle
10
39653224.1998
20
39458222.3591
30
0.0
40
2.3984
0
CIRCLE
100
AcDbEntity
8
0
100
AcDbCircle
10
39653116.2570
20
39458397.6153
30
0.0
40
1.2824
0
CIRCLE
100
AcDbEntity
8
0
100
AcDbCircle
10
39652684.4851
20
39458492.5999
30
0.0
40
4.7194
0
CIRCLE
100
AcDbEntity
8
0
100
AcDbCircle
10
39653235.7855
20
39458177.1628
30
0.0
40
1.3739
0
CIRCLE
100
AcDbEntity
8
0
100
AcDbCircle
10
39653145.9613
20
39457913.0611
30
0.0
40
2.9475
0
CIRCLE
100
AcDbEntity
8
0
100
AcDbCircle
10
39652768.1604
20
39458033.5196
30
0.0
40
1.4923
0
CIRCLE
100
AcDbEntity
8
0
100
AcDbCircle
10
39653158.4048
20
39458462.7832
30
0.0
40
1.7563
0
CIRCLE
100
AcDbEntity
8
0
100
AcDbCircle
10
39652750.1896
20
39457986.3641
30
0.0
40
8.1601
0
CIRCLE
100
AcDbEntity
8
0
100
AcDbCircle
10
39652770.5983
20
39458417.1636
30
0.0
40
3.1679
0
CIRCLE
100
AcDbEntity
8
0
100
AcDbCircle
10
39652788.6535
20
39458197.3400
30
0.0
40
1.1362
0
CIRCLE
100
AcDbEntity
8
0
100
AcDbCircle
10
39652699.1094
20
39458599.1136
30
0.0
40
9.6501
0
CIRCLE
100
AcDbEntity
8
0
100
AcDbCircle
10
39653182.5936
20
39458057.4639
30
0.0
40
11.5036
0
CIRCLE
100
AcDbEntity
8
0
100
AcDbCircle
10
39653107.8732
20
39458464.4096
30
0.0
40
1.1617
0
CIRCLE
100
AcDbEntity
8
0
100
AcDbCircle
10
39653111.5307
20
39458500.3740
30
0.0
40
6.7018
0
CIRCLE
100
AcDbEntity
8
0
100
AcDbCircle
10
39652592.6202
20
39458193.7929
30
0.0
40
7.5457
0
CIRCLE
100
AcDbEntity
8
0
100
AcDbCircle
10
39652552.0167
20
39458202.6523
30
0.0
40
12.1953
0
CIRCLE
100
AcDbEntity
8
0
100
AcDbCircle
10
39652818.1007
20
39458465.1606
30
0.0
40
6.3218
0
CIRCLE
100
AcDbEntity
8
0
100
AcDbCircle
10
39653216.9514
20
39457948.8560
30
0.0
40
2.6661
0
CIRCLE
100
AcDbEntity
8
0
100
AcDbCircle
10
39652628.7090
20
39458423.7182
30
0.0
40
2.6115
0
CIRCLE
100
AcDbEntity
8
0
100
AcDbCircle
10
39652537.8814
20
39458474.0515
30
0.0
40
5.4764
0
CIRCLE
100
AcDbEntity
8
0
100
AcDbCircle
10
39653194.5209
20
39458606.2455
30
0.0
40
10.3979
0
CIRCLE
100
AcDbEntity
8
0
100
AcDbCircle
10
39652580.0247
20
39458200.5496
30
0.0
40
0.4057
0
CIRCLE
100
AcDbEntity
8
0
100
AcDbCircle
10
39652714.9118
20
39458057.6600
30
0.0
40
0.3138
0
CIRCLE
100
AcDbEntity
8
0
100
AcDbCircle
10
39653243.0509
20
39457908.1985
30
0.0
40
11.0885
0
CIRCLE
100
AcDbEntity
8
0
100
AcDbCircle
10
39652830.8289
20
39458453.8425
30
0.0
40
6.4328
0
CIRCLE
100
AcDbEntity
8
0
100
AcDbCircle
10
39653007.6738
20
39458168.9952
30
0.0
40
1.9004
0
CIRCLE
100
AcDbEntity
8
0
100
AcDbCircle
10
39653044.4491
20
39457964.2209
30
0.0
40
4.8441
0
CIRCLE
100
AcDbEntity
8
0
100
AcDbCircle
10
39652888.8972
20
39458586.9337
30
0.0
40
6.0212
0
CIRCLE
100
AcDbEntity
8
0
100
AcDbCircle
10
39652761.3596
20
39457900.8902
30
0.0
40
11.8831
0
CIRCLE
100
AcDbEntity
8
0
100
AcDbCircle
10
39653001.2836
20
39458162.9145
30
0.0
40
4.7918
0
CIRCLE
100
AcDbEntity
8
0
100
AcDbCircle
10
39652905.5516
20
39457958.0759
30
0.0
40
7.5108
0
CIRCLE
100
AcDbEntity
8
0
100
AcDbCircle
10
39652679.9008
20
39458102.1956
30
0.0
40
2.0223
0
CIRCLE
100
AcDbEntity
8
0
100
AcDbCircle
10
39653061.4303
20
39457896.5318
30
0.0
40
7.2355
0
CIRCLE
100
AcDbEntity
8
0
100
AcDbCircle
10
39653282.6271
20
39458348.2712
30
0.0
40
10.3603
0
CIRCLE
100
AcDbEntity
8
0
100
AcDbCircle
10
39653219.6927
20
39458521.9936
30
0.0
40
7.9083
0
CIRCLE
100
AcDbEntity
8
0
100
AcDbCircle
10
39652875.2817
20
39458512.2223
30
0.0
40
8.9322
0
CIRCLE
100
AcDbEntity
8
0
100
AcDbCircle
10
39653295.3383
20
39457995.0891
30
0.0
40
4.4319
0
CIRCLE
100
AcDbEntity
8
0
100
AcDbCircle
10
39652820.5756
20
39458120.4873
30
0.0
40
10.9823
0
CIRCLE
100
AcDbEntity
8
0
100
AcDbCircle
10
39652896.2275
20
39458542.1397
30
0.0
40
7.6764
0
CIRCLE
100
AcDbEntity
8
0
100
AcDbCircle
10
39652705.1613
20
39458476.6586
30
0.0
40
11.9044
0
CIRCLE
100
AcDbEntity
8
0
100
AcDbCircle
10
39652599.5152
20
39458362.0686
30
0.0
40
6.4155
0
CIRCLE
100
AcDbEntity
8
0
100
AcDbCircle
10
39653296.0883
20
39458374.3167
30
0.0
40
8.6304
0
CIRCLE
100
AcDbEntity
8
0
100
AcDbCircle
10
39653290.9373
20
39457994.1600
30
0.0
40
3.6612
0
CIRCLE
100
AcDbEntity
8
0
100
AcDbCircle
10
39652568.7559
20
39457858.0700
30
0.0
40
9.5764
0
CIRCLE
100
AcDbEntity
8
0
100
AcDbCircle
10
39652588.3378
20
39458074.6986
30
0.0
40
6.1106
0
CIRCLE
100
AcDbEntity
8
0
100
AcDbCircle
10
39652542.9836
20
39458458.8743
30
0.0
40
10.9791
0
CIRCLE
100
AcDbEntity
8
0
100
AcDbCircle
10
39653255.9809
20
39457917.5465
30
0.0
40
10.2917
0
CIRCLE
100
AcDbEntity
8
0
100
AcDbCircle
10
39653152.1012
20
39457877.3624
30
0.0
40
7.2508
0
CIRCLE
100
AcDbEntity
8
0
100
AcDbCircle
10
39652870.0944
20
39458554.4978
30
0.0
40
8.1483
0
CIRCLE
100
AcDbEntity
8
0
100
AcDbCircle
10
39653301.9925
20
39458205.3212
30
0.0
40
2.6786
0
CIRCLE
100
AcDbEntity
8
0
100
AcDbCircle
10
39652668.7524
20
39458215.7832
30
0.0
40
11.9832
0
CIRCLE
100
AcDbEntity
8
0
100
AcDbCircle
10
39652702.8082
20
39458510.6082
30
0.0
40
6.1519
0
CIRCLE
100
AcDbEntity
8
0
100
AcDbCircle
10
39653160.6082
20
39457969.3744
30
0.0
40
11.6511
0
CIRCLE
100
AcDbEntity
8
0
100
AcDbCircle
10
39653025.5921
20
39458014.7072
30
0.0
40
0.3590
0
CIRCLE
100
AcDbEntity
8
0
100
AcDbCircle
10
39652927.1444
20
39458019.7744
30
0.0
40
1.3805
0
CIRCLE
100
AcDbEntity
8
0
100
AcDbCircle
10
39652699.3505
20
39458214.7791
30
0.0
40
8.8183
0
CIRCLE
100
AcDbEntity
8
0
100
AcDbCircle
10
39652982.0164
20
39457842.7573
30
0.0
40
3.3883
0
CIRCLE
100
AcDbEntity
8
0
100
AcDbCircle
10
39652671.1209
20
39458193.4683
30
0.0
40
2.9269
0
CIRCLE
100
AcDbEntity
8
0
100
AcDbCircle
10
39652698.7178
20
39457952.0534
30
0.0
40
10.2542
0
CIRCLE
100
AcDbEntity
8
0
100
AcDbCircle
10
39652752.3822
20
39458069.8842
30
0.0
40
3.6951
0
CIRCLE
100
AcDbEntity
8
0
100
AcDbCircle
10
39652934.2059
20
39458507.2581
30
0.0
40
1.6153
0
CIRCLE
100
AcDbEntity
8
0
100
AcDbCircle
10
39653019.6753
20
39458124.0809
30
0.0
40
11.7189
0
CIRCLE
100
AcDbEntity
8
0
100
AcDbCircle
10
39652611.2788
20
39458229.2725
30
0.0
40
6.8607
0
CIRCLE
100
AcDbEntity
8
0
100
AcDbCircle
10
39652575.5881
20
39458225.0155
30
0.0
40
2.9876
0
CIRCLE
100
AcDbEntity
8
0
100
AcDbCircle
10
39652926.4051
20
39457840.3647
30
0.0
40
1.9084
0
CIRCLE
100
AcDbEntity
8
0
100
AcDbCircle
10
39652858.2875
20
39458458.3729
30
0.0
40
10.0713
0
CIRCLE
100
AcDbEntity
8
0
100
AcDbCircle
10
39653172.3602
20
39457940.4751
30
0.0
40
4.5806
0
CIRCLE
100
AcDbEntity
8
0
100
AcDbCircle
10
39652663.5640
20
39457935.7987
30
0.0
40
6.8391
0
CIRCLE
100
AcDbEntity
8
0
100
AcDbCircle
10
39652556.4317
20
39458319.6655
30
0.0
40
3.3090
0
CIRCLE
100
AcDbEntity
8
0
100
AcDbCircle
10
39653162.8842
20
39458520.9902
30
0.0
40
10.8715
0
CIRCLE
100
AcDbEntity
8
0
100
AcDbCircle
10
39652805.1111
20
39457838.6478
30
0.0
40
9.6462
0
CIRCLE
100
AcDbEntity
8
0
100
AcDbCircle
10
39652714.2292
20
39457880.7509
30
0.0
40
9.8960
0
CIRCLE
100
AcDbEntity
8
0
100
AcDbCircle
10
39652625.0974
20
39458035.1054
30
0.0
40
8.0883
0
CIRCLE
100
AcDbEntity
8
0
100
AcDbCircle
10
39653219.5272
20
39458110.5196
30
0.0
40
7.6522
0
CIRCLE
100
AcDbEntity
8
0
100
AcDbCircle
10
39653088.0912
20
39457983.0548
30
0.0
40
2.7717
0
CIRCLE
100
AcDbEntity
8
0
100
AcDbCircle
10
39652633.2698
20
39458044.0437
30
0.0
40
1.3212
0
CIRCLE
100
AcDbEntity
8
0
100
AcDbCircle
10
39652973.2680
20
39458295.7733
30
0.0
40
11.4459
0
CIRCLE
100
AcDbEntity
8
0
100
AcDbCircle
10
39652821.4344
20
39457885.7683
30
0.0
40
3.7905
0
CIRCLE
100
AcDbEntity
8
0
100
AcDbCircle
10
39652886.4719
20
39458569.8531
30
0.0
40
8.4982
0
CIRCLE
100
AcDbEntity
8
0
100
AcDbCircle
10
39653158.1130
20
39458252.1740
30
0.0
40
8.3202
0
CIRCLE
100
AcDbEntity
8
0
100
AcDbCircle
10
39653229.0805
20
39458268.7199
30
0.0
40
0.4542
0
CIRCLE
100
AcDbEntity
8
0
100
AcDbCircle
10
39653279.2830
20
39458324.6992
30
0.0
40
9.3752
0
CIRCLE
100
AcDbEntity
8
0
100
AcDbCircle
10
39653262.1445
20
39458088.4886
30
0.0
40
9.0661
0
CIRCLE
100
AcDbEntity
8
0
100
AcDbCircle
10
39652538.9333
20
39458252.0394
30
0.0
40
8.2407
0
CIRCLE
100
AcDbEntity
8
0
100
AcDbCircle
10
39652852.8162
20
39458487.3075
30
0.0
40
8.5618
0
CIRCLE
100
AcDbEntity
8
0
100
AcDbCircle
10
39652582.2932
20
39458243.5233
30
0.0
40
6.3053
0
CIRCLE
100
AcDbEntity
8
0
100
AcDbCircle
10
39652850.2328
20
39458341.3745
30
0.0
40
2.6270
0
CIRCLE
100
AcDbEntity
8
0
100
AcDbCircle
10
39652714.1897
20
39458417.9211
30
0.0
40
5.3091
0
CIRCLE
100
AcDbEntity
8
0
100
AcDbCircle
10
39652666.9296
20
39458466.5911
30
0.0
40
10.9675
0
CIRCLE
100
AcDbEntity
8
0
100
AcDbCircle
10
39652647.5936
20
39458063.4469
30
0.0
40
5.1805
0
CIRCLE
100
AcDbEntity
8
0
100
AcDbCircle
10
39652789.5138
20
39458064.3494
30
0.0
40
4.6085
0
CIRCLE
100
AcDbEntity
8
0
100
AcDbCircle
10
39652618.1935
20
39458374.8722
30
0.0
40
7.0667
0
CIRCLE
100
AcDbEntity
8
0
100
AcDbCircle
10
39653058.7345
20
39457863.2301
30
0.0
40
1.1784
0
CIRCLE
100
AcDbEntity
8
0
100
AcDbCircle
10
39652795.3677
20
39458012.5765
30
0.0
40
8.5474
0
CIRCLE
100
AcDbEntity
8
0
100
AcDbCircle
10
39652894.2436
20
39457885.4186
30
0.0
40
10.0434
0
CIRCLE
100
AcDbEntity
8
0
100
AcDbCircle
10
39652858.2085
20
39458226.0131
30
0.0
40
10.5666
0
CIRCLE
100
AcDbEntity
8
0
100
AcDbCircle
10
39653043.2452
20
39458017.4320
30
0.0
40
4.0639
0
CIRCLE
100
AcDbEntity
8
0
100
AcDbCircle
10
39652587.2812
20
39458450.4793
30
0.0
40
10.0641
0
CIRCLE
100
AcDbEntity
8
0
100
AcDbCircle
10
39652954.8899
20
39457959.2746
30
0.0
40
9.6762
0
CIRCLE
100
AcDbEntity
8
0
100
AcDbCircle
10
39652998.5817
20
39458471.2321
30
0.0
40
3.3961
0
CIRCLE
100
AcDbEntity
8
0
100
AcDbCircle
10
39652973.6752
20
39458514.4270
30
0.0
40
11.7178
0
CIRCLE
100
AcDbEntity
8
0
100
AcDbCircle
10
39652965.6916
20
39458502.8996
30
0.0
40
6.1448
0
CIRCLE
100
AcDbEntity
8
0
100
AcDbCircle
10
39653255.2705
20
39458615.1005
30
0.0
40
11.6602
0
CIRCLE
100
AcDbEntity
8
0
100
AcDbCircle
10
39653289.4051
20
39458104.7932
30
0.0
40
11.5845
0
CIRCLE
100
AcDbEntity
8
0
100
AcDbCircle
10
39652687.0908
20
39458002.9734
30
0.0
40
11.4426
0
CIRCLE
100
AcDbEntity
8
0
100
AcDbCircle
10
39652831.1382
20
39458194.1323
30
0.0
40
11.6475
0
CIRCLE
100
AcDbEntity
8
0
100
AcDbCircle
10
39652593.5985
20
39458555.1535
30
0.0
40
11.6557
0
CIRCLE
100
AcDbEntity
8
0
100
AcDbCircle
10
39652877.2095
20
39458579.3498
30
0.0
40
1.4613
0
CIRCLE
100
AcDbEntity
8
0
100
AcDbCircle
10
39653072.7222
20
39458308.3954
30
0.0
40
2.1662
0
CIRCLE
100
AcDbEntity
8
0
100
AcDbCircle
10
39652795.6134
20
39458264.5520
30
0.0
40
2.1676
0
CIRCLE
100
AcDbEntity
8
0
100
AcDbCircle
10
39652694.9331
20
39458141.6307
30
0.0
40
1.1440
0
CIRCLE
100
AcDbEntity
8
0
100
AcDbCircle
10
39652735.1888
20
39458323.8644
30
0.0
40
9.5252
0
CIRCLE
100
AcDbEntity
8
0
100
AcDbCircle
10
39653250.4300
20
39458277.6510
30
0.0
40
6.6053
0
CIRCLE
100
AcDbEntity
8
0
100
AcDbCircle
10
39653249.1156
20
39458460.7986
30
0.0
40
8.4984
0
CIRCLE
100
AcDbEntity
8
0
100
AcDbCircle
10
39653302.5374
20
39457909.3150
30
0.0
40
10.7688
0
CIRCLE
100
AcDbEntity
8
0
100
AcDbCircle
10
39652550.4559
20
39457902.9349
30
0.0
40
1.3879
0
CIRCLE
100
AcDbEntity
8
0
100
AcDbCircle
10
39652546.8285
20
39458393.9316
30
0.0
40
5.4879
0
CIRCLE
100
AcDbEntity
8
0
100
AcDbCircle
10
39653276.9833
20
39458486.1187
30
0.0
40
3.8235
0
CIRCLE
100
AcDbEntity
8
0
100
AcDbCircle
10
39652835.6419
20
39457841.5031
30
0.0
40
8.5166
0
CIRCLE
100
AcDbEntity
8
0
100
AcDbCircle
10
39652605.8302
20
39458505.0269
30
0.0
40
7.8545
0
CIRCLE
100
AcDbEntity
8
0
100
AcDbCircle
10
39653056.5647
20
39458198.2930
30
0.0
40
11.1454
0
CIRCLE
100
AcDbEntity
8
0
100
AcDbCircle
10
39653165.5100
20
39457998.3646
30
0.0
40
7.2008
0
CIRCLE
100
AcDbEntity
8
0
100
AcDbCircle
10
39652901.1143
20
39458346.7146
30
0.0
40
3.5501
0
CIRCLE
100
AcDbEntity
8
0
100
AcDbCircle
10
39652693.6552
20
39458247.1126
30
0.0
40
9.2029
0
CIRCLE
100
AcDbEntity
8
0
100
AcDbCircle
10
39653176.2539
20
39458355.8177
30
0.0
40
8.7898
0
CIRCLE
100
AcDbEntity
8
0
100
AcDbCircle
10
39653033.3410
20
39457843.1475
30
0.0
40
1.9029
0
CIRCLE
100
AcDbEntity
8
0
100
AcDbCircle
10
39653146.5360
20
39458473.6822
30
0.0
40
1.5065
0
CIRCLE
100
AcDbEntity
8
0
100
AcDbCircle
10
39653099.1488
20
39458183.2157
30
0.0
40
1.7248
0
CIRCLE
100
AcDbEntity
8
0
100
AcDbCircle
10
39653098.5719
20
39458603.8079
30
0.0
40
0.7865
0
CIRCLE
100
AcDbEntity
8
0
100
AcDbCircle
10
39653126.1511
20
39458509.6488
30
0.0
40
2.1752
0
CIRCLE
100
AcDbEntity
8
0
100
AcDbCircle
10
39652742.1841
20
39458302.1228
30
0.0
40
12.0727
0
CIRCLE
100
AcDbEntity
8
0
100
AcDbCircle
10
39653290.7840
20
39458104.3621
30
0.0
40
11.5918
0
CIRCLE
100
AcDbEntity
8
0
100
AcDbCircle
10
39652654.0023
20
39458219.5103
30
0.0
40
8.2351
0
CIRCLE
100
AcDbEntity
8
0
100
AcDbCircle
10
39652712.1033
20
39458396.5865
30
0.0
40
4.9743
0
CIRCLE
100
AcDbEntity
8
0
100
AcDbCircle
10
39652579.4205
20
39458246.7908
30
0.0
40
0.6506
0
CIRCLE
100
AcDbEntity
8
0
100
AcDbCircle
10
39652955.2006
20
39458417.4380
30
0.0
40
4.1071
0
CIRCLE
100
AcDbEntity
8
0
100
AcDbCircle
10
39653287.7415
20
39457844.8717
30
0.0
40
7.1723
0
CIRCLE
100
AcDbEntity
8
0
100
AcDbCircle
10
39652715.5894
20
39457875.8385
30
0.0
40
10.2495
0
CIRCLE
100
AcDbEntity
8
0
100
AcDbCircle
10
39653272.9866
20
39458612.3116
30
0.0
40
2.9251
0
CIRCLE
100
AcDbEntity
8
0
100
AcDbCircle
10
39653014.1492
20
39458190.4532
30
0.0
40
11.4072
0
CIRCLE
100
AcDbEntity
8
0
100
AcDbCircle
10
39652959.2590
20
39458505.8266
30
0.0
40
7.7074
0
CIRCLE
100
AcDbEntity
8
0
100
AcDbCircle
10
39653026.7512
20
39458541.2217
30
0.0
40
8.3297
0
CIRCLE
100
AcDbEntity
8
0
100
AcDbCircle
10
39653054.7042
20
39458136.2972
30
0.0
40
12.1458
0
CIRCLE
100
AcDbEntity
8
0
100
AcDbCircle
10
39652860.9653
20
39458051.7110
30
0.0
40
0.6747
0
CIRCLE
100
AcDbEntity
8
0
100
AcDbCircle
10
39652552.0141
20
39457863.6153
30
0.0
40
7.4049
0
CIRCLE
100
AcDbEntity
8
0
100
AcDbCircle
10
39653224.2835
20
39458429.9278
30
0.0
40
3.9785
0
CIRCLE
100
AcDbEntity
8
0
100
AcDbCircle
10
39653046.0835
20
39458458.2426
30
0.0
40
7.9377
0
CIRCLE
100
AcDbEntity
8
0
100
AcDbCircle
10
39653054.0752
20
39458430.3844
30
0.0
40
3.9261
0
CIRCLE
100
AcDbEntity
8
0
100
AcDbCircle
10
39652580.8288
20
39458335.6333
30
0.0
40
9.2249
0
CIRCLE
100
AcDbEntity
8
0
100
AcDbCircle
10
39652849.0179
20
39458604.1148
30
0.0
40
5.6795
0
CIRCLE
100
AcDbEntity
8
0
100
AcDbCircle
10
39652797.3365
20
39458451.7033
30
0.0
40
6.4503
0
CIRCLE
100
AcDbEntity
8
0
100
AcDbCircle
10
39652905.0337
20
39458225.9988
30
0.0
40
1.4355
0
CIRCLE
100
AcDbEntity
8
0
100
AcDbCircle
10
39652784.4177
20
39457923.3124
30
0.0
40
9.3346
0
CIRCLE
100
AcDbEntity
8
0
100
AcDbCircle
10
39653165.7880
20
39458280.1550
30
0.0
40
7.7147
0
CIRCLE
100
AcDbEntity
8
0
100
AcDbCircle
10
39652780.2968
20
39458557.2544
30
0.0
40
2.6596
0
CIRCLE
100
AcDbEntity
8
0
100
AcDbCircle
10
39652598.5915
20
39458394.3202
30
0.0
40
1.8580
0
CIRCLE
100
AcDbEntity
8
0
100
AcDbCircle
10
39652990.5729
20
39457984.5329
30
0.0
40
7.1043
0
CIRCLE
100
AcDbEntity
8
0
100
AcDbCircle
10
39652951.0759
20
39458293.0399
30
0.0
40
7.5983
0
CIRCLE
100
AcDbEntity
8
0
100
AcDbCircle
10
39652722.7458
20
39457853.7312
30
0.0
40
2.6354
0
CIRCLE
100
AcDbEntity
8
0
100
AcDbCircle
10
39652882.2957
20
39458337.1506
30
0.0
40
9.1149
0
CIRCLE
100
AcDbEntity
8
0
100
AcDbCircle
10
39653041.5061
20
39458388.0667
30
0.0
40
8.5982
0
CIRCLE
100
AcDbEntity
8
0
100
AcDbCircle
10
39652643.9402
20
39458483.4400
30
0.0
40
8.4287
0
CIRCLE
100
AcDbEntity
8
0
100
AcDbCircle
10
39653271.6453
20
39458005.2501
30
0.0
40
10.5849
0
CIRCLE
100
AcDbEntity
8
0
100
AcDbCircle
10
39652763.1201
20
39457983.5286
30
0.0
40
1.1025
0
CIRCLE
100
AcDbEntity
8
0
100
AcDbCircle
10
39652966.8467
20
39457887.5521
30
0.0
40
9.8750
0
CIRCLE
100
AcDbEntity
8
0
100
AcDbCircle
10
39652597.7247
20
39457994.9219
30
0.0
40
6.7202
0
CIRCLE
100
AcDbEntity
8
0
100
AcDbCircle
10
39652672.7761
20
39458021.5116
30
0.0
40
6.4871
0
CIRCLE
100
AcDbEntity
8
0
100
AcDbCircle
10
39653048.6276
20
39457849.8376
30
0.0
40
12.2885
0
CIRCLE
100
AcDbEntity
8
0
100
AcDbCircle
10
39653191.7958
20
39458552.4995
30
0.0
40
9.4086
0
CIRCLE
100
AcDbEntity
8
0
100
AcDbCircle
10
39652970.0486
20
39458068.8216
30
0.0
40
5.2790
0
CIRCLE
100
AcDbEntity
8
0
100
AcDbCircle
10
39652754.2828
20
39458368.8845
30
0.0
40
1.1292
0
CIRCLE
100
AcDbEntity
8
0
100
AcDbCircle
10
39652970.1632
20
39458366.3187
30
0.0
40
7.2571
0
CIRCLE
100
AcDbEntity
8
0
100
AcDbCircle
10
39653167.9372
20
39458093.8287
30
0.0
40
5.9432
0
CIRCLE
100
AcDbEntity
8
0
100
AcDbCircle
10
39652588.5783
20
39458324.2734
30
0.0
40
9.6836
0
CIRCLE
100
AcDbEntity
8
0
100
AcDbCircle
10
39652701.6251
20
39457969.7707
30
0.0
40
6.3575
0
CIRCLE
100
AcDbEntity
8
0
100
AcDbCircle
10
39652925.5792
20
39458357.4910
30
0.0
40
3.2655
0
CIRCLE
100
AcDbEntity
8
0
100
AcDbCircle
10
39652614.2037
20
39458121.4371
30
0.0
40
1.0937
0
CIRCLE
100
AcDbEntity
8
0
100
AcDbCircle
10
39653130.0797
20
39458510.8956
30
0.0
40
5.9331
0
LWPOLYLINE
100
AcDbEntity
8
0
100
AcDbPolyline
90
8
70
0
43
0.5
10
39653294.9564
20
39458210.3616
10
39653301.2353
20
39458198.9459
10
39653282.6704
20
39458195.5909
10
39653278.3558
20
39458186.7635
10
39653262.5174
20
39458178.5201
10
39653266.7665
20
39458167.4010
10
39653254.9876
20
39458168.8141
10
39653237.7296
20
39458176.8823
0
LWPOLYLINE
100
AcDbEntity
8
0
100
AcDbPolyline
90
8
70
0
43
0.5
10
39652760.1024
20
39458328.3507
10
39652770.8450
20
39458326.1403
10
39652781.3219
20
39458322.5490
10
39652765.1722
20
39458324.4754
10
39652767.5877
20
39458341.7223
10
39652754.6477
20
39458347.8717
10
39652771.0280
20
39458335.4593
10
39652774.2080
20
39458323.2400
0
LWPOLYLINE
100
AcDbEntity
8
0
100
AcDbPolyline
90
8
70
0
43
0.5
10
39652558.1387
20
39458181.5954
10
39652560.7610
20
39458164.1862
10
39652568.6044
20
39458150.8303
10
39652552.4662
20
39458165.5999
10
39652534.6418
20
39458174.7190
10
39652520.4606
20
39458193.6684
10
39652506.0115
20
39458189.8803
10
39652515.0701
20
39458189.8535
0
LWPOLYLINE
100
AcDbEntity
8
0
100
AcDbPolyline
90
8
70
0
43
0.5
10
39652963.4391
20
39457963.8822
10
39652959.1830
20
39457949.3143
10
39652942.4956
20
39457954.3721
10
39652941.4181
20
39457953.9919
10
39652949.2803
20
39457941.7953
10
39652934.2653
20
39457956.3781
10
39652939.0005
20
39457970.2473
10
39652934.5187
20
39457985.0619
0
LWPOLYLINE
100
AcDbEntity
8
0
100
AcDbPolyline
90
8
70
0
43
0.5
10
39652842.8639
20
39458549.5789
10
39652858.8644
20
39458567.9011
10
39652867.3402
20
39458570.5143
10
39652870.2884
20
39458577.5405
10
39652852.6036
20
39458565.9519
10
39652842.9653
20
39458562.5554
10
39652853.8674
20
39458572.7987
10
39652838.2215
20
39458586.7368
0
LWPOLYLINE
100
AcDbEntity
8
0
100
AcDbPolyline
90
8
70
0
43
0.5
10
39652770.0361
20
39457952.3153
10
39652750.3666
20
39457953.5399
10
39652758.0139
20
39457952.7611
10
39652742.8338
20
39457939.7662
10
39652760.7041
20
39457925.2426
10
39652761.0655
20
39457941.9384
10
39652755.0672
20
39457922.8505
10
39652764.4119
20
39457919.8741
0
LWPOLYLINE
100
AcDbEntity
8
0
100
AcDbPolyline
90
8
70
0
43
0.5
10
39653332.7443
20
39458310.2340
10
39653339.9068
20
39458309.4519
10
39653338.6299
20
39458315.4119
10
39653339.5800
20
39458316.0520
10
39653333.8895
20
39458335.2832
10
39653349.6003
20
39458321.2522
10
39653339.9071
20
39458326.8464
10
39653355.8369
20
39458316.4478
0
LWPOLYLINE
100
AcDbEntity
8
0
100
AcDbPolyline
90
8
70
0
43
0.5
10
39652845.1736
20
39458327.4651
10
39652846.8673
20
39458337.1268
10
39652834.4162
20
39458324.7247
10
39652827.1459
20
39458312.0475
10
39652845.7172
20
39458296.5132
10
39652844.3363
20
39458292.9447
10
39652845.8843
20
39458289.3521
10
39652847.8454
20
39458276.3368
0
LWPOLYLINE
100
AcDbEntity
8
0
100
AcDbPolyline
90
8
70
0
43
0.5
10
39652714.5237
20
39458613.5482
10
39652706.8952
20
39458613.2533
10
39652724.5713
20
39458610.6112
10
39652706.1273
20
39458610.8471
10
39652713.6835
20
39458617.6388
10
39652695.3666
20
39458601.4047
10
39652697.2472
20
39458611.5108
10
39652715.8778
20
39458601.7248
0
LWPOLYLINE
100
AcDbEntity
8
0
100
AcDbPolyline
90
8
70
0
43
0.5
10
39653270.9803
20
39458374.9087
10
39653276.7530
20
39458370.0466
10
39653282.7734
20
39458358.1364
10
39653275.8613
20
39458367.1070
10
39653292.9760
20
39458381.1036
10
39653276.8586
20
39458385.5382
10
39653276.4582
20
39458387.2843
10
39653272.3385
20
39458384.7211
0
LWPOLYLINE
100
AcDbEntity
8
0
100
AcDbPolyline
90
8
70
0
43
0.5
10
39652593.4897
20
39457977.6886
10
39652581.6927
20
39457994.0027
10
39652568.0719
20
39457986.8052
10
39652584.7020
20
39457980.3266
10
39652594.5861
20
39457974.9068
10
39652582.9793
20
39457961.0337
10
39652581.1969
20
39457968.2940
10
39652588.2997
20
39457979.0409
0
LWPOLYLINE
100
AcDbEntity
8
0
100
AcDbPolyline
90
8
70
0
43
0.5
10
39652653.8184
20
39458631.7438
10
39652660.1092
20
39458639.9050
10
39652669.6333
20
39458655.2682
10
39652657.2558
20
39458636.0852
10
39652641.7676
20
39458640.1307
10
39652648.9148
20
39458643.2241
10
39652633.4446
20
39458644.7576
10
39652649.7045
20
39458631.4300
0
LWPOLYLINE
100
AcDbEntity
8
0
100
AcDbPolyline
90
8
70
0
43
0.5
10
39652520.4878
20
39458433.9356
10
39652538.5875
20
39458415.5820
10
39652541.7431
20
39458397.1651
10
39652545.3311
20
39458383.0828
10
39652556.8414
20
39458397.6385
10
39652569.4153
20
39458407.1570
10
39652561.5205
20
39458396.3842
10
39652570.7066
20
39458397.1096
0
LWPOLYLINE
100
AcDbEntity
8
0
100
AcDbPolyline
90
8
70
0
43
0.5
10
39653234.8327
20
39458387.4799
10
39653248.1942
20
39458383.4604
10
39653238.0819
20
39458377.8459
10
39653257.1750
20
39458395.4021
10
39653246.1623
20
39458403.0684
10
39653256.4382
20
39458400.3131
10
39653276.2199
20
39458410.6433
10
39653288.5015
20
39458425.8641
0
LWPOLYLINE
100
AcDbEntity
8
0
100
AcDbPolyline
90
8
70
0
43
0.5
10
39653176.1623
20
39458575.5627
10
39653184.9718
20
39458582.3806
10
39653174.0988
20
39458599.1732
10
39653179.8786
20
39458593.4659
10
39653177.1971
20
39458578.9770
10
39653187.2268
20
39458590.3643
10
39653185.9118
20
39458574.0689
10
39653204.4736
20
39458591.4849
0
LWPOLYLINE
100
AcDbEntity
8
0
100
AcDbPolyline
90
8
70
0
43
0.5
10
39652814.2897
20
39457864.1869
10
39652819.0788
20
39457872.4389
10
39652800.7981
20
39457888.0045
10
39652802.6470
20
39457903.7301
10
39652810.6123
20
39457889.2734
10
39652809.5532
20
39457870.4428
10
39652800.1017
20
39457862.6862
10
39652785.7025
20
39457857.1305
0
LWPOLYLINE
100
AcDbEntity
8
0
100
AcDbPolyline
90
8
70
0
43
0.5
10
39653068.0487
20
39457853.7863
10
39653082.8797
20
39457841.7904
10
39653089.9338
20
39457840.7929
10
39653073.9404
20
39457826.2135
10
39653054.5217
20
39457816.4368
10
39653056.8701
20
39457802.5958
10
39653054.0546
20
39457797.7664
10
39653068.8393
20
39457792.7542
0
LWPOLYLINE
100
AcDbEntity
8
0
100
AcDbPolyline
90
8
70
0
43
0.5
10
39652950.3293
20
39458304.0272
10
39652933.5201
20
39458322.3969
10
39652936.9748
20
39458319.5154
10
39652923.3088
20
39458310.5287
10
39652920.1198
20
39458298.9255
10
39652927.7556
20
39458301.4256
10
39652946.0920
20
39458300.4226
10
39652945.0843
20
39458318.0954
0
LWPOLYLINE
100
AcDbEntity
8
0
100
AcDbPolyline
90
8
70
0
43
0.5
10
39653226.1420
20
39458633.9101
10
39653245.1350
20
39458636.6228
10
39653231.7571
20
39458640.3486
10
39653249.0510
20
39458635.1410
10
39653230.3057
20
39458627.1604
10
39653246.3009
20
39458629.3734
10
39653231.6427
20
39458640.5478
10
39653240.4656
20
39458625.8255
0
LWPOLYLINE
100
AcDbEntity
8
0
100
AcDbPolyline
90
8
70
0
43
0.5
10
39653302.7567
20
39458482.2949
10
39653314.8203
20
39458493.3805
10
39653314.9828
20
39458483.6634
10
39653315.6443
20
39458501.1426
10
39653318.1008
20
39458484.0065
10
39653327.9843
20
39458497.6760
10
39653341.5197
20
39458499.7773
10
39653329.8345
20
39458494.2805
0
LWPOLYLINE
100
AcDbEntity
8
0
100
AcDbPolyline
90
8
70
0
43
0.5
10
39652952.5678
20
39458214.7909
10
39652959.8578
20
39458226.1981
10
39652959.1545
20
39458239.4921
10
39652960.2030
20
39458230.8965
10
39652962.1691
20
39458212.2760
10
39652954.0843
20
39458207.7357
10
39652963.7380
20
39458202.0279
10
39652965.9677
20
39458217.8086
0
LWPOLYLINE
100
AcDbEntity
8
0
100
AcDbPolyline
90
8
70
0
43
0.5
10
39652882.4977
20
39458414.0883
10
39652896.4189
20
39458411.1309
10
39652912.6512
20
39458424.1468
10
39652895.0349
20
39458423.4615
10
39652895.0693
20
39458439.9429
10
39652911.8331
20
39458431.4650
10
39652925.9560
20
39458436.2150
10
39652916.8780
20
39458435.1036
0
LWPOLYLINE
100
AcDbEntity
8
0
100
AcDbPolyline
90
8
70
0
43
0.5
10
39653010.9788
20
39458024.7494
10
39652997.0804
20
39458014.8555
10
39652992.9562
20
39458018.6301
10
39652973.6795
20
39458002.7767
10
39652978.5032
20
39457995.9820
10
39652972.2705
20
39457981.1252
10
39652956.8374
20
39457971.4972
10
39652954.9117
20
39457971.9892
0
LWPOLYLINE
100
AcDbEntity
8
0
100
AcDbPolyline
90
8
70
0
43
0.5
10
39652737.3437
20
39458032.7404
10
39652740.9705
20
39458017.5881
10
39652737.0405
20
39458005.3749
10
39652740.6232
20
39458001.1431
10
39652721.2666
20
39457988.5385
10
39652738.1530
20
39458004.2536
10
39652746.7781
20
39457993.3225
10
39652760.4217
20
39457984.9621
0
LWPOLYLINE
100
AcDbEntity
8
0
100
AcDbPolyline
90
8
70
0
43
0.5
10
39653051.3035
20
39457857.0505
10
39653071.2237
20
39457846.6360
10
39653081.0839
20
39457834.1872
10
39653090.1984
20
39457829.6057
10
39653072.3693
20
39457834.9829
10
39653085.2870
20
39457822.4793
10
39653089.0271
20
39457836.1715
10
39653100.7816
20
39457825.3975
0
LWPOLYLINE
100
AcDbEntity
8
0
100
AcDbPolyline
90
8
70
0
43
0.5
10
39652614.6100
20
39458268.1312
10
39652614.6559
20
39458259.4401
10
39652595.5830
20
39458268.5407
10
39652597.9885
20
39458258.3979
10
39652586.3609
20
39458272.8204
10
39652567.2958
20
39458279.3535
10
39652558.7572
20
39458263.6944
10
39652572.2184
20
39458251.6613
0
LWPOLYLINE
100
AcDbEntity
8
0
100
AcDbPolyline
90
8
70
0
43
0.5
10
39652555.4714
20
39458538.0804
10
39652573.1814
20
39458524.8872
10
39652572.9527
20
39458507.0800
10
39652558.3695
20
39458524.6768
10
39652542.7801
20
39458543.9024
10
39652541.0956
20
39458536.7745
10
39652557.5974
20
39458556.4334
10
39652557.4149
20
39458567.4706
0
LWPOLYLINE
100
AcDbEntity
8
0
100
AcDbPolyline
90
8
70
0
43
0.5
10
39653151.3339
20
39458083.0092
10
39653140.4781
20
39458063.4698
10
39653140.4647
20
39458079.8405
10
39653144.6352
20
39458081.3372
10
39653159.3427
20
39458094.4242
10
39653163.2474
20
39458087.1667
10
39653172.0437
20
39458078.9995
10
39653166.0490
20
39458069.6853
0
LWPOLYLINE
100
AcDbEntity
8
0
100
AcDbPolyline
90
8
70
0
43
0.5
10
39652679.7393
20
39458151.3425
10
39652685.7647
20
39458155.5392
10
39652679.3026
20
39458161.7770
10
39652663.4636
20
39458159.7562
10
39652681.4899
20
39458152.2968
10
39652670.8649
20
39458134.2731
10
39652663.4931
20
39458139.9417
10
39652658.4066
20
39458157.3079
0
LWPOLYLINE
100
AcDbEntity
8
0
100
AcDbPolyline
90
8
70
0
43
0.5
10
39652552.6362
20
39458395.4445
10
39652554.2924
20
39458387.4487
10
39652558.1248
20
39458385.2177
10
39652543.2934
20
39458400.8829
10
39652531.7397
20
39458414.1432
10
39652519.9025
20
39458404.2526
10
39652522.9270
20
39458396.1008
10
39652513.9238
20
39458415.8127
0
LWPOLYLINE
100
AcDbEntity
8
0
100
AcDbPolyline
90
8
70
0
43
0.5
10
39653179.2451
20
39458350.3995
10
39653176.2559
20
39458332.8031
10
39653184.3347
20
39458345.3202
10
39653176.4954
20
39458333.1492
10
39653193.4163
20
39458318.8965
10
39653193.4094
20
39458325.7235
10
39653181.9751
20
39458336.4816
10
39653166.9825
20
39458337.0207
0
LWPOLYLINE
100
AcDbEntity
8
0
100
AcDbPolyline
90
8
70
0
43
0.5
10
39652608.8722
20
39458305.5406
10
39652627.3215
20
39458315.3272
10
39652625.7479
20
39458296.0053
10
39652608.0324
20
39458302.2406
10
39652597.2778
20
39458306.2673
10
39652597.7298
20
39458287.4738
10
39652591.7428
20
39458276.1066
10
39652601.5024
20
39458294.5753
0
LWPOLYLINE
100
AcDbEntity
8
0
100
AcDbPolyline
90
8
70
0
43
0.5
10
39652970.4119
20
39458223.8860
10
39652979.8216
20
39458206.0410
10
39652967.0273
20
39458205.6812
10
39652948.6172
20
39458206.8295
10
39652928.8209
20
39458218.6977
10
39652920.6430
20
39458230.7636
10
39652938.8685
20
39458225.4340
10
39652943.8410
20
39458238.6759
0
LWPOLYLINE
100
AcDbEntity
8
0
100
AcDbPolyline
90
8
70
0
43
0.5
10
39652672.1969
20
39458014.5284
10
39652658.9042
20
39458025.4717
10
39652646.6225
20
39458019.8407
10
39652628.1865
20
39458005.9342
10
39652611.1116
20
39457987.3348
10
39652617.0772
20
39458004.4695
10
39652602.3045
20
39458023.2245
10
39652590.2324
20
39458011.0610
0
LWPOLYLINE
100
AcDbEntity
8
0
100
AcDbPolyline
90
8
70
0
43
0.5
10
39652736.8300
20
39458305.7153
10
39652747.5348
20
39458286.5582
10
39652758.5063
20
39458278.8298
10
39652775.8265
20
39458297.6304
10
39652795.3719
20
39458308.5316
10
39652800.2991
20
39458310.7774
10
39652801.7704
20
39458297.7351
10
39652800.4636
20
39458282.3332
0
LWPOLYLINE
100
AcDbEntity
8
0
100
AcDbPolyline
90
8
70
0
43
0.5
10
39653023.1687
20
39458354.3683
10
39653023.2288
20
39458360.6991
10
39653006.2420
20
39458361.2303
10
39653015.0929
20
39458345.4042
10
39653001.7512
20
39458349.9244
10
39653014.3684
20
39458341.7071
10
39653007.2326
20
39458360.2971
10
39652993.7067
20
39458348.5600
0
LWPOLYLINE
100
AcDbEntity
8
0
100
AcDbPolyline
90
8
70
0
43
0.5
10
39652874.2393
20
39457893.6079
10
39652872.7575
20
39457913.0668
10
39652872.3455
20
39457903.8874
10
39652858.9850
20
39457887.4987
10
39652848.2152
20
39457906.7346
10
39652852.1658
20
39457917.4540
10
39652845.5946
20
39457904.2045
10
39652865.3940
20
39457902.6753
0
LWPOLYLINE
100
AcDbEntity
8
0
100
AcDbPolyline
90
8
70
0
43
0.5
10
39653028.0172
20
39458535.9851
10
39653013.8008
20
39458548.8579
10
39653001.0233
20
39458546.1363
10
39653016.6430
20
39458526.1672
10
39652998.8085
20
39458522.1103
10
39652987.4399
20
39458531.3628
10
39652993.5582
20
39458547.8905
10
39652975.7399
20
39458528.5556
0
LWPOLYLINE
100
AcDbEntity
8
0
100
AcDbPolyline
90
8
70
0
43
0.5
10
39652920.2391
20
39458209.0641
10
39652929.6309
20
39458194.5717
10
39652914.6718
20
39458195.7417
10
39652904.1514
20
39458197.8110
10
39652886.1778
20
39458212.5454
10
39652894.0871
20
39458228.3011
10
39652881.8274
20
39458212.1149
10
39652870.9864
20
39458201.7332
0
LWPOLYLINE
100
AcDbEntity
8
0
100
AcDbPolyline
90
8
70
0
43
0.5
10
39652857.2012
20
39458374.2606
10
39652869.3953
20
39458362.7057
10
39652861.5168
20
39458354.9634
10
39652864.6453
20
39458351.5391
10
39652849.6890
20
39458343.2074
10
39652856.2682
20
39458338.2786
10
39652872.9737
20
39458343.8137
10
39652877.6629
20
39458350.5575
0
LWPOLYLINE
100
AcDbEntity
8
0
100
AcDbPolyline
90
8
70
0
43
0.5
10
39652744.3490
20
39458061.9080
10
39652757.4269
20
39458069.4279
10
39652750.9495
20
39458054.4979
10
39652748.2250
20
39458072.7530
10
39652732.2293
20
39458080.8534
10
39652733.9792
20
39458080.3601
10
39652730.8681
20
39458081.8790
10
39652728.1225
20
39458065.2041
0
LWPOLYLINE
100
AcDbEntity
8
0
100
AcDbPolyline
90
8
70
0
43
0.5
10
39652945.8789
20
39458097.9094
10
39652965.2434
20
39458107.8343
10
39652961.9847
20
39458098.3172
10
39652960.0013
20
39458099.9199
10
39652968.3544
20
39458096.4293
10
39652965.3383
20
39458108.2494
10
39652951.1083
20
39458089.9426
10
39652962.3368
20
39458109.2801
0
LWPOLYLINE
100
AcDbEntity
8
0
100
AcDbPolyline
90
8
70
0
43
0.5
10
39652944.0465
20
39458252.5258
10
39652924.5074
20
39458259.3202
10
39652916.3202
20
39458241.1395
10
39652914.9034
20
39458236.7605
10
39652906.3262
20
39458237.9239
10
39652924.1128
20
39458233.3754
10
39652926.8318
20
39458225.7290
10
39652916.3963
20
39458239.8639
0
LWPOLYLINE
100
AcDbEntity
8
0
100
AcDbPolyline
90
8
70
0
43
0.5
10
39653306.9189
20
39458622.3616
10
39653293.2031
20
39458607.3915
10
39653278.2200
20
39458599.9123
10
39653260.6941
20
39458598.6415
10
39653249.2795
20
39458609.0869
10
39653233.9023
20
39458598.8865
10
39653220.2012
20
39458603.2228
10
39653202.3854
20
39458606.6637
0
LWPOLYLINE
100
AcDbEntity
8
0
100
AcDbPolyline
90
8
70
0
43
0.5
10
39652702.4062
20
39458194.9251
10
39652685.6442
20
39458196.9147
10
39652686.3711
20
39458178.7766
10
39652705.9519
20
39458191.0234
10
39652688.7640
20
39458193.7249
10
39652673.9110
20
39458213.6665
10
39652654.1876
20
39458200.2626
10
39652657.2692
20
39458189.5726
0
LWPOLYLINE
100
AcDbEntity
8
0
100
AcDbPolyline
90
8
70
0
43
0.5
10
39653017.0741
20
39458453.7795
10
39653014.6645
20
39458452.3494
10
39653025.4841
20
39458461.0035
10
39653037.5884
20
39458479.3779
10
39653029.7307
20
39458480.9493
10
39653040.3789
20
39458474.3103
10
39653049.5482
20
39458457.7283
10
39653060.1461
20
39458456.2398
0
LWPOLYLINE
100
AcDbEntity
8
0
100
AcDbPolyline
90
8
70
0
43
0.5
10
39653092.9654
20
39458013.7393
10
39653086.4472
20
39458025.9317
10
39653095.2095
20
39458008.8542
10
39653112.7853
20
39458014.0522
10
39653102.1617
20
39457996.4800
10
39653097.5129
20
39457989.9530
10
39653105.6074
20
39457974.7318
10
39653117.6925
20
39457987.3744
0
LWPOLYLINE
100
AcDbEntity
8
0
100
AcDbPolyline
90
8
70
0
43
0.5
10
39653166.9453
20
39458482.3312
10
39653169.9395
20
39458486.0700
10
39653158.4360
20
39458470.7154
10
39653163.0447
20
39458480.1178
10
39653153.4887
20
39458491.3954
10
39653147.1434
20
39458484.9212
10
39653158.0972
20
39458474.6488
10
39653166.8401
20
39458477.3398
0
LWPOLYLINE
100
AcDbEntity
8
0
100
AcDbPolyline
90
8
70
0
43
0.5
10
39652707.4416
20
39458418.3023
10
39652688.6527
20
39458432.3912
10
39652697.7156
20
39458421.6962
10
39652713.3626
20
39458411.3069
10
39652710.2049
20
39458425.0734
10
39652712.3526
20
39458432.3831
10
39652720.4012
20
39458446.9488
10
39652731.6997
20
39458461.1906
0
LWPOLYLINE
100
AcDbEntity
8
0
100
AcDbPolyline
90
8
70
0
43
0.5
10
39653135.3585
20
39457932.8475
10
39653127.8860
20
39457951.9173
10
39653124.9282
20
39457936.6452
10
39653137.3442
20
39457938.6996
10
39653119.1421
20
39457925.9786
10
39653111.9583
20
39457933.4972
10
39653103.5666
20
39457947.0828
10
39653088.4608
20
39457936.6485
0
LWPOLYLINE
100
AcDbEntity
8
0
100
AcDbPolyline
90
8
70
0
43
0.5
10
39652891.9262
20
39458546.9183
10
39652890.0209
20
39458565.7794
10
39652902.8512
20
39458570.7613
10
39652919.3942
20
39458558.8884
10
39652901.2711
20
39458544.9313
10
39652885.0037
20
39458526.0150
10
39652872.9130
20
39458508.6835
10
39652887.4664
20
39458490.6071
0
LWPOLYLINE
100
AcDbEntity
8
0
100
AcDbPolyline
90
8
70
0
43
0.5
10
39652858.7815
20
39457830.9863
10
39652859.5159
20
39457832.6668
10
39652855.5458
20
39457820.1145
10
39652857.9281
20
39457822.9095
10
39652866.0762
20
39457813.0304
10
39652852.2947
20
39457808.8719
10
39652832.4624
20
39457796.5089
10
39652845.8814
20
39457794.5996
0
LWPOLYLINE
100
AcDbEntity
8
0
100
AcDbPolyline
90
8
70
0
43
0.5
10
39652807.1800
20
39458584.4526
10
39652792.5928
20
39458568.8881
10
39652774.8967
20
39458569.9843
10
39652778.8612
20
39458566.2923
10
39652775.0632
20
39458563.0045
10
39652780.5401
20
39458570.0014
10
39652770.2528
20
39458572.4292
10
39652787.3403
20
39458592.2551
0
LWPOLYLINE
100
AcDbEntity
8
0
100
AcDbPolyline
90
8
70
0
43
0.5
10
39653256.4042
20
39458433.0300
10
39653259.3384
20
39458450.4612
10
39653240.7621
20
39458470.4437
10
39653256.4472
20
39458482.1410
10
39653241.2820
20
39458470.9294
10
39653248.7942
20
39458468.4384
10
39653265.3691
20
39458487.8134
10
39653256.6811
20
39458474.1168
0
LWPOLYLINE
100
AcDbEntity
8
0
100
AcDbPolyline
90
8
70
0
43
0.5
10
39653058.6550
20
39458446.3667
10
39653073.0562
20
39458455.0752
10
39653069.4945
20
39458463.5778
10
39653058.8472
20
39458463.2253
10
39653040.3750
20
39458447.4783
10
39653031.6616
20
39458453.7272
10
39653028.7393
20
39458461.4094
10
39653048.3385
20
39458451.2855
0
LWPOLYLINE
100
AcDbEntity
8
0
100
AcDbPolyline
90
8
70
0
43
0.5
10
39653181.5087
20
39458477.4409
10
39653198.1864
20
39458496.0635
10
39653217.5863
20
39458502.6259
10
39653208.6261
20
39458505.6183
10
39653200.1106
20
39458496.6573
10
39653214.1213
20
39458490.7327
10
39653201.8881
20
39458479.7466
10
39653206.1899
20
39458469.1972
0
LWPOLYLINE
100
AcDbEntity
8
0
100
AcDbPolyline
90
8
70
0
43
0.5
10
39653251.8681
20
39458312.3248
10
39653248.9714
20
39458331.6972
10
39653261.3704
20
39458347.6710
10
39653253.6834
20
39458335.4844
10
39653262.1160
20
39458347.8331
10
39653243.8357
20
39458361.1504
10
39653228.4292
20
39458354.7027
10
39653210.6151
20
39458336.4376
0
LWPOLYLINE
100
AcDbEntity
8
0
100
AcDbPolyline
90
8
70
0
43
0.5
10
39652839.7528
20
39458606.2989
10
39652851.2791
20
39458596.1571
10
39652857.5789
20
39458592.7735
10
39652841.9388
20
39458592.1807
10
39652844.0980
20
39458576.2712
10
39652833.4569
20
39458579.3451
10
39652819.6005
20
39458577.6841
10
39652835.2523
20
39458590.8392
0
LWPOLYLINE
100
AcDbEntity
8
0
100
AcDbPolyline
90
8
70
0
43
0.5
10
39653078.7511
20
39458482.4945
10
39653074.6062
20
39458468.4638
10
39653070.6109
20
39458473.1586
10
39653083.4054
20
39458474.8979
10
39653085.7175
20
39458460.8825
10
39653072.7047
20
39458474.5960
10
39653055.1060
20
39458469.3593
10
39653041.3962
20
39458456.2011
0
LWPOLYLINE
100
AcDbEntity
8
0
100
AcDbPolyline
90
8
70
0
43
0.5
10
39652704.9923
20
39458314.7473
10
39652705.2667
20
39458307.4417
10
39652718.1091
20
39458315.7131
10
39652726.0965
20
39458296.6310
10
39652728.9851
20
39458307.9129
10
39652722.8817
20
39458299.4088
10
39652711.4278
20
39458305.5673
10
39652712.2098
20
39458287.8143
0
LWPOLYLINE
100
AcDbEntity
8
0
100
AcDbPolyline
90
8
70
0
43
0.5
10
39653230.6025
20
39458199.6689
10
39653220.1303
20
39458209.4644
10
39653224.3696
20
39458229.1356
10
39653207.5225
20
39458248.3297
10
39653197.0475
20
39458238.4120
10
39653190.0086
20
39458229.2531
10
39653189.1069
20
39458231.3850
10
39653201.8841
20
39458233.5718
0
LWPOLYLINE
100
AcDbEntity
8
0
100
AcDbPolyline
90
8
70
0
43
0.5
10
39652973.2687
20
39458356.5717
10
39652988.0116
20
39458366.2778
10
39652988.7291
20
39458379.1046
10
39652991.3491
20
39458397.6450
10
39653006.0580
20
39458397.9837
10
39653011.9007
20
39458407.9180
10
39652995.7663
20
39458403.8996
10
39652976.6021
20
39458399.7818
0
LWPOLYLINE
100
AcDbEntity
8
0
100
AcDbPolyline
90
8
70
0
43
0.5
10
39652843.2656
20
39458210.3331
10
39652847.9186
20
39458227.6162
10
39652860.8784
20
39458216.2938
10
39652879.0999
20
39458230.7453
10
39652865.9576
20
39458242.0448
10
39652874.2737
20
39458249.6251
10
39652890.3584
20
39458237.4670
10
39652884.6310
20
39458236.9015
0
LWPOLYLINE
100
AcDbEntity
8
0
100
AcDbPolyline
90
8
70
0
43
0.5
10
39653285.5843
20
39457984.0362
10
39653284.8526
20
39458002.6264
10
39653274.5409
20
39457998.4580
10
39653259.5977
20
39457992.2446
10
39653249.9336
20
39458001.1080
10
39653256.3584
20
39457999.1227
10
39653263.7695
20
39457990.6714
10
39653282.0867
20
39457980.2482
0
LWPOLYLINE
100
AcDbEntity
8
0
100
AcDbPolyline
90
8
70
0
43
0.5
10
39652590.1583
20
39457887.8018
10
39652599.7149
20
39457880.2842
10
39652612.6384
20
39457889.6532
10
39652624.1533
20
39457907.3411
10
39652611.5888
20
39457920.9593
10
39652622.5166
20
39457919.1827
10
39652618.9992
20
39457899.3175
10
39652628.8801
20
39457904.3411
0
LWPOLYLINE
100
AcDbEntity
8
0
100
AcDbPolyline
90
8
70
0
43
0.5
10
39653020.0924
20
39458570.1026
10
39653005.1041
20
39458587.0366
10
39653008.4299
20
39458587.4240
10
39652993.3211
20
39458581.8328
10
39652995.9155
20
39458584.5100
10
39653007.9946
20
39458586.2531
10
39652998.1548
20
39458592.0901
10
39653006.0780
20
39458586.8696
0
LWPOLYLINE
100
AcDbEntity
8
0
100
AcDbPolyline
90
8
70
0
43
0.5
10
39652588.7794
20
39457950.5513
10
39652608.4038
20
39457964.8235
10
39652595.6657
20
39457960.0054
10
39652591.3559
20
39457969.7354
10
39652577.5591
20
39457958.0830
10
39652559.2138
20
39457954.4712
10
39652540.9641
20
39457972.5093
10
39652521.3765
20
39457959.3777
0
LWPOLYLINE
100
AcDbEntity
8
0
100
AcDbPolyline
90
8
70
0
43
0.5
10
39653024.3265
20
39458091.1576
10
39653022.5392
20
39458099.4299
10
39653034.0416
20
39458087.7331
10
39653027.3138
20
39458094.7913
10
39653020.0456
20
39458107.4311
10
39653026.8900
20
39458100.8207
10
39653007.9073
20
39458119.9897
10
39652993.6046
20
39458116.5985
0
LWPOLYLINE
100
AcDbEntity
8
0
100
AcDbPolyline
90
8
70
0
43
0.5
10
39652696.3168
20
39458138.8729
10
39652688.1431
20
39458152.7928
10
39652681.6665
20
39458133.4420
10
39652697.0579
20
39458151.2227
10
39652695.1593
20
39458160.3874
10
39652678.7873
20
39458174.9189
10
39652677.9028
20
39458161.6776
10
39652670.1464
20
39458174.9657
0
LWPOLYLINE
100
AcDbEntity
8
0
100
AcDbPolyline
90
8
70
0
43
0.5
10
39653148.0932
20
39457918.3726
10
39653153.6079
20
39457928.4309
10
39653171.3744
20
39457933.1576
10
39653168.2365
20
39457950.6408
10
39653164.9751
20
39457956.2097
10
39653183.0541
20
39457970.7484
10
39653173.2587
20
39457982.7953
10
39653182.8852
20
39457983.1739
0
LWPOLYLINE
100
AcDbEntity
8
0
100
AcDbPolyline
90
8
70
0
43
0.5
10
39653139.9814
20
39458582.9707
10
39653156.6044
20
39458601.5906
10
39653140.0171
20
39458598.3443
10
39653130.6185
20
39458586.0899
10
39653122.6819
20
39458598.9105
10
39653137.8553
20
39458599.6008
10
39653130.8105
20
39458583.9658
10
39653118.7453
20
39458583.7514
0
LWPOLYLINE
100
AcDbEntity
8
0
100
AcDbPolyline
90
8
70
0
43
0.5
10
39652627.6541
20
39457975.8213
10
39652637.1390
20
39457969.9957
10
39652646.8650
20
39457951.8732
10
39652626.9799
20
39457950.7634
10
39652644.7822
20
39457965.6512
10
39652633.4018
20
39457978.5787
10
39652625.3132
20
39457986.9172
10
39652620.1238
20
39457994.4553
0
LWPOLYLINE
100
AcDbEntity
8
0
100
AcDbPolyline
90
8
70
0
43
0.5
10
39652717.6937
20
39457925.6299
10
39652723.0742
20
39457942.2623
10
39652726.4237
20
39457939.2096
10
39652745.0504
20
39457957.9951
10
39652739.0071
20
39457954.1303
10
39652753.4991
20
39457942.2039
10
39652756.7446
20
39457942.5870
10
39652768.4745
20
39457951.8908
0
LWPOLYLINE
100
AcDbEntity
8
0
100
AcDbPolyline
90
8
70
0
43
0.5
10
39653301.8225
20
39458053.4804
10
39653319.2767
20
39458054.0861
10
39653299.8414
20
39458061.5923
10
39653288.8399
20
39458060.6882
10
39653291.8584
20
39458067.3118
10
39653280.3723
20
39458061.0097
10
39653274.6975
20
39458075.4492
10
39653291.0234
20
39458087.1003
0
LWPOLYLINE
100
AcDbEntity
8
0
100
AcDbPolyline
90
8
70
0
43
0.5
10
39652534.7463
20
39458592.5811
10
39652536.1634
20
39458582.2302
10
39652525.1365
20
39458586.6870
10
39652537.9771
20
39458582.4095
10
39652519.5723
20
39458592.3144
10
39652523.7951
20
39458595.4463
10
39652508.0012
20
39458612.3783
10
39652516.0669
20
39458613.9627
0
LWPOLYLINE
100
AcDbEntity
8
0
100
AcDbPolyline
90
8
70
0
43
0.5
10
39652690.5982
20
39457873.2377
10
39652707.4014
20
39457868.1419
10
39652707.2172
20
39457881.8475
10
39652706.5066
20
39457868.9384
10
39652698.9919
20
39457875.3210
10
39652698.4373
20
39457871.0091
10
39652713.6093
20
39457861.0475
10
39652716.5183
20
39457876.0864
0
LWPOLYLINE
100
AcDbEntity
8
0
100
AcDbPolyline
90
8
70
0
43
0.5
10
39652932.0676
20
39458453.6840
10
39652944.8772
20
39458441.6943
10
39652961.5940
20
39458423.2006
10
39652947.9020
20
39458408.1205
10
39652952.8491
20
39458388.4723
10
39652966.8628
20
39458376.1991
10
39652953.1290
20
39458389.2220
10
39652934.3414
20
39458406.4735
0
LWPOLYLINE
100
AcDbEntity
8
0
100
AcDbPolyline
90
8
70
0
43
0.5
10
39652936.9670
20
39458196.0332
10
39652956.7850
20
39458206.0990
10
39652958.3042
20
39458217.7974
10
39652940.8644
20
39458227.4419
10
39652939.7696
20
39458210.3685
10
39652934.7509
20
39458223.7571
10
39652945.6388
20
39458219.8638
10
39652940.2252
20
39458216.5757
0
LWPOLYLINE
100
AcDbEntity
8
0
100
AcDbPolyline
90
8
70
0
43
0.5
10
39653191.7131
20
39458168.0568
10
39653186.7931
20
39458182.4562
10
39653192.3717
20
39458193.5325
10
39653210.7907
20
39458202.7989
10
39653225.4534
20
39458201.5332
10
39653214.6781
20
39458202.5620
10
39653209.1529
20
39458205.2096
10
39653223.3253
20
39458197.4576
0
LWPOLYLINE
100
AcDbEntity
8
0
100
AcDbPolyline
90
8
70
0
43
0.5
10
39653262.4893
20
39458548.2582
10
39653273.7308
20
39458551.7053
10
39653281.6163
20
39458559.9313
10
39653294.6056
20
39458578.5038
10
39653280.4259
20
39458572.4801
10
39653290.1893
20
39458567.6664
10
39653307.7393
20
39458563.4076
10
39653295.1133
20
39458575.6247
0
LWPOLYLINE
100
AcDbEntity
8
0
100
AcDbPolyline
90
8
70
0
43
0.5
10
39653055.2075
20
39457996.2761
10
39653037.0999
20
39458007.9135
10
39653029.3102
20
39457999.7428
10
39653021.9657
20
39457987.6272
10
39653034.0126
20
39457997.3759
10
39653017.9025
20
39458014.1410
10
39653024.3844
20
39458021.4222
10
39653039.3471
20
39458029.6704
0
LWPOLYLINE
100
AcDbEntity
8
0
100
AcDbPolyline
90
8
70
0
43
0.5
10
39652797.3019
20
39457995.5369
10
39652798.9471
20
39457984.8823
10
39652795.5407
20
39457974.0472
10
39652783.6563
20
39457993.3415
10
39652786.2609
20
39457983.2075
10
39652767.0317
20
39458001.7312
10
39652778.7204
20
39457995.2143
10
39652776.8927
20
39458011.2361
0
LWPOLYLINE
100
AcDbEntity
8
0
100
AcDbPolyline
90
8
70
0
43
0.5
10
39653180.3632
20
39457952.7715
10
39653192.2441
20
39457932.9776
10
39653184.6989
20
39457949.7994
10
39653188.3130
20
39457945.9916
10
39653171.9164
20
39457945.3353
10
39653157.9781
20
39457946.7805
10
39653141.1923
20
39457940.2035
10
39653129.5960
20
39457934.8754
0
LWPOLYLINE
100
AcDbEntity
8
0
100
AcDbPolyline
90
8
70
0
43
0.5
10
39653295.1604
20
39458122.0161
10
39653294.9059
20
39458139.8850
10
39653284.7519
20
39458145.8781
10
39653271.4142
20
39458147.1825
10
39653255.7540
20
39458147.8578
10
39653249.5314
20
39458140.4538
10
39653258.6406
20
39458149.1918
10
39653251.6224
20
39458156.2559
0
LWPOLYLINE
100
AcDbEntity
8
0
100
AcDbPolyline
90
8
70
0
43
0.5
10
39652632.2013
20
39458141.5417
10
39652621.9376
20
39458122.6618
10
39652614.3883
20
39458139.2946
10
39652595.8018
20
39458151.2352
10
39652609.0750
20
39458143.8100
10
39652622.7373
20
39458152.9975
10
39652618.1101
20
39458168.8002
10
39652619.6522
20
39458156.7254
0
LWPOLYLINE
100
AcDbEntity
8
0
100
AcDbPolyline
90
8
70
0
43
0.5
10
39652894.1438
20
39457863.2872
10
39652900.9355
20
39457844.0075
10
39652894.2421
20
39457854.7421
10
39652910.8001
20
39457855.9243
10
39652925.4983
20
39457858.3857
10
39652943.6279
20
39457867.5995
10
39652953.4723
20
39457856.5228
10
39652965.0358
20
39457844.6137
0
LWPOLYLINE
100
AcDbEntity
8
0
100
AcDbPolyline
90
8
70
0
43
0.5
10
39652673.5982
20
39458408.3144
10
39652663.2736
20
39458398.0925
10
39652645.7074
20
39458415.6224
10
39652657.3168
20
39458418.4750
10
39652672.8103
20
39458400.5970
10
39652681.7794
20
39458399.3691
10
39652700.6533
20
39458416.2440
10
39652681.4840
20
39458399.7364
0
LWPOLYLINE
100
AcDbEntity
8
0
100
AcDbPolyline
90
8
70
0
43
0.5
10
39653253.6500
20
39457971.0668
10
39653239.7978
20
39457965.5861
10
39653222.8444
20
39457980.5909
10
39653219.1205
20
39457999.3573
10
39653239.0798
20
39458007.5766
10
39653222.0492
20
39458000.0295
10
39653229.4161
20
39458017.9962
10
39653221.0858
20
39458017.4062
0
LWPOLYLINE
100
AcDbEntity
8
0
100
AcDbPolyline
90
8
70
0
43
0.5
10
39653291.2841
20
39458252.2775
10
39653290.7019
20
39458268.6917
10
39653287.0615
20
39458283.9916
10
39653285.8025
20
39458265.4805
10
39653268.0049
20
39458263.5778
10
39653257.8620
20
39458272.1241
10
39653260.2236
20
39458255.3512
10
39653269.4153
20
39458241.8569
0
LWPOLYLINE
100
AcDbEntity
8
0
100
AcDbPolyline
90
8
70
0
43
0.5
10
39653048.3039
20
39457977.7596
10
39653059.4998
20
39457980.0491
10
39653048.1226
20
39457978.8311
10
39653030.7438
20
39457975.9501
10
39653023.0273
20
39457995.1421
10
39653041.0551
20
39457982.8623
10
39653051.2383
20
39457968.6432
10
39653057.2089
20
39457986.3251
0
LWPOLYLINE
100
AcDbEntity
8
0
100
AcDbPolyline
90
8
70
0
43
0.5
10
39652582.8183
20
39458550.5055
10
39652575.6145
20
39458549.2814
10
39652586.0834
20
39458544.6496
10
39652597.7200
20
39458527.6154
10
39652604.6335
20
39458547.3807
10
39652610.5579
20
39458562.1859
10
39652610.4734
20
39458571.7144
10
39652611.5609
20
39458568.1291
0
LWPOLYLINE
100
AcDbEntity
8
0
100
AcDbPolyline
90
8
70
0
43
0.5
10
39653329.4053
20
39458179.0290
10
39653334.0895
20
39458182.7635
10
39653344.5041
20
39458187.2949
10
39653332.5884
20
39458194.1965
10
39653342.9570
20
39458196.3553
10
39653355.0712
20
39458197.2127
10
39653349.0064
20
39458211.5532
10
39653343.8070
20
39458211.9290
0
LWPOLYLINE
100
AcDbEntity
8
0
100
AcDbPolyline
90
8
70
0
43
0.5
10
39653140.1657
20
39458418.2060
10
39653129.2892
20
39458400.8601
10
39653133.2152
20
39458400.6933
10
39653151.8170
20
39458411.8410
10
39653150.8028
20
39458411.6452
10
39653168.4287
20
39458420.9205
10
39653180.5067
20
39458411.5617
10
39653184.2307
20
39458402.9455
0
LWPOLYLINE
100
AcDbEntity
8
0
100
AcDbPolyline
90
8
70
0
43
0.5
10
39653074.5411
20
39458522.5008
10
39653087.1859
20
39458537.4284
10
39653086.5288
20
39458519.7333
10
39653067.4235
20
39458505.5264
10
39653083.0383
20
39458493.8508
10
39653095.4628
20
39458481.7594
10
39653087.5984
20
39458467.7449
10
39653095.4492
20
39458474.2581
0
LWPOLYLINE
100
AcDbEntity
8
0
100
AcDbPolyline
90
8
70
0
43
0.5
10
39652775.5004
20
39458017.9115
10
39652782.9439
20
39458013.8011
10
39652797.5946
20
39458005.8390
10
39652808.2095
20
39458014.7831
10
39652819.4237
20
39458016.5127
10
39652805.9623
20
39458017.8360
10
39652794.2907
20
39458010.3571
10
39652776.8028
20
39457998.3980
0
LWPOLYLINE
100
AcDbEntity
8
0
100
AcDbPolyline
90
8
70
0
43
0.5
10
39653255.9855
20
39457860.7247
10
39653261.9940
20
39457848.7657
10
39653279.0911
20
39457850.2087
10
39653269.9825
20
39457843.7782
10
39653261.9042
20
39457843.2120
10
39653259.7005
20
39457849.3901
10
39653243.3608
20
39457858.9659
10
39653261.2909
20
39457873.2935
0
LWPOLYLINE
100
AcDbEntity
8
0
100
AcDbPolyline
90
8
70
0
43
0.5
10
39652744.8597
20
39457940.7417
10
39652738.6496
20
39457932.2225
10
39652732.1208
20
39457931.5304
10
39652732.7765
20
39457929.8607
10
39652726.6414
20
39457910.9688
10
39652721.5280
20
39457891.4864
10
39652735.6532
20
39457894.0194
10
39652734.5655
20
39457876.2214
0
LWPOLYLINE
100
AcDbEntity
8
0
100
AcDbPolyline
90
8
70
0
43
0.5
10
39653008.5154
20
39458316.5187
10
39653021.5538
20
39458328.2571
10
39653006.5488
20
39458342.7599
10
39653020.8887
20
39458336.2336
10
39653028.1323
20
39458332.9744
10
39653037.1654
20
39458320.1757
10
39653042.2898
20
39458310.2981
10
39653062.2135
20
39458296.7596
0
LWPOLYLINE
100
AcDbEntity
8
0
100
AcDbPolyline
90
8
70
0
43
0.5
10
39653115.2762
20
39458192.8612
10
39653124.8523
20
39458198.2789
10
39653114.5748
20
39458182.7556
10
39653111.8670
20
39458168.4773
10
39653110.1486
20
39458159.6620
10
39653092.5954
20
39458164.8279
10
39653088.2412
20
39458174.6325
10
39653107.0275
20
39458160.8308
0
LWPOLYLINE
100
AcDbEntity
8
0
100
AcDbPolyline
90
8
70
0
43
0.5
10
39652807.2644
20
39457998.8205
10
39652802.9735
20
39458001.6785
10
39652802.5741
20
39458010.7164
10
39652783.3934
20
39457991.2158
10
39652768.4213
20
39458009.6669
10
39652757.8458
20
39458011.9218
10
39652764.1104
20
39458009.4423
10
39652782.1810
20
39457992.7712
0
LWPOLYLINE
100
AcDbEntity
8
0
100
AcDbPolyline
90
8
70
0
43
0.5
10
39653211.0104
20
39457870.2569
10
39653230.2557
20
39457875.1259
10
39653241.6703
20
39457861.9515
10
39653222.3195
20
39457860.2750
10
39653205.5064
20
39457863.8242
10
39653224.4703
20
39457856.2781
10
39653229.8153
20
39457872.5227
10
39653229.1975
20
39457860.9518
0
LWPOLYLINE
100
AcDbEntity
8
0
100
AcDbPolyline
90
8
70
0
43
0.5
10
39652976.2406
20
39458037.1732
10
39652989.3973
20
39458027.1809
10
39652992.6220
20
39458020.0360
10
39653007.9270
20
39458027.2493
10
39653011.5869
20
39458028.5171
10
39653030.1738
20
39458009.5484
10
39653046.6298
20
39457989.5574
10
39653041.3165
20
39458004.8229
0
LWPOLYLINE
100
AcDbEntity
8
0
100
AcDbPolyline
90
8
70
0
43
0.5
10
39653284.5102
20
39457934.9614
10
39653269.8118
20
39457927.3055
10
39653262.9081
20
39457930.3682
10
39653261.7938
20
39457917.4510
10
39653248.5972
20
39457901.9177
10
39653248.7954
20
39457897.7295
10
39653230.2550
20
39457886.5789
10
39653223.3321
20
39457877.3461
0
LWPOLYLINE
100
AcDbEntity
8
0
100
AcDbPolyline
90
8
70
0
43
0.5
10
39652898.1341
20
39457872.9675
10
39652883.4578
20
39457892.6687
10
39652890.8905
20
39457881.0399
10
39652889.4622
20
39457868.7829
10
39652901.5045
20
39457860.4463
10
39652894.2528
20
39457874.5481
10
39652894.7388
20
39457892.5296
10
39652898.1969
20
39457906.6240
0
LWPOLYLINE
100
AcDbEntity
8
0
100
AcDbPolyline
90
8
70
0
43
0.5
10
39653047.7220
20
39458515.8467
10
39653036.5715
20
39458497.3035
10
39653031.1110
20
39458506.2698
10
39653024.4162
20
39458488.1359
10
39653022.3371
20
39458485.6337
10
39653008.0669
20
39458490.7644
10
39653012.6503
20
39458504.6895
10
39653028.6525
20
39458514.1287
0
LWPOLYLINE
100
AcDbEntity
8
0
100
AcDbPolyline
90
8
70
0
43
0.5
10
39653146.0377
20
39458195.5671
10
39653165.9623
20
39458201.2238
10
39653163.6482
20
39458182.9226
10
39653162.6895
20
39458193.4743
10
39653182.1211
20
39458175.9777
10
39653196.7261
20
39458195.7722
10
39653188.4367
20
39458199.5463
10
39653168.8672
20
39458194.2754
0
LWPOLYLINE
100
AcDbEntity
8
0
100
AcDbPolyline
90
8
70
0
43
0.5
10
39653069.3781
20
39458087.1123
10
39653053.1450
20
39458077.0295
10
39653056.5131
20
39458089.3462
10
39653066.7356
20
39458103.8360
10
39653055.7695
20
39458096.8674
10
39653062.4170
20
39458092.3247
10
39653046.8536
20
39458096.1715
10
39653046.5305
20
39458111.1810
0
LWPOLYLINE
100
AcDbEntity
8
0
100
AcDbPolyline
90
8
70
0
43
0.5
10
39653287.7078
20
39458001.4425
10
39653283.5635
20
39458013.3280
10
39653300.8048
20
39457995.4098
10
39653300.0059
20
39457976.0382
10
39653287.6626
20
39457956.6847
10
39653293.5353
20
39457962.7951
10
39653274.2548
20
39457965.8490
10
39653270.0720
20
39457973.2916
0
LWPOLYLINE
100
AcDbEntity
8
0
100
AcDbPolyline
90
8
70
0
43
0.5
10
39653213.8862
20
39458207.5951
10
39653216.5207
20
39458212.9678
10
39653221.2790
20
39458210.7103
10
39653208.9939
20
39458225.9366
10
39653193.6672
20
39458221.2948
10
39653174.9113
20
39458221.0832
10
39653174.8681
20
39458218.0671
10
39653168.6420
20
39458215.1559
0
LWPOLYLINE
100
AcDbEntity
8
0
100
AcDbPolyline
90
8
70
0
43
0.5
10
39653082.9880
20
39457944.4364
10
39653069.1653
20
39457934.6311
10
39653087.5970
20
39457931.9386
10
39653077.3154
20
39457913.6565
10
39653061.1618
20
39457914.8025
10
39653046.8196
20
39457923.1065
10
39653054.4526
20
39457926.5420
10
39653054.2075
20
39457937.9658
0
LWPOLYLINE
100
AcDbEntity
8
0
100
AcDbPolyline
90
8
70
0
43
0.5
10
39652667.4447
20
39458034.0230
10
39652669.9940
20
39458043.7508
10
39652661.3275
20
39458037.8568
10
39652656.7076
20
39458056.2684
10
39652664.7677
20
39458064.1757
10
39652651.6128
20
39458055.7694
10
39652637.4468
20
39458037.1819
10
39652635.5908
20
39458026.5782
0
LWPOLYLINE
100
AcDbEntity
8
0
100
AcDbPolyline
90
8
70
0
43
0.5
10
39653285.0231
20
39458075.2883
10
39653278.8121
20
39458078.0165
10
39653278.2688
20
39458058.7382
10
39653272.6424
20
39458057.9506
10
39653274.4318
20
39458071.6288
10
39653262.2064
20
39458064.3817
10
39653258.3638
20
39458070.3297
10
39653263.4908
20
39458080.5788
0
LWPOLYLINE
100
AcDbEntity
8
0
100
AcDbPolyline
90
8
70
0
43
0.5
10
39652787.0104
20
39458151.3404
10
39652775.9557
20
39458148.9044
10
39652772.3347
20
39458133.9563
10
39652787.5622
20
39458116.7368
10
39652786.7651
20
39458124.0085
10
39652772.6605
20
39458136.6975
10
39652761.2776
20
39458119.7412
10
39652773.5002
20
39458100.5372
0
LWPOLYLINE
100
AcDbEntity
8
0
100
AcDbPolyline
90
8
70
0
43
0.5
10
39652585.8861
20
39458438.5409
10
39652588.8128
20
39458448.7136
10
39652583.6171
20
39458464.1821
10
39652582.5574
20
39458478.5168
10
39652572.6090
20
39458475.3390
10
39652572.7414
20
39458463.0808
10
39652570.2644
20
39458448.0594
10
39652550.8490
20
39458447.9520
0
LWPOLYLINE
100
AcDbEntity
8
0
100
AcDbPolyline
90
8
70
0
43
0.5
10
39653257.7420
20
39458033.2276
10
39653243.2890
20
39458047.5144
10
39653246.7925
20
39458040.8613
10
39653248.6196
20
39458023.0129
10
39653256.1866
20
39458029.6616
10
39653250.6146
20
39458021.7480
10
39653236.1293
20
39458030.5375
10
39653256.0732
20
39458038.4742
0
LWPOLYLINE
100
AcDbEntity
8
0
100
AcDbPolyline
90
8
70
0
43
0.5
10
39652617.2450
20
39457884.9546
10
39652616.8494
20
39457881.2068
10
39652634.2808
20
39457892.7902
10
39652641.4153
20
39457903.0241
10
39652636.3920
20
39457888.8400
10
39652635.7101
20
39457880.6250
10
39652638.1401
20
39457892.9433
10
39652655.0264
20
39457902.8433
0
LWPOLYLINE
100
AcDbEntity
8
0
100
AcDbPolyline
90
8
70
0
43
0.5
10
39652974.5457
20
39457935.9412
10
39652963.1267
20
39457945.5660
10
39652958.9962
20
39457945.1967
10
39652968.8374
20
39457957.2877
10
39652981.2748
20
39457976.6066
10
39652992.3164
20
39457968.0519
10
39652981.3336
20
39457973.4456
10
39652979.6222
20
39457988.5632
0
LWPOLYLINE
100
AcDbEntity
8
0
100
AcDbPolyline
90
8
70
0
43
0.5
10
39652926.6932
20
39458627.5551
10
39652910.8196
20
39458636.6916
10
39652891.6460
20
39458638.2531
10
39652908.4062
20
39458638.8738
10
39652925.1012
20
39458648.2885
10
39652928.5999
20
39458628.4016
10
39652937.7264
20
39458639.3355
10
39652957.4108
20
39458647.6882
0
LWPOLYLINE
100
AcDbEntity
8
0
100
AcDbPolyline
90
8
70
0
43
0.5
10
39653273.3474
20
39458078.6003
10
39653286.7170
20
39458070.7042
10
39653304.8370
20
39458076.9126
10
39653291.9010
20
39458065.0881
10
39653306.0045
20
39458067.8773
10
39653300.5145
20
39458050.6290
10
39653310.9778
20
39458055.1806
10
39653318.5668
20
39458052.1858
0
LWPOLYLINE
100
AcDbEntity
8
0
100
AcDbPolyline
90
8
70
0
43
0.5
10
39652580.3690
20
39458359.4383
10
39652589.1640
20
39458349.8275
10
39652588.2445
20
39458359.8558
10
39652587.4189
20
39458361.4228
10
39652573.6822
20
39458342.8979
10
39652570.4522
20
39458362.8472
10
39652576.1982
20
39458376.9384
10
39652568.0783
20
39458388.1829
0
LWPOLYLINE
100
AcDbEntity
8
0
100
AcDbPolyline
90
8
70
0
43
0.5
10
39653267.7156
20
39458213.0415
10
39653259.1497
20
39458193.1663
10
39653273.2743
20
39458199.6723
10
39653274.3680
20
39458201.1566
10
39653283.3562
20
39458195.3809
10
39653271.5065
20
39458189.2284
10
39653257.1839
20
39458184.1714
10
39653248.9009
20
39458173.9992
0
LWPOLYLINE
100
AcDbEntity
8
0
100
AcDbPolyline
90
8
70
0
43
0.5
10
39653212.4899
20
39457961.4586
10
39653216.4276
20
39457953.5379
10
39653209.5188
20
39457956.6745
10
39653224.7161
20
39457953.7685
10
39653226.7815
20
39457936.6595
10
39653214.8560
20
39457931.8584
10
39653229.8816
20
39457947.3139
10
39653248.5570
20
39457934.2128
0
LWPOLYLINE
100
AcDbEntity
8
0
100
AcDbPolyline
90
8
70
0
43
0.5
10
39653256.4620
20
39458136.3713
10
39653262.6905
20
39458151.6367
10
39653276.3622
20
39458142.4516
10
39653274.1256
20
39458129.3917
10
39653265.9733
20
39458147.1858
10
39653285.0460
20
39458134.6223
10
39653300.8479
20
39458126.4283
10
39653307.1279
20
39458133.0986
0
LWPOLYLINE
100
AcDbEntity
8
0
100
AcDbPolyline
90
8
70
0
43
0.5
10
39653152.4245
20
39457837.9244
10
39653157.8058
20
39457830.6069
10
39653138.8292
20
39457823.9216
10
39653149.4233
20
39457823.0962
10
39653163.0160
20
39457842.6031
10
39653160.8316
20
39457853.7816
10
39653160.3653
20
39457839.5746
10
39653158.8094
20
39457835.6232
0
LWPOLYLINE
100
AcDbEntity
8
0
100
AcDbPolyline
90
8
70
0
43
0.5
10
39652857.8432
20
39457909.3366
10
39652863.4759
20
39457902.7731
10
39652874.7065
20
39457911.7234
10
39652874.1595
20
39457921.8526
10
39652892.3262
20
39457916.4105
10
39652902.7658
20
39457925.6033
10
39652909.2160
20
39457910.2764
10
39652912.1650
20
39457892.7727
0
LWPOLYLINE
100
AcDbEntity
8
0
100
AcDbPolyline
90
8
70
0
43
0.5
10
39652549.9298
20
39457848.4269
10
39652556.4245
20
39457860.8223
10
39652557.5783
20
39457845.8147
10
39652561.8293
20
39457838.5898
10
39652552.5632
20
39457830.2209
10
39652567.8546
20
39457830.2300
10
39652563.3841
20
39457832.1291
10
39652575.9338
20
39457850.3354
0
LWPOLYLINE
100
AcDbEntity
8
0
100
AcDbPolyline
90
8
70
0
43
0.5
10
39652695.9885
20
39458553.6425
10
39652715.3164
20
39458553.1547
10
39652725.2256
20
39458553.6043
10
39652706.6367
20
39458541.8251
10
39652716.5099
20
39458557.3395
10
39652711.3658
20
39458547.9345
10
39652709.6707
20
39458561.8316
10
39652697.7167
20
39458566.3538
0
LWPOLYLINE
100
AcDbEntity
8
0
100
AcDbPolyline
90
8
70
0
43
0.5
10
39653229.1773
20
39458133.9265
10
39653217.1050
20
39458132.4168
10
39653202.3282
20
39458149.3432
10
39653194.4994
20
39458155.9038
10
39653181.1973
20
39458136.6808
10
39653161.2716
20
39458153.9790
10
39653174.8526
20
39458157.3574
10
39653172.0839
20
39458162.3049
0
LWPOLYLINE
100
AcDbEntity
8
0
100
AcDbPolyline
90
8
70
0
43
0.5
10
39652595.1801
20
39458491.3387
10
39652594.3601
20
39458492.4026
10
39652588.0916
20
39458485.3361
10
39652582.2994
20
39458475.9509
10
39652579.7990
20
39458464.3904
10
39652586.8178
20
39458466.5028
10
39652599.1040
20
39458463.0943
10
39652582.6160
20
39458456.6607
0
LWPOLYLINE
100
AcDbEntity
8
0
100
AcDbPolyline
90
8
70
0
43
0.5
10
39652972.1924
20
39458145.2218
10
39652980.3629
20
39458146.5548
10
39652970.7838
20
39458153.3092
10
39652951.2016
20
39458153.1990
10
39652943.8949
20
39458162.4546
10
39652954.3554
20
39458173.1905
10
39652968.4206
20
39458156.0909
10
39652959.1077
20
39458146.8248
0
LWPOLYLINE
100
AcDbEntity
8
0
100
AcDbPolyline
90
8
70
0
43
0.5
10
39653167.6092
20
39458039.4029
10
39653178.3648
20
39458046.2213
10
39653179.7259
20
39458045.4788
10
39653170.1724
20
39458040.4187
10
39653152.0859
20
39458039.5578
10
39653155.8345
20
39458041.9256
10
39653158.2501
20
39458054.5345
10
39653146.6355
20
39458066.5361
0
LWPOLYLINE
100
AcDbEntity
8
0
100
AcDbPolyline
90
8
70
0
43
0.5
10
39653222.3337
20
39458231.9273
10
39653230.3912
20
39458243.6166
10
39653238.5192
20
39458237.0163
10
39653248.6441
20
39458223.7401
10
39653261.1361
20
39458221.9835
10
39653253.2513
20
39458233.2137
10
39653248.9278
20
39458218.7720
10
39653247.4048
20
39458200.6717
0
LWPOLYLINE
100
AcDbEntity
8
0
100
AcDbPolyline
90
8
70
0
43
0.5
10
39653170.2342
20
39458202.6426
10
39653164.3297
20
39458208.1130
10
39653168.7242
20
39458202.1894
10
39653152.5823
20
39458186.2183
10
39653161.3266
20
39458203.9591
10
39653170.8555
20
39458222.8598
10
39653170.3555
20
39458234.0446
10
39653159.2661
20
39458217.9774
0
LWPOLYLINE
100
AcDbEntity
8
0
100
AcDbPolyline
90
8
70
0
43
0.5
10
39652528.4360
20
39458600.0823
10
39652520.7785
20
39458600.0297
10
39652538.3208
20
39458582.9823
10
39652546.0269
20
39458570.0554
10
39652541.0265
20
39458590.0094
10
39652551.0645
20
39458577.2159
10
39652556.1323
20
39458560.1687
10
39652566.5025
20
39458554.5963
0
LWPOLYLINE
100
AcDbEntity
8
0
100
AcDbPolyline
90
8
70
0
43
0.5
10
39652976.3646
20
39458258.0443
10
39652978.2373
20
39458268.5132
10
39652961.5869
20
39458268.9617
10
39652980.4899
20
39458268.4568
10
39652999.1190
20
39458259.1059
10
39653014.7980
20
39458245.2652
10
39653033.5591
20
39458234.1339
10
39653028.9656
20
39458217.3611
0
LWPOLYLINE
100
AcDbEntity
8
0
100
AcDbPolyline
90
8
70
0
43
0.5
10
39653060.2426
20
39458416.5194
10
39653041.7112
20
39458404.3965
10
39653044.0228
20
39458418.0494
10
39653027.4047
20
39458424.6600
10
39653020.3639
20
39458414.1941
10
39653017.3368
20
39458426.8898
10
39653023.0863
20
39458444.5183
10
39653014.8510
20
39458425.6573
0
LWPOLYLINE
100
AcDbEntity
8
0
100
AcDbPolyline
90
8
70
0
43
0.5
10
39652797.5978
20
39458033.6912
10
39652790.6533
20
39458020.0983
10
39652795.1285
20
39458027.2020
10
39652794.1347
20
39458044.7379
10
39652800.5398
20
39458053.5276
10
39652811.8232
20
39458049.8697
10
39652806.3585
20
39458069.2412
10
39652820.3754
20
39458084.2614
0
LWPOLYLINE
100
AcDbEntity
8
0
100
AcDbPolyline
90
8
70
0
43
0.5
10
39652935.7512
20
39457928.1148
10
39652952.4095
20
39457921.6693
10
39652970.7100
20
39457907.2692
10
39652961.8626
20
39457922.3407
10
39652967.7752
20
39457914.6535
10
39652949.1655
20
39457924.4901
10
39652943.5369
20
39457907.9762
10
39652946.3368
20
39457906.8990
0
LWPOLYLINE
100
AcDbEntity
8
0
100
AcDbPolyline
90
8
70
0
43
0.5
10
39653261.7311
20
39458595.3771
10
39653251.9366
20
39458598.0150
10
39653242.4421
20
39458605.0155
10
39653233.9914
20
39458607.6027
10
39653226.3632
20
39458620.3720
10
39653240.3689
20
39458629.0886
10
39653255.5374
20
39458635.0385
10
39653247.0056
20
39458621.3625
0
LWPOLYLINE
100
AcDbEntity
8
0
100
AcDbPolyline
90
8
70
0
43
0.5
10
39652951.0993
20
39458474.0462
10
39652942.5488
20
39458454.1216
10
39652953.1623
20
39458464.9350
10
39652946.5045
20
39458449.0035
10
39652962.0494
20
39458461.0295
10
39652970.2119
20
39458477.4477
10
39652972.7236
20
39458495.2445
10
39652981.0153
20
39458511.8731
0
LWPOLYLINE
100
AcDbEntity
8
0
100
AcDbPolyline
90
8
70
0
43
0.5
10
39652882.2760
20
39458264.0410
10
39652900.8091
20
39458273.7819
10
39652909.2934
20
39458291.5792
10
39652907.0403
20
39458276.0342
10
39652905.7886
20
39458261.6065
10
39652924.6972
20
39458254.6468
10
39652905.9283
20
39458251.6026
10
39652886.8897
20
39458262.9638
0
LWPOLYLINE
100
AcDbEntity
8
0
100
AcDbPolyline
90
8
70
0
43
0.5
10
39652913.6137
20
39458359.1843
10
39652926.4147
20
39458347.8673
10
39652934.4171
20
39458357.1380
10
39652917.2540
20
39458372.0842
10
39652928.7902
20
39458367.7279
10
39652943.8509
20
39458386.8116
10
39652935.9506
20
39458397.2551
10
39652927.5617
20
39458411.5037
0
LWPOLYLINE
100
AcDbEntity
8
0
100
AcDbPolyline
90
8
70
0
43
0.5
10
39652565.1991
20
39458457.1458
10
39652580.0342
20
39458461.6125
10
39652567.8192
20
39458456.4752
10
39652553.3484
20
39458471.0234
10
39652547.7997
20
39458464.4465
10
39652541.2077
20
39458477.1535
10
39652521.3875
20
39458472.3286
10
39652508.7078
20
39458479.5801
0
LWPOLYLINE
100
AcDbEntity
8
0
100
AcDbPolyline
90
8
70
0
43
0.5
10
39652868.6484
20
39458206.7418
10
39652873.5427
20
39458213.6756
10
39652886.3231
20
39458220.2219
10
39652892.4676
20
39458217.5206
10
39652908.5141
20
39458217.9432
10
39652906.7104
20
39458220.7701
10
39652889.3068
20
39458206.7823
10
39652884.9415
20
39458200.7961
0
LWPOLYLINE
100
AcDbEntity
8
0
100
AcDbPolyline
90
8
70
0
43
0.5
10
39653188.5143
20
39458377.1282
10
39653172.9546
20
39458375.9105
10
39653164.4063
20
39458373.3601
10
39653157.9646
20
39458360.1982
10
39653139.2829
20
39458365.6350
10
39653155.7672
20
39458368.8809
10
39653156.3542
20
39458370.4606
10
39653155.8778
20
39458356.1349
0
LWPOLYLINE
100
AcDbEntity
8
0
100
AcDbPolyline
90
8
70
0
43
0.5
10
39653240.8376
20
39457938.3047
10
39653239.5926
20
39457950.8333
10
39653233.9620
20
39457949.5110
10
39653214.3602
20
39457958.2881
10
39653219.3191
20
39457977.0995
10
39653228.8530
20
39457974.4990
10
39653226.9096
20
39457978.8603
10
39653230.7983
20
39457992.8899
0
LWPOLYLINE
100
AcDbEntity
8
0
100
AcDbPolyline
90
8
70
0
43
0.5
10
39653260.3516
20
39458620.0443
10
39653274.6401
20
39458638.6866
10
39653288.6241
20
39458657.3454
10
39653293.1267
20
39458656.5150
10
39653298.0272
20
39458649.1993
10
39653288.3039
20
39458660.9955
10
39653307.3722
20
39458665.1150
10
39653316.1166
20
39458681.2471
0
LWPOLYLINE
100
AcDbEntity
8
0
100
AcDbPolyline
90
8
70
0
43
0.5
10
39653000.3869
20
39458179.3722
10
39653001.2061
20
39458182.8043
10
39653005.8120
20
39458202.6868
10
39653013.2438
20
39458199.4967
10
39653007.2481
20
39458206.3288
10
39653026.8464
20
39458197.5884
10
39653019.0469
20
39458192.8806
10
39653004.0622
20
39458197.9555
0
LWPOLYLINE
100
AcDbEntity
8
0
100
AcDbPolyline
90
8
70
0
43
0.5
10
39653071.1274
20
39458427.5339
10
39653071.3943
20
39458435.6477
10
39653080.0877
20
39458455.4638
10
39653095.7805
20
39458436.0123
10
39653098.7330
20
39458453.3084
10
39653100.9179
20
39458446.4929
10
39653083.9465
20
39458438.6701
10
39653063.9690
20
39458445.1123
0
LWPOLYLINE
100
AcDbEntity
8
0
100
AcDbPolyline
90
8
70
0
43
0.5
10
39653015.0288
20
39458218.5291
10
39652998.6002
20
39458213.4355
10
39653001.5283
20
39458232.1874
10
39653019.5780
20
39458245.0521
10
39653027.4733
20
39458256.6143
10
39653035.9757
20
39458250.2978
10
39653035.5924
20
39458243.2436
10
39653029.2750
20
39458224.4339
0
LWPOLYLINE
100
AcDbEntity
8
0
100
AcDbPolyline
90
8
70
0
43
0.5
10
39652525.4417
20
39457995.2321
10
39652522.3708
20
39457999.7072
10
39652540.1255
20
39457999.5966
10
39652525.4122
20
39457999.6274
10
39652540.1527
20
39457991.8582
10
39652525.7574
20
39457980.0851
10
39652508.1112
20
39457987.3989
10
39652503.8058
20
39458003.4773
0
LWPOLYLINE
100
AcDbEntity
8
0
100
AcDbPolyline
90
8
70
0
43
0.5
10
39652638.2674
20
39458338.3758
10
39652629.6444
20
39458352.4598
10
39652619.2164
20
39458351.0065
10
39652608.8337
20
39458350.8772
10
39652589.4255
20
39458334.2227
10
39652607.8460
20
39458349.8888
10
39652619.0702
20
39458355.4403
10
39652610.1361
20
39458340.1212
0
LWPOLYLINE
100
AcDbEntity
8
0
100
AcDbPolyline
90
8
70
0
43
0.5
10
39652809.3267
20
39458060.7497
10
39652797.0490
20
39458060.6680
10
39652805.1259
20
39458041.2367
10
39652787.1926
20
39458044.0751
10
39652791.4903
20
39458046.4066
10
39652808.9098
20
39458046.2916
10
39652802.0835
20
39458057.2182
10
39652800.7907
20
39458045.2083
0
LWPOLYLINE
100
AcDbEntity
8
0
100
AcDbPolyline
90
8
70
0
43
0.5
10
39652834.5374
20
39458066.3413
10
39652839.1717
20
39458079.0455
10
39652854.0722
20
39458086.2645
10
39652844.1680
20
39458069.6985
10
39652848.9936
20
39458058.0502
10
39652839.6252
20
39458048.2865
10
39652841.7414
20
39458054.4384
10
39652859.7653
20
39458050.5959
0
LWPOLYLINE
100
AcDbEntity
8
0
100
AcDbPolyline
90
8
70
0
43
0.5
10
39652658.4714
20
39458284.3496
10
39652662.3187
20
39458279.8267
10
39652648.4395
20
39458277.4628
10
39652645.4347
20
39458286.7893
10
39652646.1823
20
39458294.0871
10
39652646.5596
20
39458306.9833
10
39652633.3780
20
39458306.4308
10
39652647.3158
20
39458300.9532
0
LWPOLYLINE
100
AcDbEntity
8
0
100
AcDbPolyline
90
8
70
0
43
0.5
10
39652991.9013
20
39458463.5040
10
39653007.2749
20
39458452.1438
10
39653010.2641
20
39458464.9293
10
39653001.9137
20
39458472.3927
10
39653000.9200
20
39458459.5078
10
39652981.1784
20
39458442.3186
10
39652971.0905
20
39458462.2485
10
39652975.1857
20
39458472.4906
0
LWPOLYLINE
100
AcDbEntity
8
0
100
AcDbPolyline
90
8
70
0
43
0.5
10
39653003.0488
20
39458385.4436
10
39653012.9247
20
39458388.2502
10
39653027.7107
20
39458387.4995
10
39653032.3627
20
39458369.9269
10
39653021.1881
20
39458367.1221
10
39653029.6606
20
39458379.6297
10
39653036.7581
20
39458387.3339
10
39653052.4059
20
39458370.3971
0
LWPOLYLINE
100
AcDbEntity
8
0
100
AcDbPolyline
90
8
70
0
43
0.5
10
39653022.9115
20
39458539.5455
10
39653040.3369
20
39458556.3814
10
39653057.9326
20
39458546.0598
10
39653064.8788
20
39458550.8975
10
39653054.5156
20
39458545.5706
10
39653046.3417
20
39458557.7829
10
39653058.0846
20
39458571.5442
10
39653043.5248
20
39458579.1073
0
LWPOLYLINE
100
AcDbEntity
8
0
100
AcDbPolyline
90
8
70
0
43
0.5
10
39653334.7690
20
39458328.0339
10
39653319.0204
20
39458327.4738
10
39653324.5136
20
39458329.2381
10
39653317.1941
20
39458348.4337
10
39653309.9116
20
39458349.5641
10
39653293.3749
20
39458337.4986
10
39653282.3968
20
39458348.5703
10
39653301.5914
20
39458365.6127
0
LWPOLYLINE
100
AcDbEntity
8
0
100
AcDbPolyline
90
8
70
0
43
0.5
10
39652604.2615
20
39458411.9617
10
39652588.5451
20
39458392.2518
10
39652597.1821
20
39458383.9475
10
39652588.4609
20
39458387.6839
10
39652605.8208
20
39458395.6162
10
39652614.5874
20
39458408.5927
10
39652612.5809
20
39458392.2129
10
39652607.4344
20
39458395.8764
0
LWPOLYLINE
100
AcDbEntity
8
0
100
AcDbPolyline
90
8
70
0
43
0.5
10
39653111.7836
20
39458298.2256
10
39653104.5809
20
39458311.3715
10
39653113.1682
20
39458295.0938
10
39653120.5345
20
39458307.1741
10
39653126.8819
20
39458306.8880
10
39653127.5265
20
39458303.0601
10
39653109.6249
20
39458290.0969
10
39653094.7504
20
39458308.0027
0
LWPOLYLINE
100
AcDbEntity
8
0
100
AcDbPolyline
90
8
70
0
43
0.5
10
39652575.8501
20
39458397.6575
10
39652573.6406
20
39458399.3518
10
39652580.9398
20
39458396.5329
10
39652584.5723
20
39458396.7917
10
39652589.3359
20
39458412.6771
10
39652589.3301
20
39458412.2504
10
39652600.2580
20
39458417.7105
10
39652617.2294
20
39458423.1590
0
LWPOLYLINE
100
AcDbEntity
8
0
100
AcDbPolyline
90
8
70
0
43
0.5
10
39652607.0677
20
39458226.9340
10
39652590.4255
20
39458227.9476
10
39652605.6110
20
39458236.5734
10
39652599.0844
20
39458252.1221
10
39652592.3161
20
39458254.0596
10
39652604.3217
20
39458265.8425
10
39652615.6392
20
39458272.6450
10
39652629.4191
20
39458256.3376
0
LWPOLYLINE
100
AcDbEntity
8
0
100
AcDbPolyline
90
8
70
0
43
0.5
10
39652929.8861
20
39458515.0482
10
39652910.6515
20
39458501.4163
10
39652898.5565
20
39458503.4686
10
39652908.3784
20
39458501.4268
10
39652922.4479
20
39458519.7323
10
39652939.1223
20
39458502.8994
10
39652945.4455
20
39458488.0961
10
39652957.2447
20
39458483.8939
0
LWPOLYLINE
100
AcDbEntity
8
0
100
AcDbPolyline
90
8
70
0
43
0.5
10
39653055.9022
20
39458140.9129
10
39653055.5995
20
39458139.8010
10
39653069.1952
20
39458136.9290
10
39653085.6588
20
39458140.6149
10
39653074.6903
20
39458137.7063
10
39653059.5836
20
39458155.9921
10
39653078.5470
20
39458153.5479
10
39653077.0709
20
39458143.3861
0
LWPOLYLINE
100
AcDbEntity
8
0
100
AcDbPolyline
90
8
70
0
43
0.5
10
39652790.6560
20
39458004.7951
10
39652807.3608
20
39458021.8992
10
39652792.0253
20
39458028.2075
10
39652792.8487
20
39458033.1215
10
39652805.6769
20
39458021.6629
10
39652787.9919
20
39458023.2039
10
39652794.2271
20
39458036.6216
10
39652813.9121
20
39458033.5878
0
LWPOLYLINE
100
AcDbEntity
8
0
100
AcDbPolyline
90
8
70
0
43
0.5
10
39652728.0837
20
39458555.2271
10
39652730.8655
20
39458542.0107
10
39652744.2957
20
39458561.2733
10
39652729.5193
20
39458555.6700
10
39652719.4426
20
39458538.0142
10
39652723.7538
20
39458544.7860
10
39652704.1214
20
39458530.8105
10
39652699.8647
20
39458538.6401
0
LWPOLYLINE
100
AcDbEntity
8
0
100
AcDbPolyline
90
8
70
0
43
0.5
10
39652635.5813
20
39458367.2975
10
39652645.2584
20
39458358.8511
10
39652626.6917
20
39458348.4877
10
39652616.1199
20
39458337.4573
10
39652611.8680
20
39458343.4963
10
39652601.1693
20
39458336.3070
10
39652582.1918
20
39458336.7503
10
39652593.0547
20
39458330.1489
0
LWPOLYLINE
100
AcDbEntity
8
0
100
AcDbPolyline
90
8
70
0
43
0.5
10
39652800.4852
20
39458050.2962
10
39652818.0538
20
39458056.1936
10
39652818.5936
20
39458043.5294
10
39652822.0185
20
39458049.3635
10
39652821.9353
20
39458045.9761
10
39652818.9087
20
39458043.3477
10
39652835.6428
20
39458047.2968
10
39652855.3618
20
39458034.6328
0
LWPOLYLINE
100
AcDbEntity
8
0
100
AcDbPolyline
90
8
70
0
43
0.5
10
39652658.1894
20
39458345.0688
10
39652665.7278
20
39458327.8444
10
39652648.3312
20
39458309.5929
10
39652666.6716
20
39458311.3499
10
39652667.4534
20
39458305.5657
10
39652672.4560
20
39458319.1166
10
39652661.2089
20
39458316.4810
10
39652653.9010
20
39458301.0650
0
LWPOLYLINE
100
AcDbEntity
8
0
100
AcDbPolyline
90
8
70
0
43
0.5
10
39652795.5942
20
39458066.6335
10
39652809.0225
20
39458059.4837
10
39652804.9158
20
39458059.5933
10
39652812.5571
20
39458060.2719
10
39652792.7988
20
39458041.6172
10
39652778.0417
20
39458050.8162
10
39652796.2009
20
39458056.9089
10
39652776.7110
20
39458074.3510
0
LWPOLYLINE
100
AcDbEntity
8
0
100
AcDbPolyline
90
8
70
0
43
0.5
10
39653023.6243
20
39458208.1192
10
39653025.2166
20
39458221.6948
10
39653028.4695
20
39458204.7592
10
39653031.3148
20
39458216.8968
10
39653038.9101
20
39458206.2070
10
39653019.4829
20
39458198.1699
10
39653029.6017
20
39458216.8511
10
39653047.3168
20
39458225.4248
0
LWPOLYLINE
100
AcDbEntity
8
0
100
AcDbPolyline
90
8
70
0
43
0.5
10
39653121.6510
20
39458040.4047
10
39653137.9769
20
39458047.1837
10
39653139.5042
20
39458046.0809
10
39653139.8534
20
39458029.9758
10
39653153.7835
20
39458048.8215
10
39653142.8611
20
39458043.2180
10
39653162.8331
20
39458044.6332
10
39653175.8033
20
39458037.2408
0
LWPOLYLINE
100
AcDbEntity
8
0
100
AcDbPolyline
90
8
70
0
43
0.5
10
39652857.3205
20
39458630.4723
10
39652843.1425
20
39458615.7298
10
39652849.8192
20
39458597.1065
10
39652850.9927
20
39458596.7875
10
39652847.5374
20
39458592.6212
10
39652853.1102
20
39458609.3257
10
39652860.0937
20
39458601.4953
10
39652845.7567
20
39458588.2831
0
LWPOLYLINE
100
AcDbEntity
8
0
100
AcDbPolyline
90
8
70
0
43
0.5
10
39653340.0154
20
39458052.9328
10
39653340.8980
20
39458067.8382
10
39653327.5889
20
39458074.0365
10
39653323.5255
20
39458063.6263
10
39653332.2449
20
39458052.3847
10
39653316.3535
20
39458054.2922
10
39653301.8734
20
39458062.3292
10
39653316.8949
20
39458081.3070
0
LWPOLYLINE
100
AcDbEntity
8
0
100
AcDbPolyline
90
8
70
0
43
0.5
10
39652697.4667
20
39458615.9389
10
39652686.2821
20
39458607.3544
10
39652673.7089
20
39458607.4683
10
39652669.3936
20
39458596.2765
10
39652685.6807
20
39458610.5249
10
39652687.2169
20
39458622.5348
10
39652669.9042
20
39458614.1325
10
39652652.4340
20
39458624.8701
0
LWPOLYLINE
100
AcDbEntity
8
0
100
AcDbPolyline
90
8
70
0
43
0.5
10
39652555.3834
20
39458257.2723
10
39652555.8308
20
39458269.4788
10
39652553.1421
20
39458256.9776
10
39652560.9855
20
39458239.5739
10
39652552.3861
20
39458252.9197
10
39652566.3632
20
39458259.5191
10
39652584.8877
20
39458272.1351
10
39652568.1987
20
39458278.8072
0
LWPOLYLINE
100
AcDbEntity
8
0
100
AcDbPolyline
90
8
70
0
43
0.5
10
39652551.8831
20
39458461.2735
10
39652553.3957
20
39458478.6630
10
39652561.3802
20
39458482.4948
10
39652559.3770
20
39458476.7178
10
39652557.5242
20
39458473.2157
10
39652575.1322
20
39458492.9390
10
39652567.3670
20
39458490.8592
10
39652557.2094
20
39458472.1437
0
LWPOLYLINE
100
AcDbEntity
8
0
100
AcDbPolyline
90
8
70
0
43
0.5
10
39652734.4811
20
39458194.9794
10
39652737.7815
20
39458175.7912
10
39652739.6858
20
39458162.6501
10
39652754.6468
20
39458153.0603
10
39652771.3834
20
39458145.2373
10
39652776.4366
20
39458154.6012
10
39652774.5696
20
39458159.3659
10
39652758.9451
20
39458143.0380
0
LWPOLYLINE
100
AcDbEntity
8
0
100
AcDbPolyline
90
8
70
0
43
0.5
10
39652709.9377
20
39457954.8391
10
39652723.8351
20
39457950.8492
10
39652731.0253
20
39457967.4038
10
39652712.2121
20
39457985.6630
10
39652697.5801
20
39458000.6756
10
39652698.9559
20
39457999.5472
10
39652679.4470
20
39458004.1208
10
39652686.6984
20
39458005.1862
0
LWPOLYLINE
100
AcDbEntity
8
0
100
AcDbPolyline
90
8
70
0
43
0.5
10
39653088.8603
20
39458606.2025
10
39653101.9748
20
39458610.9537
10
39653119.0301
20
39458607.8694
10
39653134.4436
20
39458598.9715
10
39653138.5198
20
39458615.8295
10
39653140.1827
20
39458599.6485
10
39653139.9724
20
39458606.7784
10
39653149.4114
20
39458603.7165
0
LWPOLYLINE
100
AcDbEntity
8
0
100
AcDbPolyline
90
8
70
0
43
0.5
10
39653150.1273
20
39458258.9045
10
39653133.8866
20
39458259.1610
10
39653142.4438
20
39458277.7562
10
39653134.6280
20
39458288.5216
10
39653149.9977
20
39458269.3397
10
39653158.0211
20
39458252.7411
10
39653174.5313
20
39458265.2393
10
39653176.0971
20
39458275.9447
0
LWPOLYLINE
100
AcDbEntity
8
0
100
AcDbPolyline
90
8
70
0
43
0.5
10
39653147.4203
20
39458026.2177
10
39653129.2194
20
39458011.8984
10
39653114.8151
20
39458005.8229
10
39653120.6628
20
39458018.6551
10
39653105.4504
20
39458005.0787
10
39653095.3988
20
39458020.3153
10
39653090.4520
20
39458012.0786
10
39653101.4197
20
39458008.4548
0
LWPOLYLINE
100
AcDbEntity
8
0
100
AcDbPolyline
90
8
70
0
43
0.5
10
39652713.9468
20
39458453.6996
10
39652724.5983
20
39458457.1547
10
39652731.1898
20
39458454.6290
10
39652738.6774
20
39458446.7831
10
39652721.8175
20
39458463.1527
10
39652702.7462
20
39458471.8574
10
39652684.8680
20
39458462.3692
10
39652670.2280
20
39458471.8147
0
LWPOLYLINE
100
AcDbEntity
8
0
100
AcDbPolyline
90
8
70
0
43
0.5
10
39653114.2815
20
39457871.5348
10
39653127.1343
20
39457886.7435
10
39653137.7336
20
39457905.2081
10
39653152.0888
20
39457895.7985
10
39653165.7274
20
39457889.8190
10
39653174.2126
20
39457877.1416
10
39653187.6958
20
39457860.5463
10
39653176.8034
20
39457847.8280
0
LWPOLYLINE
100
AcDbEntity
8
0
100
AcDbPolyline
90
8
70
0
43
0.5
10
39653106.6729
20
39457931.3529
10
39653104.8415
20
39457938.9938
10
39653124.0875
20
39457957.5621
10
39653109.4123
20
39457947.8026
10
39653093.2963
20
39457946.5407
10
39653100.1284
20
39457934.0996
10
39653083.0284
20
39457940.7590
10
39653101.3026
20
39457951.5682
0
LWPOLYLINE
100
AcDbEntity
8
0
100
AcDbPolyline
90
8
70
0
43
0.5
10
39652677.6355
20
39457848.6984
10
39652680.9835
20
39457838.1482
10
39652679.3076
20
39457830.5818
10
39652684.4600
20
39457846.3708
10
39652691.7058
20
39457831.8735
10
39652705.4892
20
39457814.3471
10
39652705.2122
20
39457794.6515
10
39652711.3435
20
39457781.5366
0
LWPOLYLINE
100
AcDbEntity
8
0
100
AcDbPolyline
90
8
70
0
43
0.5
10
39653035.6873
20
39458237.8380
10
39653053.3563
20
39458228.5462
10
39653057.9885
20
39458219.6539
10
39653075.3721
20
39458231.1484
10
39653078.4268
20
39458229.9210
10
39653077.1274
20
39458236.0268
10
39653076.7679
20
39458222.1921
10
39653090.9046
20
39458236.1249
0
LWPOLYLINE
100
AcDbEntity
8
0
100
AcDbPolyline
90
8
70
0
43
0.5
10
39652845.1968
20
39458528.9098
10
39652827.8701
20
39458510.3383
10
39652841.0950
20
39458523.2950
10
39652844.2390
20
39458507.6264
10
39652826.9587
20
39458508.1939
10
39652845.7537
20
39458519.3278
10
39652854.6564
20
39458532.5388
10
39652871.6720
20
39458543.1626
0
LWPOLYLINE
100
AcDbEntity
8
0
100
AcDbPolyline
90
8
70
0
43
0.5
10
39653006.9627
20
39458371.0518
10
39653003.5325
20
39458384.0277
10
39652993.6462
20
39458399.1794
10
39653006.8847
20
39458396.5121
10
39652998.7784
20
39458388.3766
10
39653008.1896
20
39458388.8714
10
39652996.6606
20
39458390.4825
10
39653003.6909
20
39458391.6677
0
LWPOLYLINE
100
AcDbEntity
8
0
100
AcDbPolyline
90
8
70
0
43
0.5
10
39653151.8809
20
39458421.5936
10
39653168.0402
20
39458438.5553
10
39653186.2006
20
39458432.3888
10
39653182.6941
20
39458451.1715
10
39653202.3240
20
39458448.2257
10
39653194.8800
20
39458464.1065
10
39653188.3673
20
39458457.2528
10
39653202.6456
20
39458461.0185
0
LWPOLYLINE
100
AcDbEntity
8
0
100
AcDbPolyline
90
8
70
0
43
0.5
10
39653270.3394
20
39458513.1508
10
39653274.6736
20
39458506.9423
10
39653286.5823
20
39458512.1076
10
39653287.1795
20
39458518.1811
10
39653303.7824
20
39458504.1196
10
39653293.1635
20
39458488.9342
10
39653300.8814
20
39458499.8997
10
39653320.3112
20
39458482.6015
0
LWPOLYLINE
100
AcDbEntity
8
0
100
AcDbPolyline
90
8
70
0
43
0.5
10
39653115.3343
20
39457850.0350
10
39653107.0462
20
39457839.6760
10
39653109.9676
20
39457854.8269
10
39653095.2942
20
39457865.0929
10
39653093.7105
20
39457854.1257
10
39653112.7949
20
39457839.9863
10
39653117.4894
20
39457848.5819
10
39653112.6874
20
39457852.5912
0
LWPOLYLINE
100
AcDbEntity
8
0
100
AcDbPolyline
90
8
70
0
43
0.5
10
39653294.2149
20
39457945.2709
10
39653313.4964
20
39457944.0698
10
39653306.8213
20
39457959.8919
10
39653321.3134
20
39457951.0741
10
39653340.5882
20
39457953.3685
10
39653351.8551
20
39457964.3087
10
39653351.5129
20
39457973.3991
10
39653357.0471
20
39457971.8558
0
LWPOLYLINE
100
AcDbEntity
8
0
100
AcDbPolyline
90
8
70
0
43
0.5
10
39653024.9406
20
39458022.2125
10
39653042.5188
20
39458002.7546
10
39653036.7225
20
39457994.4378
10
39653031.4156
20
39457990.1499
10
39653049.7847
20
39457989.4562
10
39653033.4476
20
39457976.6566
10
39653035.0569
20
39457959.3937
10
39653024.5971
20
39457950.0788
0
LWPOLYLINE
100
AcDbEntity
8
0
100
AcDbPolyline
90
8
70
0
43
0.5
10
39653120.2731
20
39458582.7537
10
39653109.6140
20
39458591.2494
10
39653129.3658
20
39458576.9093
10
39653127.9089
20
39458573.3383
10
39653146.6145
20
39458568.2650
10
39653141.4742
20
39458579.1821
10
39653126.7495
20
39458587.5318
10
39653119.6694
20
39458586.0315
0
LWPOLYLINE
100
AcDbEntity
8
0
100
AcDbPolyline
90
8
70
0
43
0.5
10
39652719.9285
20
39458419.9505
10
39652729.2994
20
39458438.2367
10
39652739.4507
20
39458438.9440
10
39652739.3615
20
39458455.0274
10
39652747.6677
20
39458471.9798
10
39652732.2951
20
39458477.0031
10
39652723.4131
20
39458488.3372
10
39652719.3306
20
39458494.5217
0
LWPOLYLINE
100
AcDbEntity
8
0
100
AcDbPolyline
90
8
70
0
43
0.5
10
39652598.8771
20
39457939.0069
10
39652608.7536
20
39457927.7113
10
39652607.2904
20
39457911.9225
10
39652598.7050
20
39457910.5101
10
39652587.9209
20
39457914.4542
10
39652603.2216
20
39457916.9658
10
39652603.3753
20
39457910.9082
10
39652599.0139
20
39457922.8912
0
LWPOLYLINE
100
AcDbEntity
8
0
100
AcDbPolyline
90
8
70
0
43
0.5
10
39653302.2065
20
39457919.5175
10
39653316.6806
20
39457924.5948
10
39653309.2766
20
39457944.4515
10
39653311.6944
20
39457935.6529
10
39653324.7633
20
39457936.1817
10
39653323.5535
20
39457918.8702
10
39653315.3403
20
39457910.7882
10
39653320.2480
20
39457896.0269
0
LWPOLYLINE
100
AcDbEntity
8
0
100
AcDbPolyline
90
8
70
0
43
0.5
10
39653075.7516
20
39458416.1220
10
39653087.4589
20
39458429.7044
10
39653069.3269
20
39458447.9408
10
39653070.9203
20
39458446.2373
10
39653056.5248
20
39458454.9545
10
39653064.2661
20
39458443.5029
10
39653053.8910
20
39458453.0929
10
39653055.7769
20
39458438.6927
0
LWPOLYLINE
100
AcDbEntity
8
0
100
AcDbPolyline
90
8
70
0
43
0.5
10
39653259.5484
20
39457906.7946
10
39653251.5075
20
39457891.1362
10
39653251.6233
20
39457886.7757
10
39653235.8801
20
39457883.5754
10
39653244.8441
20
39457901.1433
10
39653263.4640
20
39457915.0268
10
39653268.2766
20
39457919.9110
10
39653285.3305
20
39457937.5866
0
LWPOLYLINE
100
AcDbEntity
8
0
100
AcDbPolyline
90
8
70
0
43
0.5
10
39653230.5789
20
39458430.3743
10
39653233.0264
20
39458432.1712
10
39653233.8167
20
39458414.8547
10
39653217.4291
20
39458424.5644
10
39653229.7887
20
39458420.9410
10
39653241.3632
20
39458431.6047
10
39653252.6637
20
39458450.8029
10
39653242.0286
20
39458452.8671
0
LWPOLYLINE
100
AcDbEntity
8
0
100
AcDbPolyline
90
8
70
0
43
0.5
10
39653124.7565
20
39457940.1391
10
39653140.8872
20
39457955.7323
10
39653135.9264
20
39457968.9781
10
39653135.2450
20
39457988.4063
10
39653126.5215
20
39457969.3922
10
39653135.8258
20
39457982.5857
10
39653120.9928
20
39457979.7124
10
39653134.8656
20
39457959.9903
0
LWPOLYLINE
100
AcDbEntity
8
0
100
AcDbPolyline
90
8
70
0
43
0.5
10
39652578.1342
20
39458610.7318
10
39652572.4264
20
39458607.2193
10
39652560.9061
20
39458599.2182
10
39652579.7494
20
39458608.7805
10
39652565.0025
20
39458620.0687
10
39652552.3638
20
39458608.1648
10
39652535.4750
20
39458608.2861
10
39652546.9453
20
39458607.5403
0
LWPOLYLINE
100
AcDbEntity
8
0
100
AcDbPolyline
90
8
70
0
43
0.5
10
39652846.4254
20
39457884.0690
10
39652848.2584
20
39457896.2199
10
39652855.7788
20
39457884.4886
10
39652845.2459
20
39457879.3239
10
39652852.2223
20
39457892.3537
10
39652856.0436
20
39457893.1250
10
39652872.1059
20
39457901.9636
10
39652882.1016
20
39457905.3306
0
LWPOLYLINE
100
AcDbEntity
8
0
100
AcDbPolyline
90
8
70
0
43
0.5
10
39652792.5851
20
39458038.4957
10
39652793.9581
20
39458048.1403
10
39652774.8579
20
39458065.5550
10
39652788.8439
20
39458061.8290
10
39652772.2864
20
39458062.9589
10
39652781.8632
20
39458045.1017
10
39652766.8428
20
39458058.7547
10
39652774.2610
20
39458059.3979
0
LWPOLYLINE
100
AcDbEntity
8
0
100
AcDbPolyline
90
8
70
0
43
0.5
10
39653096.9327
20
39458006.8920
10
39653116.5699
20
39457994.2247
10
39653106.3789
20
39457985.1888
10
39653110.0515
20
39457970.6396
10
39653125.7985
20
39457968.0294
10
39653109.9408
20
39457954.7638
10
39653129.8031
20
39457948.8635
10
39653134.3710
20
39457956.6026
0
LWPOLYLINE
100
AcDbEntity
8
0
100
AcDbPolyline
90
8
70
0
43
0.5
10
39652745.5796
20
39458426.2001
10
39652765.3896
20
39458407.7247
10
39652758.3560
20
39458413.5635
10
39652758.7329
20
39458413.2807
10
39652758.9393
20
39458418.4754
10
39652767.2416
20
39458435.3789
10
39652779.4920
20
39458443.7476
10
39652778.9371
20
39458441.3947
0
LWPOLYLINE
100
AcDbEntity
8
0
100
AcDbPolyline
90
8
70
0
43
0.5
10
39652513.2817
20
39458465.4053
10
39652512.3188
20
39458470.1562
10
39652516.1594
20
39458473.8322
10
39652504.4372
20
39458476.4265
10
39652496.8951
20
39458486.5266
10
39652503.5892
20
39458497.4403
10
39652492.1515
20
39458513.3193
10
39652472.1815
20
39458510.8978
0
LWPOLYLINE
100
AcDbEntity
8
0
100
AcDbPolyline
90
8
70
0
43
0.5
10
39653278.7490
20
39458223.8928
10
39653272.3316
20
39458239.6248
10
39653290.6762
20
39458225.5944
10
39653297.9205
20
39458237.8684
10
39653308.3570
20
39458238.4140
10
39653311.3445
20
39458235.3539
10
39653320.3473
20
39458237.2982
10
39653310.5511
20
39458231.8070
0
LWPOLYLINE
100
AcDbEntity
8
0
100
AcDbPolyline
90
8
70
0
43
0.5
10
39652996.4197
20
39458529.7907
10
39652984.1979
20
39458548.1249
10
39652979.4700
20
39458550.1739
10
39652985.9923
20
39458539.2113
10
39653000.2006
20
39458549.0648
10
39653000.4034
20
39458532.6433
10
39653007.3698
20
39458538.7197
10
39652993.7774
20
39458543.6906
0
LWPOLYLINE
100
AcDbEntity
8
0
100
AcDbPolyline
90
8
70
0
43
0.5
10
39652781.2488
20
39457930.9257
10
39652800.5958
20
39457911.5134
10
39652811.6004
20
39457908.7772
10
39652823.6329
20
39457890.5854
10
39652806.6457
20
39457902.2321
10
39652788.0542
20
39457894.7046
10
39652807.4263
20
39457911.7812
10
39652810.9038
20
39457928.1292
0
LWPOLYLINE
100
AcDbEntity
8
0
100
AcDbPolyline
90
8
70
0
43
0.5
10
39652644.6586
20
39458591.8299
10
39652630.1026
20
39458589.5308
10
39652647.1904
20
39458570.1870
10
39652642.6391
20
39458577.7279
10
39652647.7055
20
39458596.0839
10
39652641.7511
20
39458578.8469
10
39652633.4346
20
39458590.0751
10
39652632.6682
20
39458581.7195
0
LWPOLYLINE
100
AcDbEntity
8
0
100
AcDbPolyline
90
8
70
0
43
0.5
10
39652572.9652
20
39458181.3767
10
39652586.2881
20
39458198.7901
10
39652582.9471
20
39458206.1702
10
39652583.8687
20
39458223.3449
10
39652580.0569
20
39458242.4411
10
39652567.0015
20
39458255.1847
10
39652552.0040
20
39458252.3148
10
39652553.3459
20
39458263.3142
0
LWPOLYLINE
100
AcDbEntity
8
0
100
AcDbPolyline
90
8
70
0
43
0.5
10
39653186.8221
20
39458209.5649
10
39653206.2471
20
39458194.0746
10
39653222.1480
20
39458187.7400
10
39653240.4655
20
39458198.7338
10
39653222.0929
20
39458190.0780
10
39653207.3293
20
39458183.8979
10
39653206.3986
20
39458198.3994
10
39653215.6272
20
39458181.9619
0
LWPOLYLINE
100
AcDbEntity
8
0
100
AcDbPolyline
90
8
70
0
43
0.5
10
39653064.0086
20
39458621.2299
10
39653057.3852
20
39458607.5842
10
39653049.5942
20
39458601.3091
10
39653032.2626
20
39458608.2028
10
39653016.3660
20
39458621.2894
10
39653003.6684
20
39458619.4562
10
39653010.4277
20
39458636.5923
10
39652991.3226
20
39458621.8572
0
LWPOLYLINE
100
AcDbEntity
8
0
100
AcDbPolyline
90
8
70
0
43
0.5
10
39652590.7440
20
39457931.5296
10
39652572.1400
20
39457946.9399
10
39652556.2146
20
39457958.1101
10
39652536.8689
20
39457977.8894
10
39652549.3879
20
39457968.7820
10
39652531.5555
20
39457975.6068
10
39652536.7943
20
39457970.2102
10
39652548.6578
20
39457974.2018
0
LWPOLYLINE
100
AcDbEntity
8
0
100
AcDbPolyline
90
8
70
0
43
0.5
10
39653071.1231
20
39458205.4387
10
39653090.5463
20
39458215.8045
10
39653071.8694
20
39458230.5283
10
39653080.7612
20
39458212.1433
10
39653093.3223
20
39458199.3575
10
39653081.1312
20
39458211.2509
10
39653099.9537
20
39458207.0178
10
39653103.6376
20
39458213.2235
0
LWPOLYLINE
100
AcDbEntity
8
0
100
AcDbPolyline
90
8
70
0
43
0.5
10
39652812.7433
20
39458373.6753
10
39652805.1692
20
39458390.8981
10
39652815.9586
20
39458392.7070
10
39652804.0138
20
39458374.6986
10
39652798.9891
20
39458374.3342
10
39652812.2255
20
39458371.7917
10
39652803.4988
20
39458384.0202
10
39652818.4296
20
39458364.6927
0
LWPOLYLINE
100
AcDbEntity
8
0
100
AcDbPolyline
90
8
70
0
43
0.5
10
39652921.6341
20
39457952.9967
10
39652926.9093
20
39457960.9858
10
39652931.1822
20
39457947.4314
10
39652915.1110
20
39457948.4259
10
39652907.2943
20
39457946.6941
10
39652889.6941
20
39457928.1093
10
39652882.9836
20
39457932.0227
10
39652883.9349
20
39457920.1200
0
LWPOLYLINE
100
AcDbEntity
8
0
100
AcDbPolyline
90
8
70
0
43
0.5
10
39652623.7011
20
39458032.1179
10
39652618.5463
20
39458022.0843
10
39652633.7265
20
39458004.3833
10
39652647.6008
20
39458006.5137
10
39652649.2083
20
39458014.0401
10
39652667.6857
20
39458021.0256
10
39652684.4346
20
39458025.6958
10
39652676.6821
20
39458038.4127
0
LWPOLYLINE
100
AcDbEntity
8
0
100
AcDbPolyline
90
8
70
0
43
0.5
10
39652905.5599
20
39458328.1411
10
39652890.6205
20
39458323.6829
10
39652880.7738
20
39458333.8846
10
39652898.1593
20
39458329.4961
10
39652885.2343
20
39458317.1153
10
39652870.6641
20
39458307.9484
10
39652874.0731
20
39458303.4361
10
39652881.9008
20
39458299.1103
0
LWPOLYLINE
100
AcDbEntity
8
0
100
AcDbPolyline
90
8
70
0
43
0.5
10
39653297.3634
20
39458564.8293
10
39653296.3603
20
39458568.1960
10
39653291.0291
20
39458552.7050
10
39653285.9492
20
39458546.6009
10
39653286.4426
20
39458558.3632
10
39653278.7720
20
39458545.3363
10
39653293.4807
20
39458564.5588
10
39653295.0982
20
39458557.4149
0
LWPOLYLINE
100
AcDbEntity
8
0
100
AcDbPolyline
90
8
70
0
43
0.5
10
39652526.5127
20
39458425.8141
10
39652513.8499
20
39458415.1605
10
39652523.4586
20
39458401.9094
10
39652525.9677
20
39458406.4579
10
39652533.0900
20
39458396.2925
10
39652530.5156
20
39458410.7067
10
39652534.0903
20
39458406.7849
10
39652543.6829
20
39458411.0740
0
LWPOLYLINE
100
AcDbEntity
8
0
100
AcDbPolyline
90
8
70
0
43
0.5
10
39653156.4962
20
39457885.3999
10
39653139.4904
20
39457867.8630
10
39653131.1071
20
39457848.5589
10
39653134.3911
20
39457831.2698
10
39653136.1050
20
39457811.7677
10
39653131.7636
20
39457816.1096
10
39653142.9709
20
39457802.1040
10
39653158.1458
20
39457792.7699
0
LWPOLYLINE
100
AcDbEntity
8
0
100
AcDbPolyline
90
8
70
0
43
0.5
10
39652812.0135
20
39458309.5074
10
39652812.0397
20
39458298.1308
10
39652808.2330
20
39458280.8473
10
39652801.7374
20
39458300.1086
10
39652783.7846
20
39458304.2554
10
39652791.6961
20
39458296.3185
10
39652785.8964
20
39458291.3991
10
39652779.0298
20
39458279.0090
0
LWPOLYLINE
100
AcDbEntity
8
0
100
AcDbPolyline
90
8
70
0
43
0.5
10
39653102.5170
20
39458621.9962
10
39653116.1292
20
39458609.9392
10
39653107.5524
20
39458627.4706
10
39653099.9785
20
39458641.0647
10
39653113.4369
20
39458642.0368
10
39653098.6029
20
39458654.4462
10
39653101.1518
20
39458635.2102
10
39653081.3883
20
39458647.6037
0
LWPOLYLINE
100
AcDbEntity
8
0
100
AcDbPolyline
90
8
70
0
43
0.5
10
39652913.8463
20
39458499.6140
10
39652913.1380
20
39458509.2877
10
39652907.6267
20
39458494.1743
10
39652912.5481
20
39458508.5372
10
39652897.8936
20
39458522.9331
10
39652886.3228
20
39458520.2650
10
39652895.9256
20
39458517.1962
10
39652902.6477
20
39458530.6783
0
LWPOLYLINE
100
AcDbEntity
8
0
100
AcDbPolyline
90
8
70
0
43
0.5
10
39653144.2272
20
39458344.6383
10
39653150.6637
20
39458331.4670
10
39653165.8577
20
39458351.0076
10
39653151.5030
20
39458341.0182
10
39653152.3293
20
39458343.6936
10
39653170.6308
20
39458347.2210
10
39653183.9773
20
39458365.7174
10
39653182.7640
20
39458368.7280
0
LWPOLYLINE
100
AcDbEntity
8
0
100
AcDbPolyline
90
8
70
0
43
0.5
10
39652559.0759
20
39457940.4132
10
39652544.5663
20
39457932.3878
10
39652547.6707
20
39457940.3383
10
39652533.9082
20
39457936.2837
10
39652520.1411
20
39457949.3600
10
39652519.0192
20
39457967.9545
10
39652536.0377
20
39457985.0207
10
39652537.2767
20
39457983.6003
0
LWPOLYLINE
100
AcDbEntity
8
0
100
AcDbPolyline
90
8
70
0
43
0.5
10
39652551.2720
20
39458173.9235
10
39652544.6670
20
39458173.0624
10
39652544.7720
20
39458185.6446
10
39652529.8278
20
39458204.9681
10
39652540.2763
20
39458221.1474
10
39652542.0875
20
39458230.0957
10
39652530.6142
20
39458218.2469
10
39652534.3344
20
39458224.3653
0
LWPOLYLINE
100
AcDbEntity
8
0
100
AcDbPolyline
90
8
70
0
43
0.5
10
39652682.3552
20
39458583.8132
10
39652701.6721
20
39458590.6281
10
39652712.3580
20
39458601.9946
10
39652727.1184
20
39458590.0624
10
39652744.8420
20
39458605.1701
10
39652725.1427
20
39458609.1805
10
39652710.0201
20
39458627.4132
10
39652705.9863
20
39458609.8824
0
LWPOLYLINE
100
AcDbEntity
8
0
100
AcDbPolyline
90
8
70
0
43
0.5
10
39652987.9513
20
39458074.3191
10
39653003.7487
20
39458070.4730
10
39652994.3348
20
39458078.4642
10
39653003.5319
20
39458088.9359
10
39652997.5864
20
39458107.1932
10
39652999.6297
20
39458088.7350
10
39652982.0332
20
39458078.1383
10
39652982.0003
20
39458085.4666
0
LWPOLYLINE
100
AcDbEntity
8
0
100
AcDbPolyline
90
8
70
0
43
0.5
10
39652580.1463
20
39458097.9768
10
39652561.4149
20
39458107.0713
10
39652554.4711
20
39458118.0155
10
39652554.4476
20
39458126.0468
10
39652573.4138
20
39458143.0059
10
39652590.6529
20
39458133.9075
10
39652579.1123
20
39458126.6841
10
39652581.1882
20
39458118.3991
0
LWPOLYLINE
100
AcDbEntity
8
0
100
AcDbPolyline
90
8
70
0
43
0.5
10
39652793.0071
20
39458145.1518
10
39652804.0151
20
39458161.0577
10
39652817.4659
20
39458159.0684
10
39652814.8678
20
39458158.5682
10
39652808.9767
20
39458142.4858
10
39652794.1120
20
39458149.4750
10
39652792.0614
20
39458131.3786
10
39652780.6880
20
39458128.1241
0
LWPOLYLINE
100
AcDbEntity
8
0
100
AcDbPolyline
90
8
70
0
43
0.5
10
39653297.4808
20
39458218.9542
10
39653285.0375
20
39458201.8671
10
39653294.6517
20
39458182.6480
10
39653297.1208
20
39458193.7173
10
39653317.0844
20
39458180.4662
10
39653299.8703
20
39458170.6357
10
39653290.9294
20
39458177.1666
10
39653277.8696
20
39458191.8134
0
LWPOLYLINE
100
AcDbEntity
8
0
100
AcDbPolyline
90
8
70
0
43
0.5
10
39652821.0131
20
39458432.4167
10
39652811.8880
20
39458443.9374
10
39652791.9842
20
39458447.0758
10
39652801.0303
20
39458455.6410
10
39652805.6753
20
39458471.6173
10
39652790.8853
20
39458490.6958
10
39652790.2702
20
39458478.3985
10
39652772.5033
20
39458474.5770
0
LWPOLYLINE
100
AcDbEntity
8
0
100
AcDbPolyline
90
8
70
0
43
0.5
10
39652807.8841
20
39457873.4498
10
39652813.4709
20
39457855.0207
10
39652800.5881
20
39457846.1946
10
39652801.1201
20
39457841.2712
10
39652787.9200
20
39457822.2178
10
39652797.3756
20
39457808.5929
10
39652786.1590
20
39457798.5256
10
39652798.5436
20
39457815.9418
0
LWPOLYLINE
100
AcDbEntity
8
0
100
AcDbPolyline
90
8
70
0
43
0.5
10
39652750.9901
20
39458114.5312
10
39652731.0342
20
39458112.5689
10
39652739.9313
20
39458114.5808
10
39652735.7389
20
39458128.6257
10
39652726.1558
20
39458121.4195
10
39652714.8601
20
39458126.1463
10
39652706.0749
20
39458143.6111
10
39652715.3547
20
39458150.3107
0
LWPOLYLINE
100
AcDbEntity
8
0
100
AcDbPolyline
90
8
70
0
43
0.5
10
39653197.0887
20
39458490.8455
10
39653179.2245
20
39458503.4586
10
39653168.1939
20
39458501.5934
10
39653155.7980
20
39458487.5956
10
39653171.2979
20
39458500.8962
10
39653170.3000
20
39458485.0056
10
39653187.4059
20
39458476.9948
10
39653197.4197
20
39458458.9636
0
LWPOLYLINE
100
AcDbEntity
8
0
100
AcDbPolyline
90
8
70
0
43
0.5
10
39652617.8733
20
39458165.1603
10
39652610.1529
20
39458158.4896
10
39652621.0754
20
39458142.9475
10
39652616.1323
20
39458152.3183
10
39652613.6302
20
39458137.1197
10
39652606.5857
20
39458151.4726
10
39652593.4191
20
39458132.5679
10
39652609.5451
20
39458134.7505
0
LWPOLYLINE
100
AcDbEntity
8
0
100
AcDbPolyline
90
8
70
0
43
0.5
10
39652871.1619
20
39458012.6078
10
39652878.5095
20
39458021.1405
10
39652896.6548
20
39458011.2707
10
39652910.3031
20
39458005.8025
10
39652922.9503
20
39457997.4211
10
39652917.2556
20
39457998.6968
10
39652924.5616
20
39457981.4195
10
39652911.2920
20
39457977.9735
0
LWPOLYLINE
100
AcDbEntity
8
0
100
AcDbPolyline
90
8
70
0
43
0.5
10
39653212.4563
20
39458526.2362
10
39653225.3734
20
39458544.9847
10
39653217.4687
20
39458563.3152
10
39653219.9757
20
39458561.5305
10
39653238.4241
20
39458541.9709
10
39653225.5949
20
39458525.1999
10
39653245.4214
20
39458538.6063
10
39653229.8321
20
39458523.0486
0
LWPOLYLINE
100
AcDbEntity
8
0
100
AcDbPolyline
90
8
70
0
43
0.5
10
39652699.6720
20
39458237.2023
10
39652707.3478
20
39458250.9688
10
39652719.2170
20
39458258.6428
10
39652712.8185
20
39458263.3264
10
39652723.7028
20
39458271.3497
10
39652730.1570
20
39458271.2637
10
39652741.0707
20
39458290.9789
10
39652724.6471
20
39458290.3782
0
LWPOLYLINE
100
AcDbEntity
8
0
100
AcDbPolyline
90
8
70
0
43
0.5
10
39653165.4362
20
39458594.2988
10
39653171.0121
20
39458589.4260
10
39653185.9359
20
39458580.1899
10
39653178.1797
20
39458583.8438
10
39653183.3605
20
39458575.9856
10
39653197.2640
20
39458595.4162
10
39653198.3566
20
39458610.8649
10
39653190.4580
20
39458616.4651
0
LWPOLYLINE
100
AcDbEntity
8
0
100
AcDbPolyline
90
8
70
0
43
0.5
10
39653254.5190
20
39458388.6408
10
39653245.4143
20
39458397.2445
10
39653261.5930
20
39458398.6405
10
39653257.6125
20
39458383.5844
10
39653255.0339
20
39458381.8953
10
39653235.1827
20
39458377.0818
10
39653235.4714
20
39458381.4623
10
39653236.4900
20
39458367.6362
0
LWPOLYLINE
100
AcDbEntity
8
0
100
AcDbPolyline
90
8
70
0
43
0.5
10
39653301.1862
20
39457993.2816
10
39653312.4383
20
39458013.0327
10
39653325.3663
20
39458027.4963
10
39653327.6327
20
39458016.4261
10
39653320.2755
20
39457999.3950
10
39653319.4396
20
39457983.4110
10
39653314.3494
20
39457965.5409
10
39653310.6470
20
39457958.8424
0
LWPOLYLINE
100
AcDbEntity
8
0
100
AcDbPolyline
90
8
70
0
43
0.5
10
39652555.0544
20
39458246.7871
10
39652551.3644
20
39458247.4201
10
39652569.8595
20
39458231.6330
10
39652584.9018
20
39458234.1990
10
39652568.5788
20
39458230.2343
10
39652559.1283
20
39458223.3884
10
39652542.5851
20
39458206.9767
10
39652536.3889
20
39458188.8425
0
LWPOLYLINE
100
AcDbEntity
8
0
100
AcDbPolyline
90
8
70
0
43
0.5
10
39652976.8783
20
39457896.8670
10
39652994.8004
20
39457896.8039
10
39652975.6860
20
39457916.4660
10
39652989.3456
20
39457911.9102
10
39652975.7921
20
39457896.4598
10
39652985.0792
20
39457895.5151
10
39653002.1524
20
39457912.2647
10
39653008.0726
20
39457896.6738
0
LWPOLYLINE
100
AcDbEntity
8
0
100
AcDbPolyline
90
8
70
0
43
0.5
10
39652740.1144
20
39458187.5441
10
39652733.3957
20
39458171.8995
10
39652739.7225
20
39458155.1240
10
39652738.5274
20
39458166.7830
10
39652752.7047
20
39458183.7271
10
39652767.3991
20
39458201.6935
10
39652748.7283
20
39458203.9570
10
39652757.2391
20
39458211.6556
0
LWPOLYLINE
100
AcDbEntity
8
0
100
AcDbPolyline
90
8
70
0
43
0.5
10
39652892.5840
20
39458333.5383
10
39652901.3603
20
39458322.3733
10
39652895.3848
20
39458304.7369
10
39652896.9086
20
39458318.3353
10
39652894.4775
20
39458305.2582
10
39652897.1592
20
39458314.3954
10
39652885.3864
20
39458297.4664
10
39652887.7930
20
39458280.2652
0
LWPOLYLINE
100
AcDbEntity
8
0
100
AcDbPolyline
90
8
70
0
43
0.5
10
39653177.5933
20
39458531.0505
10
39653158.7933
20
39458550.6346
10
39653149.0247
20
39458537.5975
10
39653146.4429
20
39458553.2875
10
39653129.2802
20
39458572.6789
10
39653119.8942
20
39458591.7693
10
39653105.3233
20
39458594.3574
10
39653092.2454
20
39458598.0696
0
LWPOLYLINE
100
AcDbEntity
8
0
100
AcDbPolyline
90
8
70
0
43
0.5
10
39652827.9758
20
39458397.4508
10
39652835.1879
20
39458416.5351
10
39652834.4726
20
39458426.0378
10
39652820.2608
20
39458418.1512
10
39652837.5072
20
39458409.0746
10
39652832.0973
20
39458421.0515
10
39652837.6158
20
39458416.6097
10
39652854.1550
20
39458403.4914
0
LWPOLYLINE
100
AcDbEntity
8
0
100
AcDbPolyline
90
8
70
0
43
0.5
10
39653252.1797
20
39458166.0088
10
39653246.2105
20
39458175.2689
10
39653265.3701
20
39458188.8863
10
39653249.0153
20
39458183.9120
10
39653263.7662
20
39458180.2634
10
39653271.0308
20
39458199.4671
10
39653255.2831
20
39458194.8973
10
39653263.6232
20
39458192.5289
0
LWPOLYLINE
100
AcDbEntity
8
0
100
AcDbPolyline
90
8
70
0
43
0.5
10
39652691.2554
20
39457898.2489
10
39652677.9649
20
39457898.1929
10
39652689.7410
20
39457889.8349
10
39652689.7720
20
39457891.2844
10
39652704.9625
20
39457875.0158
10
39652707.9414
20
39457858.7660
10
39652693.6354
20
39457857.1680
10
39652713.1678
20
39457839.6456
0
LWPOLYLINE
100
AcDbEntity
8
0
100
AcDbPolyline
90
8
70
0
43
0.5
10
39652721.8829
20
39458308.2718
10
39652724.4334
20
39458315.5780
10
39652710.7406
20
39458311.4388
10
39652700.1379
20
39458311.5766
10
39652681.7514
20
39458296.2366
10
39652680.1592
20
39458289.6133
10
39652676.5434
20
39458309.2358
10
39652670.5184
20
39458289.8877
0
LWPOLYLINE
100
AcDbEntity
8
0
100
AcDbPolyline
90
8
70
0
43
0.5
10
39653235.9335
20
39458552.9531
10
39653239.6480
20
39458566.4794
10
39653239.2038
20
39458550.3133
10
39653225.6376
20
39458567.2672
10
39653239.8857
20
39458575.4779
10
39653233.5732
20
39458590.2580
10
39653216.3429
20
39458604.2179
10
39653232.8442
20
39458590.8825
0
LWPOLYLINE
100
AcDbEntity
8
0
100
AcDbPolyline
90
8
70
0
43
0.5
10
39653023.9724
20
39458021.8122
10
39653021.3798
20
39458038.9566
10
39653014.9797
20
39458026.8598
10
39653026.1567
20
39458007.9579
10
39653035.0580
20
39457995.0643
10
39653038.6187
20
39457975.2329
10
39653057.1194
20
39457989.9524
10
39653043.6462
20
39457990.7124
0
LWPOLYLINE
100
AcDbEntity
8
0
100
AcDbPolyline
90
8
70
0
43
0.5
10
39653291.0860
20
39458153.0428
10
39653292.7410
20
39458148.7984
10
39653282.5929
20
39458154.0701
10
39653277.5856
20
39458151.4289
10
39653262.2180
20
39458138.0905
10
39653275.1782
20
39458119.2892
10
39653288.5721
20
39458130.5242
10
39653269.0113
20
39458128.7558
0
LWPOLYLINE
100
AcDbEntity
8
0
100
AcDbPolyline
90
8
70
0
43
0.5
10
39653080.9573
20
39458460.1994
10
39653067.0827
20
39458471.7032
10
39653080.0189
20
39458482.0996
10
39653067.6083
20
39458496.0859
10
39653070.5431
20
39458509.0882
10
39653059.6837
20
39458524.3510
10
39653066.0598
20
39458507.2065
10
39653074.1483
20
39458501.4280
0
LWPOLYLINE
100
AcDbEntity
8
0
100
AcDbPolyline
90
8
70
0
43
0.5
10
39652960.7124
20
39458349.8591
10
39652944.9269
20
39458347.5388
10
39652964.7835
20
39458345.8933
10
39652959.8957
20
39458330.1500
10
39652950.7454
20
39458339.7618
10
39652936.2311
20
39458347.9738
10
39652929.2630
20
39458342.9930
10
39652924.0899
20
39458343.3488
0
LWPOLYLINE
100
AcDbEntity
8
0
100
AcDbPolyline
90
8
70
0
43
0.5
10
39652647.2290
20
39458556.7091
10
39652654.4082
20
39458550.8506
10
39652646.7209
20
39458569.6658
10
39652648.7708
20
39458564.5048
10
39652644.7206
20
39458577.3567
10
39652637.6504
20
39458585.6232
10
39652654.6753
20
39458570.9513
10
39652644.1693
20
39458576.8087
0
LWPOLYLINE
100
AcDbEntity
8
0
100
AcDbPolyline
90
8
70
0
43
0.5
10
39653137.8194
20
39458031.4527
10
39653123.8091
20
39458024.2103
10
39653129.0239
20
39458042.0012
10
39653146.7319
20
39458040.1781
10
39653141.1772
20
39458050.4505
10
39653127.2467
20
39458041.0408
10
39653123.3415
20
39458047.3663
10
39653106.3425
20
39458058.4989
0
LWPOLYLINE
100
AcDbEntity
8
0
100
AcDbPolyline
90
8
70
0
43
0.5
10
39653246.9937
20
39458301.1915
10
39653241.2572
20
39458315.2942
10
39653246.2148
20
39458326.2350
10
39653240.0268
20
39458327.9952
10
39653237.3275
20
39458340.7447
10
39653242.3148
20
39458354.0429
10
39653252.4149
20
39458363.5785
10
39653246.6516
20
39458382.3117
0
LWPOLYLINE
100
AcDbEntity
8
0
100
AcDbPolyline
90
8
70
0
43
0.5
10
39652648.8580
20
39458234.0026
10
39652647.5119
20
39458239.7510
10
39652656.8454
20
39458250.1184
10
39652652.7866
20
39458247.0076
10
39652658.4825
20
39458242.2899
10
39652661.5465
20
39458248.3004
10
39652644.6862
20
39458263.0337
10
39652657.0898
20
39458250.6164
0
LWPOLYLINE
100
AcDbEntity
8
0
100
AcDbPolyline
90
8
70
0
43
0.5
10
39652884.1182
20
39458391.8214
10
39652898.0025
20
39458404.9668
10
39652907.5991
20
39458424.0363
10
39652898.0396
20
39458439.8595
10
39652906.9615
20
39458443.9870
10
39652915.0905
20
39458437.9782
10
39652931.7655
20
39458429.8667
10
39652941.8488
20
39458413.7547
0
LWPOLYLINE
100
AcDbEntity
8
0
100
AcDbPolyline
90
8
70
0
43
0.5
10
39652874.1350
20
39458140.9295
10
39652854.8904
20
39458129.7569
10
39652861.5267
20
39458125.7624
10
39652864.2379
20
39458137.3202
10
39652871.6096
20
39458149.6873
10
39652853.2908
20
39458136.5625
10
39652841.5551
20
39458149.8373
10
39652853.3970
20
39458148.5962
0
LWPOLYLINE
100
AcDbEntity
8
0
100
AcDbPolyline
90
8
70
0
43
0.5
10
39653114.5155
20
39458059.8569
10
39653123.9092
20
39458056.8099
10
39653123.8861
20
39458039.3845
10
39653128.7415
20
39458020.7695
10
39653121.9137
20
39458015.2511
10
39653133.0179
20
39458008.7855
10
39653126.5509
20
39458021.1098
10
39653118.0584
20
39458031.8378
0
LWPOLYLINE
100
AcDbEntity
8
0
100
AcDbPolyline
90
8
70
0
43
0.5
10
39653219.8283
20
39458052.8306
10
39653229.1001
20
39458053.3832
10
39653231.9877
20
39458044.1160
10
39653225.0189
20
39458030.4896
10
39653228.7128
20
39458036.0263
10
39653214.0269
20
39458022.2586
10
39653223.8494
20
39458018.7425
10
39653213.7271
20
39458032.3238
0
LWPOLYLINE
100
AcDbEntity
8
0
100
AcDbPolyline
90
8
70
0
43
0.5
10
39653081.6939
20
39457835.5299
10
39653076.2903
20
39457826.2929
10
39653088.0643
20
39457812.7361
10
39653078.1339
20
39457809.1764
10
39653069.3209
20
39457803.8742
10
39653066.9129
20
39457794.2524
10
39653078.0030
20
39457800.3001
10
39653084.0731
20
39457809.0085
0
LWPOLYLINE
100
AcDbEntity
8
0
100
AcDbPolyline
90
8
70
0
43
0.5
10
39653307.2266
20
39458461.3582
10
39653308.2753
20
39458474.6677
10
39653293.9883
20
39458456.8608
10
39653303.4001
20
39458474.1473
10
39653301.0122
20
39458472.5943
10
39653304.0022
20
39458456.0178
10
39653321.5872
20
39458448.2518
10
39653334.0649
20
39458467.2750
0
LWPOLYLINE
100
AcDbEntity
8
0
100
AcDbPolyline
90
8
70
0
43
0.5
10
39652926.0954
20
39458273.1956
10
39652936.1463
20
39458283.2277
10
39652921.1524
20
39458284.6439
10
39652935.9014
20
39458278.2838
10
39652935.7641
20
39458286.8890
10
39652939.9077
20
39458297.1179
10
39652932.9821
20
39458285.2412
10
39652920.8503
20
39458286.1706
0
LWPOLYLINE
100
AcDbEntity
8
0
100
AcDbPolyline
90
8
70
0
43
0.5
10
39653314.8222
20
39458450.1699
10
39653317.0675
20
39458455.0257
10
39653305.5071
20
39458453.3467
10
39653323.8834
20
39458468.8119
10
39653313.4117
20
39458485.3630
10
39653294.4935
20
39458470.4443
10
39653313.9639
20
39458478.4357
10
39653322.0081
20
39458472.7090
0
LWPOLYLINE
100
AcDbEntity
8
0
100
AcDbPolyline
90
8
70
0
43
0.5
10
39652868.8484
20
39458103.8639
10
39652874.0390
20
39458110.6319
10
39652884.1207
20
39458101.9848
10
39652876.8373
20
39458104.5826
10
39652862.4369
20
39458084.9635
10
39652852.6312
20
39458079.9209
10
39652848.7209
20
39458076.4654
10
39652859.9010
20
39458056.7372
0
LWPOLYLINE
100
AcDbEntity
8
0
100
AcDbPolyline
90
8
70
0
43
0.5
10
39652718.8800
20
39457976.0735
10
39652732.7925
20
39457975.6674
10
39652733.1742
20
39457975.4725
10
39652729.4096
20
39457966.5804
10
39652709.9992
20
39457975.2445
10
39652697.4016
20
39457962.3490
10
39652678.3727
20
39457964.4552
10
39652676.3282
20
39457960.9558
0
LWPOLYLINE
100
AcDbEntity
8
0
100
AcDbPolyline
90
8
70
0
43
0.5
10
39653000.5586
20
39458373.2391
10
39653019.9502
20
39458375.3873
10
39653035.5548
20
39458358.8366
10
39653025.0816
20
39458372.9485
10
39653008.0092
20
39458358.3801
10
39653021.2798
20
39458377.4275
10
39653008.4661
20
39458386.8311
10
39653015.8972
20
39458375.5270
0
LWPOLYLINE
100
AcDbEntity
8
0
100
AcDbPolyline
90
8
70
0
43
0.5
10
39653048.1074
20
39458273.4922
10
39653059.9376
20
39458288.6861
10
39653046.6338
20
39458305.6517
10
39653058.8776
20
39458308.8819
10
39653072.5551
20
39458307.4488
10
39653058.3620
20
39458320.6846
10
39653058.7619
20
39458321.4525
10
39653059.4997
20
39458305.2970
0
LWPOLYLINE
100
AcDbEntity
8
0
100
AcDbPolyline
90
8
70
0
43
0.5
10
39653215.7654
20
39457973.3923
10
39653220.8743
20
39457959.4462
10
39653226.9362
20
39457946.3780
10
39653246.1720
20
39457943.3027
10
39653242.3115
20
39457943.6788
10
39653234.8303
20
39457957.8854
10
39653242.3945
20
39457939.6740
10
39653260.9983
20
39457930.0045
0
LWPOLYLINE
100
AcDbEntity
8
0
100
AcDbPolyline
90
8
70
0
43
0.5
10
39652718.0517
20
39457875.3754
10
39652706.7774
20
39457875.5697
10
39652717.7124
20
39457877.2402
10
39652704.9769
20
39457868.2944
10
39652720.1934
20
39457855.5689
10
39652709.6202
20
39457871.4326
10
39652702.7029
20
39457882.6829
10
39652690.6980
20
39457893.9401
0
LWPOLYLINE
100
AcDbEntity
8
0
100
AcDbPolyline
90
8
70
0
43
0.5
10
39652703.6858
20
39458426.1915
10
39652709.8954
20
39458440.3344
10
39652717.4153
20
39458456.1864
10
39652731.9074
20
39458443.8340
10
39652723.9638
20
39458441.5890
10
39652717.6415
20
39458454.3570
10
39652698.1762
20
39458452.3897
10
39652708.3954
20
39458451.3642
0
LWPOLYLINE
100
AcDbEntity
8
0
100
AcDbPolyline
90
8
70
0
43
0.5
10
39652940.8484
20
39458473.6798
10
39652957.8499
20
39458491.8825
10
39652941.2651
20
39458486.7993
10
39652957.3314
20
39458479.4234
10
39652968.2602
20
39458496.0164
10
39652978.9242
20
39458490.6947
10
39652966.5436
20
39458482.7645
10
39652966.7666
20
39458487.5875
0
LWPOLYLINE
100
AcDbEntity
8
0
100
AcDbPolyline
90
8
70
0
43
0.5
10
39653215.8735
20
39458066.6144
10
39653230.4989
20
39458049.7008
10
39653239.9515
20
39458051.3101
10
39653223.0233
20
39458035.7843
10
39653225.0760
20
39458036.8762
10
39653243.6979
20
39458047.3806
10
39653235.5630
20
39458032.3187
10
39653232.5758
20
39458042.9581
0
LWPOLYLINE
100
AcDbEntity
8
0
100
AcDbPolyline
90
8
70
0
43
0.5
10
39652875.9465
20
39458012.5451
10
39652856.0410
20
39457996.8706
10
39652864.5782
20
39457977.5698
10
39652855.9571
20
39457963.8433
10
39652874.6163
20
39457978.4345
10
39652870.6808
20
39457997.2361
10
39652858.0233
20
39457987.9199
10
39652838.6523
20
39457998.0978
0
LWPOLYLINE
100
AcDbEntity
8
0
100
AcDbPolyline
90
8
70
0
43
0.5
10
39653061.4164
20
39457944.0697
10
39653059.8677
20
39457958.6645
10
39653060.6958
20
39457949.4884
10
39653074.6804
20
39457934.7959
10
39653076.1423
20
39457920.7268
10
39653088.7433
20
39457920.2098
10
39653089.3731
20
39457921.8134
10
39653093.8048
20
39457903.5673
0
LWPOLYLINE
100
AcDbEntity
8
0
100
AcDbPolyline
90
8
70
0
43
0.5
10
39653317.4350
20
39458177.2913
10
39653308.0290
20
39458166.7375
10
39653302.2003
20
39458173.5320
10
39653300.0313
20
39458174.1015
10
39653311.4258
20
39458187.7115
10
39653295.6291
20
39458195.7334
10
39653295.7237
20
39458205.0850
10
39653310.8094
20
39458185.7423
0
LWPOLYLINE
100
AcDbEntity
8
0
100
AcDbPolyline
90
8
70
0
43
0.5
10
39653230.2987
20
39458489.8501
10
39653234.9117
20
39458478.7077
10
39653243.4899
20
39458472.8954
10
39653249.7650
20
39458473.8223
10
39653254.2569
20
39458476.2973
10
39653266.5552
20
39458487.8806
10
39653255.2514
20
39458499.3581
10
39653254.3270
20
39458483.0172
0
LWPOLYLINE
100
AcDbEntity
8
0
100
AcDbPolyline
90
8
70
0
43
0.5
10
39652863.5961
20
39458092.3601
10
39652866.8385
20
39458110.3428
10
39652863.0786
20
39458113.4270
10
39652856.9748
20
39458101.7846
10
39652850.5792
20
39458083.2225
10
39652865.2788
20
39458101.9739
10
39652874.7300
20
39458111.7601
10
39652871.0733
20
39458092.5544
0
LWPOLYLINE
100
AcDbEntity
8
0
100
AcDbPolyline
90
8
70
0
43
0.5
10
39653175.5516
20
39458568.8443
10
39653184.7834
20
39458586.8668
10
39653201.3580
20
39458568.7818
10
39653205.0027
20
39458572.6000
10
39653187.7744
20
39458558.0535
10
39653195.6100
20
39458541.3571
10
39653202.5767
20
39458553.6195
10
39653213.7864
20
39458547.6364
0
LWPOLYLINE
100
AcDbEntity
8
0
100
AcDbPolyline
90
8
70
0
43
0.5
10
39652684.3101
20
39458531.3273
10
39652665.2533
20
39458526.0720
10
39652646.8750
20
39458544.1133
10
39652636.8463
20
39458554.6477
10
39652640.8731
20
39458550.9205
10
39652647.3642
20
39458541.2599
10
39652637.8788
20
39458538.4782
10
39652618.5016
20
39458549.2729
0
LWPOLYLINE
100
AcDbEntity
8
0
100
AcDbPolyline
90
8
70
0
43
0.5
10
39652834.8181
20
39458143.6308
10
39652833.6260
20
39458123.9691
10
39652846.8659
20
39458135.3906
10
39652834.8839
20
39458118.6844
10
39652820.5411
20
39458125.5218
10
39652802.3886
20
39458108.0050
10
39652788.8927
20
39458117.3014
10
39652791.3650
20
39458113.0597
0
LWPOLYLINE
100
AcDbEntity
8
0
100
AcDbPolyline
90
8
70
0
43
0.5
10
39652611.9367
20
39458152.1103
10
39652593.8386
20
39458138.6289
10
39652576.3364
20
39458142.6348
10
39652557.0493
20
39458147.8052
10
39652545.0734
20
39458133.9063
10
39652538.5640
20
39458131.2640
10
39652541.9665
20
39458145.7655
10
39652536.6851
20
39458133.3790
0
LWPOLYLINE
100
AcDbEntity
8
0
100
AcDbPolyline
90
8
70
0
43
0.5
10
39653161.9575
20
39458109.0802
10
39653177.3077
20
39458114.6676
10
39653163.2221
20
39458117.5210
10
39653158.4023
20
39458125.0470
10
39653168.8209
20
39458142.0818
10
39653167.5724
20
39458129.6435
10
39653160.2380
20
39458137.6798
10
39653162.1400
20
39458121.8743
0
LWPOLYLINE
100
AcDbEntity
8
0
100
AcDbPolyline
90
8
70
0
43
0.5
10
39652731.2980
20
39458080.4958
10
39652717.3234
20
39458074.4990
10
39652702.5953
20
39458086.3745
10
39652722.3521
20
39458073.9851
10
39652734.9861
20
39458057.0984
10
39652730.7367
20
39458040.5897
10
39652738.2937
20
39458047.4689
10
39652720.0270
20
39458035.7277
0
LWPOLYLINE
100
AcDbEntity
8
0
100
AcDbPolyline
90
8
70
0
43
0.5
10
39653089.3129
20
39458105.5900
10
39653077.8887
20
39458118.0216
10
39653087.9957
20
39458126.1160
10
39653073.6053
20
39458129.2360
10
39653054.0420
20
39458139.4210
10
39653041.3807
20
39458119.4250
10
39653051.7490
20
39458130.6921
10
39653055.1604
20
39458143.6103
0
LWPOLYLINE
100
AcDbEntity
8
0
100
AcDbPolyline
90
8
70
0
43
0.5
10
39653294.3877
20
39458055.1131
10
39653303.0913
20
39458074.8354
10
39653290.2745
20
39458060.6696
10
39653285.2192
20
39458077.8454
10
39653272.6610
20
39458091.6299
10
39653286.9215
20
39458094.2836
10
39653296.9208
20
39458102.3259
10
39653280.4910
20
39458093.2716
0
LWPOLYLINE
100
AcDbEntity
8
0
100
AcDbPolyline
90
8
70
0
43
0.5
10
39652771.2685
20
39458049.0771
10
39652759.5738
20
39458057.3745
10
39652751.3270
20
39458046.2479
10
39652744.9578
20
39458059.0982
10
39652744.4890
20
39458058.2800
10
39652734.2980
20
39458058.7934
10
39652732.9113
20
39458075.4559
10
39652740.7415
20
39458094.5744
0
LWPOLYLINE
100
AcDbEntity
8
0
100
AcDbPolyline
90
8
70
0
43
0.5
10
39653075.4325
20
39458396.9778
10
39653055.5313
20
39458384.5169
10
39653039.2722
20
39458383.2617
10
39653031.4565
20
39458379.3530
10
39653015.8528
20
39458374.5974
10
39653023.3549
20
39458377.5512
10
39653034.0089
20
39458365.6516
10
39653022.3179
20
39458365.3799
0
LWPOLYLINE
100
AcDbEntity
8
0
100
AcDbPolyline
90
8
70
0
43
0.5
10
39653249.7211
20
39458045.8537
10
39653229.8986
20
39458038.2794
10
39653220.5054
20
39458047.8780
10
39653228.5176
20
39458030.0650
10
39653209.0647
20
39458026.1108
10
39653189.4418
20
39458015.7699
10
39653191.8344
20
39457996.0931
10
39653194.4789
20
39458015.0276
0
LWPOLYLINE
100
AcDbEntity
8
0
100
AcDbPolyline
90
8
70
0
43
0.5
10
39653051.9294
20
39458236.7299
10
39653049.9976
20
39458256.1266
10
39653030.1009
20
39458274.9588
10
39653016.1678
20
39458291.2248
10
39653035.8657
20
39458309.7857
10
39653033.7529
20
39458308.9261
10
39653051.6223
20
39458303.0181
10
39653052.2113
20
39458311.2503
0
LWPOLYLINE
100
AcDbEntity
8
0
100
AcDbPolyline
90
8
70
0
43
0.5
10
39653332.0899
20
39458610.5101
10
39653349.9010
20
39458603.2198
10
39653332.7889
20
39458603.7637
10
39653339.9239
20
39458618.9997
10
39653336.2482
20
39458622.2749
10
39653342.8223
20
39458625.8175
10
39653342.9255
20
39458627.7329
10
39653345.4805
20
39458621.2073
0
SOLID
100
AcDbEntity
8
0
100
AcDbSolid
10
39653096.2563
20
39457916.1695
30
0.0
11
39653100.3365
21
39457916.1695
31
0.0
12
39653100.3365
22
39457928.1756
32
0.0
13
39653096.2563
23
39457928.1756
33
0.0
0
SOLID
100
AcDbEntity
8
0
100
AcDbSolid
10
39653117.3488
20
39458003.9725
30
0.0
11
39653127.5019
21
39458003.9725
31
0.0
12
39653127.5019
22
39458005.7456
32
0.0
13
39653117.3488
23
39458005.7456
33
0.0
0
SOLID
100
AcDbEntity
8
0
100
AcDbSolid
10
39653144.4126
20
39458429.6514
30
0.0
11
39653152.3230
21
39458429.6514
31
0.0
12
39653152.3230
22
39458441.8163
32
0.0
13
39653144.4126
23
39458441.8163
33
0.0
0
SOLID
100
AcDbEntity
8
0
100
AcDbSolid
10
39653271.9571
20
39457911.5735
30
0.0
11
39653274.1183
21
39457911.5735
31
0.0
12
39653274.1183
22
39457920.6175
32
0.0
13
39653271.9571
23
39457920.6175
33
0.0
0
SOLID
100
AcDbEntity
8
0
100
AcDbSolid
10
39652569.2140
20
39457987.9332
30
0.0
11
39652570.4515
21
39457987.9332
31
0.0
12
39652570.4515
22
39457990.6675
32
0.0
13
39652569.2140
23
39457990.6675
33
0.0
0
SOLID
100
AcDbEntity
8
0
100
AcDbSolid
10
39653217.4906
20
39458577.3479
30
0.0
11
39653221.7737
21
39458577.3479
31
0.0
12
39653221.7737
22
39458585.7473
32
0.0
13
39653217.4906
23
39458585.7473
33
0.0
0
SOLID
100
AcDbEntity
8
0
100
AcDbSolid
10
39652563.9299
20
39458452.7350
30
0.0
11
39652573.6245
21
39458452.7350
31
0.0
12
39652573.6245
22
39458464.1386
32
0.0
13
39652563.9299
23
39458464.1386
33
0.0
0
SOLID
100
AcDbEntity
8
0
100
AcDbSolid
10
39653254.1765
20
39458340.9701
30
0.0
11
39653257.8288
21
39458340.9701
31
0.0
12
39653257.8288
22
39458344.8094
32
0.0
13
39653254.1765
23
39458344.8094
33
0.0
0
SOLID
100
AcDbEntity
8
0
100
AcDbSolid
10
39653006.4487
20
39458160.8262
30
0.0
11
39653017.1273
21
39458160.8262
31
0.0
12
39653017.1273
22
39458166.2373
32
0.0
13
39653006.4487
23
39458166.2373
33
0.0
0
SOLID
100
AcDbEntity
8
0
100
AcDbSolid
10
39652589.5175
20
39458511.6946
30
0.0
11
39652592.6787
21
39458511.6946
31
0.0
12
39652592.6787
22
39458520.5568
32
0.0
13
39652589.5175
23
39458520.5568
33
0.0
0
SOLID
100
AcDbEntity
8
0
100
AcDbSolid
10
39652767.0907
20
39458325.5869
30
0.0
11
39652776.8696
21
39458325.5869
31
0.0
12
39652776.8696
22
39458334.7181
32
0.0
13
39652767.0907
23
39458334.7181
33
0.0
0
SOLID
100
AcDbEntity
8
0
100
AcDbSolid
10
39652771.1044
20
39458394.9183
30
0.0
11
39652780.8711
21
39458394.9183
31
0.0
12
39652780.8711
22
39458397.3452
32
0.0
13
39652771.1044
23
39458397.3452
33
0.0
0
SOLID
100
AcDbEntity
8
0
100
AcDbSolid
10
39652666.4200
20
39458288.5716
30
0.0
11
39652673.3784
21
39458288.5716
31
0.0
12
39652673.3784
22
39458288.9808
32
0.0
13
39652666.4200
23
39458288.9808
33
0.0
0
SOLID
100
AcDbEntity
8
0
100
AcDbSolid
10
39652569.4281
20
39458368.7435
30
0.0
11
39652577.9726
21
39458368.7435
31
0.0
12
39652577.9726
22
39458380.4057
32
0.0
13
39652569.4281
23
39458380.4057
33
0.0
0
SOLID
100
AcDbEntity
8
0
100
AcDbSolid
10
39653083.0577
20
39458021.0709
30
0.0
11
39653091.5397
21
39458021.0709
31
0.0
12
39653091.5397
22
39458026.7190
32
0.0
13
39653083.0577
23
39458026.7190
33
0.0
0
SOLID
100
AcDbEntity
8
0
100
AcDbSolid
10
39652710.6926
20
39458210.5397
30
0.0
11
39652717.1866
21
39458210.5397
31
0.0
12
39652717.1866
22
39458219.8687
32
0.0
13
39652710.6926
23
39458219.8687
33
0.0
0
SOLID
100
AcDbEntity
8
0
100
AcDbSolid
10
39652611.4936
20
39458275.6740
30
0.0
11
39652612.0907
21
39458275.6740
31
0.0
12
39652612.0907
22
39458285.3182
32
0.0
13
39652611.4936
23
39458285.3182
33
0.0
0
SOLID
100
AcDbEntity
8
0
100
AcDbSolid
10
39652859.6271
20
39457873.5068
30
0.0
11
39652861.7199
21
39457873.5068
31
0.0
12
39652861.7199
22
39457883.5373
32
0.0
13
39652859.6271
23
39457883.5373
33
0.0
0
SOLID
100
AcDbEntity
8
0
100
AcDbSolid
10
39652569.8996
20
39458387.8318
30
0.0
11
39652574.8622
21
39458387.8318
31
0.0
12
39652574.8622
22
39458392.0048
32
0.0
13
39652569.8996
23
39458392.0048
33
0.0
0
SOLID
100
AcDbEntity
8
0
100
AcDbSolid
10
39652852.2989
20
39458313.2371
30
0.0
11
39652852.9003
21
39458313.2371
31
0.0
12
39652852.9003
22
39458318.4105
32
0.0
13
39652852.2989
23
39458318.4105
33
0.0
0
SOLID
100
AcDbEntity
8
0
100
AcDbSolid
10
39652957.9414
20
39458127.4189
30
0.0
11
39652969.7707
21
39458127.4189
31
0.0
12
39652969.7707
22
39458134.7438
32
0.0
13
39652957.9414
23
39458134.7438
33
0.0
0
SOLID
100
AcDbEntity
8
0
100
AcDbSolid
10
39652578.9256
20
39458364.2780
30
0.0
11
39652582.0435
21
39458364.2780
31
0.0
12
39652582.0435
22
39458364.9567
32
0.0
13
39652578.9256
23
39458364.9567
33
0.0
0
SOLID
100
AcDbEntity
8
0
100
AcDbSolid
10
39652664.5916
20
39458000.2961
30
0.0
11
39652671.5607
21
39458000.2961
31
0.0
12
39652671.5607
22
39458005.8881
32
0.0
13
39652664.5916
23
39458005.8881
33
0.0
0
SOLID
100
AcDbEntity
8
0
100
AcDbSolid
10
39652916.6876
20
39458066.6945
30
0.0
11
39652922.0706
21
39458066.6945
31
0.0
12
39652922.0706
22
39458068.1376
32
0.0
13
39652916.6876
23
39458068.1376
33
0.0
0
SOLID
100
AcDbEntity
8
0
100
AcDbSolid
10
39653125.9417
20
39457999.8732
30
0.0
11
39653134.2965
21
39457999.8732
31
0.0
12
39653134.2965
22
39458010.5761
32
0.0
13
39653125.9417
23
39458010.5761
33
0.0
0
SOLID
100
AcDbEntity
8
0
100
AcDbSolid
10
39652912.5408
20
39458042.6318
30
0.0
11
39652918.8750
21
39458042.6318
31
0.0
12
39652918.8750
22
39458045.1808
32
0.0
13
39652912.5408
23
39458045.1808
33
0.0
0
SOLID
100
AcDbEntity
8
0
100
AcDbSolid
10
39652633.0150
20
39458008.6712
30
0.0
11
39652637.6048
21
39458008.6712
31
0.0
12
39652637.6048
22
39458011.8809
32
0.0
13
39652633.0150
23
39458011.8809
33
0.0
0
SOLID
100
AcDbEntity
8
0
100
AcDbSolid
10
39652816.0290
20
39458122.8774
30
0.0
11
39652818.4398
21
39458122.8774
31
0.0
12
39652818.4398
22
39458134.1039
32
0.0
13
39652816.0290
23
39458134.1039
33
0.0
0
SOLID
100
AcDbEntity
8
0
100
AcDbSolid
10
39652889.5789
20
39458249.8851
30
0.0
11
39652900.6669
21
39458249.8851
31
0.0
12
39652900.6669
22
39458252.7079
32
0.0
13
39652889.5789
23
39458252.7079
33
0.0
0
SOLID
100
AcDbEntity
8
0
100
AcDbSolid
10
39652562.0963
20
39458423.4241
30
0.0
11
39652565.7047
21
39458423.4241
31
0.0
12
39652565.7047
22
39458426.9879
32
0.0
13
39652562.0963
23
39458426.9879
33
0.0
0
SOLID
100
AcDbEntity
8
0
100
AcDbSolid
10
39653019.9575
20
39458188.9460
30
0.0
11
39653023.9604
21
39458188.9460
31
0.0
12
39653023.9604
22
39458190.4442
32
0.0
13
39653019.9575
23
39458190.4442
33
0.0
0
SOLID
100
AcDbEntity
8
0
100
AcDbSolid
10
39652903.8998
20
39458072.0322
30
0.0
11
39652915.1835
21
39458072.0322
31
0.0
12
39652915.1835
22
39458080.0002
32
0.0
13
39652903.8998
23
39458080.0002
33
0.0
0
SOLID
100
AcDbEntity
8
0
100
AcDbSolid
10
39652626.8438
20
39457885.0839
30
0.0
11
39652634.7520
21
39457885.0839
31
0.0
12
39652634.7520
22
39457896.3562
32
0.0
13
39652626.8438
23
39457896.3562
33
0.0
0
SOLID
100
AcDbEntity
8
0
100
AcDbSolid
10
39652795.6219
20
39457984.7922
30
0.0
11
39652801.3311
21
39457984.7922
31
0.0
12
39652801.3311
22
39457988.1684
32
0.0
13
39652795.6219
23
39457988.1684
33
0.0
0
SOLID
100
AcDbEntity
8
0
100
AcDbSolid
10
39652699.1128
20
39458592.8903
30
0.0
11
39652700.3393
21
39458592.8903
31
0.0
12
39652700.3393
22
39458603.7385
32
0.0
13
39652699.1128
23
39458603.7385
33
0.0
0
SOLID
100
AcDbEntity
8
0
100
AcDbSolid
10
39652625.2829
20
39458092.6869
30
0.0
11
39652628.6610
21
39458092.6869
31
0.0
12
39652628.6610
22
39458096.9036
32
0.0
13
39652625.2829
23
39458096.9036
33
0.0
0
SOLID
100
AcDbEntity
8
0
100
AcDbSolid
10
39652769.6334
20
39458613.8804
30
0.0
11
39652781.0430
21
39458613.8804
31
0.0
12
39652781.0430
22
39458620.8122
32
0.0
13
39652769.6334
23
39458620.8122
33
0.0
0
SOLID
100
AcDbEntity
8
0
100
AcDbSolid
10
39652897.5536
20
39458618.1545
30
0.0
11
39652901.6118
21
39458618.1545
31
0.0
12
39652901.6118
22
39458626.2741
32
0.0
13
39652897.5536
23
39458626.2741
33
0.0
0
SOLID
100
AcDbEntity
8
0
100
AcDbSolid
10
39653123.0811
20
39457998.0556
30
0.0
11
39653126.9494
21
39457998.0556
31
0.0
12
39653126.9494
22
39458004.3732
32
0.0
13
39653123.0811
23
39458004.3732
33
0.0
0
SOLID
100
AcDbEntity
8
0
100
AcDbSolid
10
39653166.5675
20
39458201.6505
30
0.0
11
39653174.1652
21
39458201.6505
31
0.0
12
39653174.1652
22
39458212.0283
32
0.0
13
39653166.5675
23
39458212.0283
33
0.0
0
SOLID
100
AcDbEntity
8
0
100
AcDbSolid
10
39653253.7507
20
39458495.4663
30
0.0
11
39653262.4021
21
39458495.4663
31
0.0
12
39653262.4021
22
39458502.1912
32
0.0
13
39653253.7507
23
39458502.1912
33
0.0
0
SOLID
100
AcDbEntity
8
0
100
AcDbSolid
10
39652818.7336
20
39458478.2107
30
0.0
11
39652823.2127
21
39458478.2107
31
0.0
12
39652823.2127
22
39458479.3687
32
0.0
13
39652818.7336
23
39458479.3687
33
0.0
0
SOLID
100
AcDbEntity
8
0
100
AcDbSolid
10
39652973.3687
20
39457957.7742
30
0.0
11
39652978.2448
21
39457957.7742
31
0.0
12
39652978.2448
22
39457964.1572
32
0.0
13
39652973.3687
23
39457964.1572
33
0.0
0
SOLID
100
AcDbEntity
8
0
100
AcDbSolid
10
39652905.5489
20
39458304.0133
30
0.0
11
39652917.6728
21
39458304.0133
31
0.0
12
39652917.6728
22
39458309.4751
32
0.0
13
39652905.5489
23
39458309.4751
33
0.0
0
SOLID
100
AcDbEntity
8
0
100
AcDbSolid
10
39652968.9054
20
39458389.8149
30
0.0
11
39652975.8127
21
39458389.8149
31
0.0
12
39652975.8127
22
39458398.1829
32
0.0
13
39652968.9054
23
39458398.1829
33
0.0
0
SOLID
100
AcDbEntity
8
0
100
AcDbSolid
10
39652626.4106
20
39458432.9418
30
0.0
11
39652627.3583
21
39458432.9418
31
0.0
12
39652627.3583
22
39458442.7777
32
0.0
13
39652626.4106
23
39458442.7777
33
0.0
0
SOLID
100
AcDbEntity
8
0
100
AcDbSolid
10
39653210.3882
20
39458051.1601
30
0.0
11
39653214.6756
21
39458051.1601
31
0.0
12
39653214.6756
22
39458058.8485
32
0.0
13
39653210.3882
23
39458058.8485
33
0.0
0
SOLID
100
AcDbEntity
8
0
100
AcDbSolid
10
39653261.4289
20
39458243.1470
30
0.0
11
39653271.5936
21
39458243.1470
31
0.0
12
39653271.5936
22
39458246.9813
32
0.0
13
39653261.4289
23
39458246.9813
33
0.0
0
SOLID
100
AcDbEntity
8
0
100
AcDbSolid
10
39653208.7132
20
39458007.6805
30
0.0
11
39653216.1292
21
39458007.6805
31
0.0
12
39653216.1292
22
39458016.8012
32
0.0
13
39653208.7132
23
39458016.8012
33
0.0
0
SOLID
100
AcDbEntity
8
0
100
AcDbSolid
10
39652754.2394
20
39458113.6100
30
0.0
11
39652763.5818
21
39458113.6100
31
0.0
12
39652763.5818
22
39458117.8381
32
0.0
13
39652754.2394
23
39458117.8381
33
0.0
0
SOLID
100
AcDbEntity
8
0
100
AcDbSolid
10
39653323.4584
20
39458333.1081
30
0.0
11
39653330.4380
21
39458333.1081
31
0.0
12
39653330.4380
22
39458336.9041
32
0.0
13
39653323.4584
23
39458336.9041
33
0.0
0
SOLID
100
AcDbEntity
8
0
100
AcDbSolid
10
39652544.8154
20
39457850.7043
30
0.0
11
39652554.5215
21
39457850.7043
31
0.0
12
39652554.5215
22
39457852.6713
32
0.0
13
39652544.8154
23
39457852.6713
33
0.0
0
SOLID
100
AcDbEntity
8
0
100
AcDbSolid
10
39653120.6960
20
39458360.5988
30
0.0
11
39653123.8270
21
39458360.5988
31
0.0
12
39653123.8270
22
39458361.1342
32
0.0
13
39653120.6960
23
39458361.1342
33
0.0
0
SOLID
100
AcDbEntity
8
0
100
AcDbSolid
10
39652652.2808
20
39458364.7587
30
0.0
11
39652657.4748
21
39458364.7587
31
0.0
12
39652657.4748
22
39458376.6486
32
0.0
13
39652652.2808
23
39458376.6486
33
0.0
0
SOLID
100
AcDbEntity
8
0
100
AcDbSolid
10
39653180.8046
20
39458584.2946
30
0.0
11
39653189.2243
21
39458584.2946
31
0.0
12
39653189.2243
22
39458588.2307
32
0.0
13
39653180.8046
23
39458588.2307
33
0.0
0
SOLID
100
AcDbEntity
8
0
100
AcDbSolid
10
39652607.7224
20
39458596.6193
30
0.0
11
39652614.9837
21
39458596.6193
31
0.0
12
39652614.9837
22
39458605.8059
32
0.0
13
39652607.7224
23
39458605.8059
33
0.0
0
SOLID
100
AcDbEntity
8
0
100
AcDbSolid
10
39653156.2820
20
39458610.8867
30
0.0
11
39653156.7529
21
39458610.8867
31
0.0
12
39653156.7529
22
39458622.0941
32
0.0
13
39653156.2820
23
39458622.0941
33
0.0
0
SOLID
100
AcDbEntity
8
0
100
AcDbSolid
10
39652637.0023
20
39458094.2126
30
0.0
11
39652642.4378
21
39458094.2126
31
0.0
12
39652642.4378
22
39458098.8200
32
0.0
13
39652637.0023
23
39458098.8200
33
0.0
0
SOLID
100
AcDbEntity
8
0
100
AcDbSolid
10
39653279.5579
20
39458361.1771
30
0.0
11
39653283.9731
21
39458361.1771
31
0.0
12
39653283.9731
22
39458364.9339
32
0.0
13
39653279.5579
23
39458364.9339
33
0.0
0
SOLID
100
AcDbEntity
8
0
100
AcDbSolid
10
39652693.5705
20
39458039.1074
30
0.0
11
39652703.1911
21
39458039.1074
31
0.0
12
39652703.1911
22
39458045.5327
32
0.0
13
39652693.5705
23
39458045.5327
33
0.0
0
SOLID
100
AcDbEntity
8
0
100
AcDbSolid
10
39652920.8058
20
39458521.6422
30
0.0
11
39652925.8746
21
39458521.6422
31
0.0
12
39652925.8746
22
39458527.1674
32
0.0
13
39652920.8058
23
39458527.1674
33
0.0
0
SOLID
100
AcDbEntity
8
0
100
AcDbSolid
10
39652541.2773
20
39458323.0778
30
0.0
11
39652547.4297
21
39458323.0778
31
0.0
12
39652547.4297
22
39458324.2243
32
0.0
13
39652541.2773
23
39458324.2243
33
0.0
0
SOLID
100
AcDbEntity
8
0
100
AcDbSolid
10
39652595.7560
20
39457845.9944
30
0.0
11
39652596.6187
21
39457845.9944
31
0.0
12
39652596.6187
22
39457850.0684
32
0.0
13
39652595.7560
23
39457850.0684
33
0.0
0
SOLID
100
AcDbEntity
8
0
100
AcDbSolid
10
39652887.1862
20
39457874.6652
30
0.0
11
39652894.7882
21
39457874.6652
31
0.0
12
39652894.7882
22
39457875.6363
32
0.0
13
39652887.1862
23
39457875.6363
33
0.0
0
SOLID
100
AcDbEntity
8
0
100
AcDbSolid
10
39653023.5080
20
39458506.7450
30
0.0
11
39653031.0307
21
39458506.7450
31
0.0
12
39653031.0307
22
39458517.1650
32
0.0
13
39653023.5080
23
39458517.1650
33
0.0
0
SOLID
100
AcDbEntity
8
0
100
AcDbSolid
10
39652764.3857
20
39458235.7413
30
0.0
11
39652768.7179
21
39458235.7413
31
0.0
12
39652768.7179
22
39458237.7456
32
0.0
13
39652764.3857
23
39458237.7456
33
0.0
0
SOLID
100
AcDbEntity
8
0
100
AcDbSolid
10
39652834.3428
20
39457896.7665
30
0.0
11
39652845.8418
21
39457896.7665
31
0.0
12
39652845.8418
22
39457902.3884
32
0.0
13
39652834.3428
23
39457902.3884
33
0.0
0
SOLID
100
AcDbEntity
8
0
100
AcDbSolid
10
39652764.8025
20
39458388.0704
30
0.0
11
39652774.6030
21
39458388.0704
31
0.0
12
39652774.6030
22
39458397.2876
32
0.0
13
39652764.8025
23
39458397.2876
33
0.0
0
SOLID
100
AcDbEntity
8
0
100
AcDbSolid
10
39652927.5356
20
39458080.8554
30
0.0
11
39652932.6814
21
39458080.8554
31
0.0
12
39652932.6814
22
39458082.9716
32
0.0
13
39652927.5356
23
39458082.9716
33
0.0
0
SOLID
100
AcDbEntity
8
0
100
AcDbSolid
10
39652922.0135
20
39458429.8717
30
0.0
11
39652929.6286
21
39458429.8717
31
0.0
12
39652929.6286
22
39458438.0296
32
0.0
13
39652922.0135
23
39458438.0296
33
0.0
0
SOLID
100
AcDbEntity
8
0
100
AcDbSolid
10
39653079.1683
20
39458497.2946
30
0.0
11
39653086.8191
21
39458497.2946
31
0.0
12
39653086.8191
22
39458501.0973
32
0.0
13
39653079.1683
23
39458501.0973
33
0.0
0
SOLID
100
AcDbEntity
8
0
100
AcDbSolid
10
39653244.0586
20
39458502.3822
30
0.0
11
39653248.3972
21
39458502.3822
31
0.0
12
39653248.3972
22
39458505.7944
32
0.0
13
39653244.0586
23
39458505.7944
33
0.0
0
SOLID
100
AcDbEntity
8
0
100
AcDbSolid
10
39652799.9419
20
39458309.4155
30
0.0
11
39652811.6574
21
39458309.4155
31
0.0
12
39652811.6574
22
39458318.2966
32
0.0
13
39652799.9419
23
39458318.2966
33
0.0
0
SOLID
100
AcDbEntity
8
0
100
AcDbSolid
10
39652896.2530
20
39458566.4187
30
0.0
11
39652904.2964
21
39458566.4187
31
0.0
12
39652904.2964
22
39458570.2336
32
0.0
13
39652896.2530
23
39458570.2336
33
0.0
0
SOLID
100
AcDbEntity
8
0
100
AcDbSolid
10
39653242.9889
20
39458007.1612
30
0.0
11
39653254.9734
21
39458007.1612
31
0.0
12
39653254.9734
22
39458014.5975
32
0.0
13
39653242.9889
23
39458014.5975
33
0.0
0
SOLID
100
AcDbEntity
8
0
100
AcDbSolid
10
39652833.9998
20
39458228.9409
30
0.0
11
39652838.6160
21
39458228.9409
31
0.0
12
39652838.6160
22
39458231.3512
32
0.0
13
39652833.9998
23
39458231.3512
33
0.0
0
SOLID
100
AcDbEntity
8
0
100
AcDbSolid
10
39652961.6862
20
39457858.6484
30
0.0
11
39652968.9110
21
39457858.6484
31
0.0
12
39652968.9110
22
39457868.4233
32
0.0
13
39652961.6862
23
39457868.4233
33
0.0
0
SOLID
100
AcDbEntity
8
0
100
AcDbSolid
10
39653085.6027
20
39458219.6133
30
0.0
11
39653089.4148
21
39458219.6133
31
0.0
12
39653089.4148
22
39458230.7769
32
0.0
13
39653085.6027
23
39458230.7769
33
0.0
0
SOLID
100
AcDbEntity
8
0
100
AcDbSolid
10
39652717.4672
20
39458011.7302
30
0.0
11
39652729.7235
21
39458011.7302
31
0.0
12
39652729.7235
22
39458021.2408
32
0.0
13
39652717.4672
23
39458021.2408
33
0.0
0
SOLID
100
AcDbEntity
8
0
100
AcDbSolid
10
39652685.0779
20
39457917.3681
30
0.0
11
39652696.1383
21
39457917.3681
31
0.0
12
39652696.1383
22
39457923.7894
32
0.0
13
39652685.0779
23
39457923.7894
33
0.0
0
SOLID
100
AcDbEntity
8
0
100
AcDbSolid
10
39652537.6345
20
39457845.5586
30
0.0
11
39652545.2653
21
39457845.5586
31
0.0
12
39652545.2653
22
39457846.9592
32
0.0
13
39652537.6345
23
39457846.9592
33
0.0
0
SOLID
100
AcDbEntity
8
0
100
AcDbSolid
10
39653054.9673
20
39458526.9675
30
0.0
11
39653063.9856
21
39458526.9675
31
0.0
12
39653063.9856
22
39458528.0902
32
0.0
13
39653054.9673
23
39458528.0902
33
0.0
0
SOLID
100
AcDbEntity
8
0
100
AcDbSolid
10
39653023.1721
20
39458572.1466
30
0.0
11
39653030.2344
21
39458572.1466
31
0.0
12
39653030.2344
22
39458578.0781
32
0.0
13
39653023.1721
23
39458578.0781
33
0.0
0
SOLID
100
AcDbEntity
8
0
100
AcDbSolid
10
39652839.1507
20
39458305.5665
30
0.0
11
39652848.0265
21
39458305.5665
31
0.0
12
39652848.0265
22
39458309.3268
32
0.0
13
39652839.1507
23
39458309.3268
33
0.0
0
SOLID
100
AcDbEntity
8
0
100
AcDbSolid
10
39652906.5585
20
39457887.9315
30
0.0
11
39652909.1646
21
39457887.9315
31
0.0
12
39652909.1646
22
39457892.5862
32
0.0
13
39652906.5585
23
39457892.5862
33
0.0
0
SOLID
100
AcDbEntity
8
0
100
AcDbSolid
10
39652585.6580
20
39458239.2750
30
0.0
11
39652589.0692
21
39458239.2750
31
0.0
12
39652589.0692
22
39458247.3661
32
0.0
13
39652585.6580
23
39458247.3661
33
0.0
0
SOLID
100
AcDbEntity
8
0
100
AcDbSolid
10
39653259.5786
20
39458275.3366
30
0.0
11
39653263.1673
21
39458275.3366
31
0.0
12
39653263.1673
22
39458277.6097
32
0.0
13
39653259.5786
23
39458277.6097
33
0.0
0
SOLID
100
AcDbEntity
8
0
100
AcDbSolid
10
39653279.4823
20
39458169.7204
30
0.0
11
39653281.2767
21
39458169.7204
31
0.0
12
39653281.2767
22
39458171.3181
32
0.0
13
39653279.4823
23
39458171.3181
33
0.0
0
SOLID
100
AcDbEntity
8
0
100
AcDbSolid
10
39653151.1365
20
39458554.3342
30
0.0
11
39653152.4242
21
39458554.3342
31
0.0
12
39653152.4242
22
39458565.8104
32
0.0
13
39653151.1365
23
39458565.8104
33
0.0
0
SOLID
100
AcDbEntity
8
0
100
AcDbSolid
10
39652725.3920
20
39458570.6103
30
0.0
11
39652727.5347
21
39458570.6103
31
0.0
12
39652727.5347
22
39458575.3089
32
0.0
13
39652725.3920
23
39458575.3089
33
0.0
0
SOLID
100
AcDbEntity
8
0
100
AcDbSolid
10
39652755.0680
20
39458284.0078
30
0.0
11
39652758.4292
21
39458284.0078
31
0.0
12
39652758.4292
22
39458292.5349
32
0.0
13
39652755.0680
23
39458292.5349
33
0.0
0
SOLID
100
AcDbEntity
8
0
100
AcDbSolid
10
39652580.7433
20
39458374.2950
30
0.0
11
39652590.5684
21
39458374.2950
31
0.0
12
39652590.5684
22
39458383.0047
32
0.0
13
39652580.7433
23
39458383.0047
33
0.0
0
SOLID
100
AcDbEntity
8
0
100
AcDbSolid
10
39652707.9531
20
39458214.1147
30
0.0
11
39652713.9806
21
39458214.1147
31
0.0
12
39652713.9806
22
39458217.7121
32
0.0
13
39652707.9531
23
39458217.7121
33
0.0
0
SOLID
100
AcDbEntity
8
0
100
AcDbSolid
10
39652838.2928
20
39458448.3296
30
0.0
11
39652843.8099
21
39458448.3296
31
0.0
12
39652843.8099
22
39458452.8847
32
0.0
13
39652838.2928
23
39458452.8847
33
0.0
0
SOLID
100
AcDbEntity
8
0
100
AcDbSolid
10
39652916.9281
20
39458386.6488
30
0.0
11
39652928.9234
21
39458386.6488
31
0.0
12
39652928.9234
22
39458396.5023
32
0.0
13
39652916.9281
23
39458396.5023
33
0.0
0
SOLID
100
AcDbEntity
8
0
100
AcDbSolid
10
39652959.0102
20
39457922.0369
30
0.0
11
39652966.0150
21
39457922.0369
31
0.0
12
39652966.0150
22
39457928.2648
32
0.0
13
39652959.0102
23
39457928.2648
33
0.0
0
SOLID
100
AcDbEntity
8
0
100
AcDbSolid
10
39653217.4988
20
39457887.4026
30
0.0
11
39653227.6414
21
39457887.4026
31
0.0
12
39653227.6414
22
39457894.6956
32
0.0
13
39653217.4988
23
39457894.6956
33
0.0
0
SOLID
100
AcDbEntity
8
0
100
AcDbSolid
10
39653254.8903
20
39458563.0698
30
0.0
11
39653263.6309
21
39458563.0698
31
0.0
12
39653263.6309
22
39458572.0710
32
0.0
13
39653254.8903
23
39458572.0710
33
0.0
0
SOLID
100
AcDbEntity
8
0
100
AcDbSolid
10
39652681.3526
20
39457847.5298
30
0.0
11
39652682.2994
21
39457847.5298
31
0.0
12
39652682.2994
22
39457856.8599
32
0.0
13
39652681.3526
23
39457856.8599
33
0.0
0
SOLID
100
AcDbEntity
8
0
100
AcDbSolid
10
39653321.7660
20
39458003.9739
30
0.0
11
39653324.9131
21
39458003.9739
31
0.0
12
39653324.9131
22
39458006.3631
32
0.0
13
39653321.7660
23
39458006.3631
33
0.0
0
SOLID
100
AcDbEntity
8
0
100
AcDbSolid
10
39653174.1708
20
39458095.1083
30
0.0
11
39653181.8353
21
39458095.1083
31
0.0
12
39653181.8353
22
39458099.2397
32
0.0
13
39653174.1708
23
39458099.2397
33
0.0
0
SOLID
100
AcDbEntity
8
0
100
AcDbSolid
10
39653122.1205
20
39458218.7496
30
0.0
11
39653133.7927
21
39458218.7496
31
0.0
12
39653133.7927
22
39458220.6075
32
0.0
13
39653122.1205
23
39458220.6075
33
0.0
0
SOLID
100
AcDbEntity
8
0
100
AcDbSolid
10
39652763.4416
20
39457856.7020
30
0.0
11
39652764.7024
21
39457856.7020
31
0.0
12
39652764.7024
22
39457867.4046
32
0.0
13
39652763.4416
23
39457867.4046
33
0.0
0
SOLID
100
AcDbEntity
8
0
100
AcDbSolid
10
39652717.8998
20
39458049.4152
30
0.0
11
39652723.4933
21
39458049.4152
31
0.0
12
39652723.4933
22
39458052.7012
32
0.0
13
39652717.8998
23
39458052.7012
33
0.0
0
SOLID
100
AcDbEntity
8
0
100
AcDbSolid
10
39652976.2722
20
39458108.9238
30
0.0
11
39652979.3618
21
39458108.9238
31
0.0
12
39652979.3618
22
39458118.6473
32
0.0
13
39652976.2722
23
39458118.6473
33
0.0
0
SOLID
100
AcDbEntity
8
0
100
AcDbSolid
10
39653053.3256
20
39458582.5687
30
0.0
11
39653057.8987
21
39458582.5687
31
0.0
12
39653057.8987
22
39458586.7451
32
0.0
13
39653053.3256
23
39458586.7451
33
0.0
0
SOLID
100
AcDbEntity
8
0
100
AcDbSolid
10
39652707.2015
20
39458379.9979
30
0.0
11
39652712.5242
21
39458379.9979
31
0.0
12
39652712.5242
22
39458381.1327
32
0.0
13
39652707.2015
23
39458381.1327
33
0.0
0
SOLID
100
AcDbEntity
8
0
100
AcDbSolid
10
39652987.7071
20
39458175.9510
30
0.0
11
39652992.6695
21
39458175.9510
31
0.0
12
39652992.6695
22
39458183.5674
32
0.0
13
39652987.7071
23
39458183.5674
33
0.0
0
SOLID
100
AcDbEntity
8
0
100
AcDbSolid
10
39652776.0125
20
39458401.3223
30
0.0
11
39652785.1420
21
39458401.3223
31
0.0
12
39652785.1420
22
39458409.7956
32
0.0
13
39652776.0125
23
39458409.7956
33
0.0
0
SOLID
100
AcDbEntity
8
0
100
AcDbSolid
10
39652978.2541
20
39457935.0079
30
0.0
11
39652980.1109
21
39457935.0079
31
0.0
12
39652980.1109
22
39457943.9969
32
0.0
13
39652978.2541
23
39457943.9969
33
0.0
0
SOLID
100
AcDbEntity
8
0
100
AcDbSolid
10
39652735.5448
20
39458209.0314
30
0.0
11
39652736.1522
21
39458209.0314
31
0.0
12
39652736.1522
22
39458214.9898
32
0.0
13
39652735.5448
23
39458214.9898
33
0.0
0
SOLID
100
AcDbEntity
8
0
100
AcDbSolid
10
39652612.8894
20
39458439.4529
30
0.0
11
39652621.7894
21
39458439.4529
31
0.0
12
39652621.7894
22
39458440.8867
32
0.0
13
39652612.8894
23
39458440.8867
33
0.0
0
SOLID
100
AcDbEntity
8
0
100
AcDbSolid
10
39652729.5074
20
39458295.5582
30
0.0
11
39652737.9677
21
39458295.5582
31
0.0
12
39652737.9677
22
39458303.8859
32
0.0
13
39652729.5074
23
39458303.8859
33
0.0
0
SOLID
100
AcDbEntity
8
0
100
AcDbSolid
10
39653193.0610
20
39458119.8295
30
0.0
11
39653196.9000
21
39458119.8295
31
0.0
12
39653196.9000
22
39458131.8874
32
0.0
13
39653193.0610
23
39458131.8874
33
0.0
0
SOLID
100
AcDbEntity
8
0
100
AcDbSolid
10
39653200.2905
20
39458211.1973
30
0.0
11
39653203.7203
21
39458211.1973
31
0.0
12
39653203.7203
22
39458222.6204
32
0.0
13
39653200.2905
23
39458222.6204
33
0.0
0
SOLID
100
AcDbEntity
8
0
100
AcDbSolid
10
39652566.5548
20
39458084.0738
30
0.0
11
39652570.3840
21
39458084.0738
31
0.0
12
39652570.3840
22
39458084.9707
32
0.0
13
39652566.5548
23
39458084.9707
33
0.0
0
SOLID
100
AcDbEntity
8
0
100
AcDbSolid
10
39653246.7788
20
39458415.6670
30
0.0
11
39653258.2520
21
39458415.6670
31
0.0
12
39653258.2520
22
39458427.1938
32
0.0
13
39653246.7788
23
39458427.1938
33
0.0
0
SOLID
100
AcDbEntity
8
0
100
AcDbSolid
10
39653010.3072
20
39458194.0769
30
0.0
11
39653016.7953
21
39458194.0769
31
0.0
12
39653016.7953
22
39458200.7029
32
0.0
13
39653010.3072
23
39458200.7029
33
0.0
0
SOLID
100
AcDbEntity
8
0
100
AcDbSolid
10
39653232.1636
20
39458179.6720
30
0.0
11
39653240.8582
21
39458179.6720
31
0.0
12
39653240.8582
22
39458187.1187
32
0.0
13
39653232.1636
23
39458187.1187
33
0.0
0
SOLID
100
AcDbEntity
8
0
100
AcDbSolid
10
39652563.2173
20
39457992.2477
30
0.0
11
39652563.9182
21
39457992.2477
31
0.0
12
39652563.9182
22
39458003.2680
32
0.0
13
39652563.2173
23
39458003.2680
33
0.0
0
SOLID
100
AcDbEntity
8
0
100
AcDbSolid
10
39652841.7551
20
39458336.4658
30
0.0
11
39652847.7790
21
39458336.4658
31
0.0
12
39652847.7790
22
39458345.8190
32
0.0
13
39652841.7551
23
39458345.8190
33
0.0
0
SOLID
100
AcDbEntity
8
0
100
AcDbSolid
10
39652608.9599
20
39458478.0750
30
0.0
11
39652620.1345
21
39458478.0750
31
0.0
12
39652620.1345
22
39458480.2414
32
0.0
13
39652608.9599
23
39458480.2414
33
0.0
0
SOLID
100
AcDbEntity
8
0
100
AcDbSolid
10
39652590.7955
20
39458483.4131
30
0.0
11
39652602.4419
21
39458483.4131
31
0.0
12
39652602.4419
22
39458489.7777
32
0.0
13
39652590.7955
23
39458489.7777
33
0.0
0
SOLID
100
AcDbEntity
8
0
100
AcDbSolid
10
39652908.7975
20
39458334.6901
30
0.0
11
39652917.5404
21
39458334.6901
31
0.0
12
39652917.5404
22
39458343.1135
32
0.0
13
39652908.7975
23
39458343.1135
33
0.0
0
SOLID
100
AcDbEntity
8
0
100
AcDbSolid
10
39653182.2707
20
39458233.5525
30
0.0
11
39653185.4538
21
39458233.5525
31
0.0
12
39653185.4538
22
39458234.4356
32
0.0
13
39653182.2707
23
39458234.4356
33
0.0
0
SOLID
100
AcDbEntity
8
0
100
AcDbSolid
10
39653284.3928
20
39458205.4295
30
0.0
11
39653294.8140
21
39458205.4295
31
0.0
12
39653294.8140
22
39458212.5628
32
0.0
13
39653284.3928
23
39458212.5628
33
0.0
0
SOLID
100
AcDbEntity
8
0
100
AcDbSolid
10
39652714.7237
20
39458517.1592
30
0.0
11
39652720.3433
21
39458517.1592
31
0.0
12
39652720.3433
22
39458518.8398
32
0.0
13
39652714.7237
23
39458518.8398
33
0.0
0
SOLID
100
AcDbEntity
8
0
100
AcDbSolid
10
39653150.6218
20
39458620.3973
30
0.0
11
39653159.8325
21
39458620.3973
31
0.0
12
39653159.8325
22
39458628.4793
32
0.0
13
39653150.6218
23
39458628.4793
33
0.0
0
SOLID
100
AcDbEntity
8
0
100
AcDbSolid
10
39652940.0663
20
39458133.3067
30
0.0
11
39652951.0528
21
39458133.3067
31
0.0
12
39652951.0528
22
39458145.0418
32
0.0
13
39652940.0663
23
39458145.0418
33
0.0
0
SOLID
100
AcDbEntity
8
0
100
AcDbSolid
10
39652898.3856
20
39457973.0277
30
0.0
11
39652908.0390
21
39457973.0277
31
0.0
12
39652908.0390
22
39457984.7384
32
0.0
13
39652898.3856
23
39457984.7384
33
0.0
0
SOLID
100
AcDbEntity
8
0
100
AcDbSolid
10
39652971.3921
20
39458351.4304
30
0.0
11
39652975.1807
21
39458351.4304
31
0.0
12
39652975.1807
22
39458362.2465
32
0.0
13
39652971.3921
23
39458362.2465
33
0.0
0
SOLID
100
AcDbEntity
8
0
100
AcDbSolid
10
39653127.4233
20
39458546.6474
30
0.0
11
39653128.5601
21
39458546.6474
31
0.0
12
39653128.5601
22
39458556.7239
32
0.0
13
39653127.4233
23
39458556.7239
33
0.0
0
SOLID
100
AcDbEntity
8
0
100
AcDbSolid
10
39652840.7889
20
39457962.8890
30
0.0
11
39652848.9735
21
39457962.8890
31
0.0
12
39652848.9735
22
39457967.7101
32
0.0
13
39652840.7889
23
39457967.7101
33
0.0
0
SOLID
100
AcDbEntity
8
0
100
AcDbSolid
10
39652529.1244
20
39458191.0382
30
0.0
11
39652530.0730
21
39458191.0382
31
0.0
12
39652530.0730
22
39458197.6016
32
0.0
13
39652529.1244
23
39458197.6016
33
0.0
0
SOLID
100
AcDbEntity
8
0
100
AcDbSolid
10
39653307.1509
20
39457982.5279
30
0.0
11
39653308.0681
21
39457982.5279
31
0.0
12
39653308.0681
22
39457992.3888
32
0.0
13
39653307.1509
23
39457992.3888
33
0.0
0
SOLID
100
AcDbEntity
8
0
100
AcDbSolid
10
39653219.3411
20
39458048.9994
30
0.0
11
39653230.4224
21
39458048.9994
31
0.0
12
39653230.4224
22
39458055.3426
32
0.0
13
39653219.3411
23
39458055.3426
33
0.0
0
SOLID
100
AcDbEntity
8
0
100
AcDbSolid
10
39652713.9916
20
39458400.2412
30
0.0
11
39652715.9842
21
39458400.2412
31
0.0
12
39652715.9842
22
39458407.3371
32
0.0
13
39652713.9916
23
39458407.3371
33
0.0
0
SOLID
100
AcDbEntity
8
0
100
AcDbSolid
10
39652721.2013
20
39458332.9105
30
0.0
11
39652729.9882
21
39458332.9105
31
0.0
12
39652729.9882
22
39458334.4971
32
0.0
13
39652721.2013
23
39458334.4971
33
0.0
0
SOLID
100
AcDbEntity
8
0
100
AcDbSolid
10
39652897.2563
20
39458182.5344
30
0.0
11
39652904.3659
21
39458182.5344
31
0.0
12
39652904.3659
22
39458182.8566
32
0.0
13
39652897.2563
23
39458182.8566
33
0.0
0
SOLID
100
AcDbEntity
8
0
100
AcDbSolid
10
39652997.9207
20
39458151.2935
30
0.0
11
39653004.8021
21
39458151.2935
31
0.0
12
39653004.8021
22
39458162.7174
32
0.0
13
39652997.9207
23
39458162.7174
33
0.0
0
SOLID
100
AcDbEntity
8
0
100
AcDbSolid
10
39652543.1341
20
39458524.0866
30
0.0
11
39652544.9746
21
39458524.0866
31
0.0
12
39652544.9746
22
39458532.3938
32
0.0
13
39652543.1341
23
39458532.3938
33
0.0
0
SOLID
100
AcDbEntity
8
0
100
AcDbSolid
10
39652935.6151
20
39458585.3756
30
0.0
11
39652939.4154
21
39458585.3756
31
0.0
12
39652939.4154
22
39458594.0316
32
0.0
13
39652935.6151
23
39458594.0316
33
0.0
0
SOLID
100
AcDbEntity
8
0
100
AcDbSolid
10
39652795.8709
20
39458149.3135
30
0.0
11
39652805.4305
21
39458149.3135
31
0.0
12
39652805.4305
22
39458153.1891
32
0.0
13
39652795.8709
23
39458153.1891
33
0.0
0
SOLID
100
AcDbEntity
8
0
100
AcDbSolid
10
39653076.1136
20
39458615.6515
30
0.0
11
39653079.5155
21
39458615.6515
31
0.0
12
39653079.5155
22
39458624.8670
32
0.0
13
39653076.1136
23
39458624.8670
33
0.0
0
SOLID
100
AcDbEntity
8
0
100
AcDbSolid
10
39652715.5819
20
39458263.9294
30
0.0
11
39652720.7053
21
39458263.9294
31
0.0
12
39652720.7053
22
39458267.6751
32
0.0
13
39652715.5819
23
39458267.6751
33
0.0
0
SOLID
100
AcDbEntity
8
0
100
AcDbSolid
10
39652599.7704
20
39458298.4458
30
0.0
11
39652608.2939
21
39458298.4458
31
0.0
12
39652608.2939
22
39458298.8234
32
0.0
13
39652599.7704
23
39458298.8234
33
0.0
0
SOLID
100
AcDbEntity
8
0
100
AcDbSolid
10
39652986.0637
20
39457956.5102
30
0.0
11
39652992.3642
21
39457956.5102
31
0.0
12
39652992.3642
22
39457965.6249
32
0.0
13
39652986.0637
23
39457965.6249
33
0.0
0
SOLID
100
AcDbEntity
8
0
100
AcDbSolid
10
39652958.2778
20
39457992.4761
30
0.0
11
39652970.5627
21
39457992.4761
31
0.0
12
39652970.5627
22
39458000.1969
32
0.0
13
39652958.2778
23
39458000.1969
33
0.0
0
SOLID
100
AcDbEntity
8
0
100
AcDbSolid
10
39652672.6071
20
39458450.0554
30
0.0
11
39652679.5582
21
39458450.0554
31
0.0
12
39652679.5582
22
39458451.0505
32
0.0
13
39652672.6071
23
39458451.0505
33
0.0
0
SOLID
100
AcDbEntity
8
0
100
AcDbSolid
10
39652957.4783
20
39458435.4146
30
0.0
11
39652968.6219
21
39458435.4146
31
0.0
12
39652968.6219
22
39458436.2527
32
0.0
13
39652957.4783
23
39458436.2527
33
0.0
0
SOLID
100
AcDbEntity
8
0
100
AcDbSolid
10
39652629.8097
20
39458603.5509
30
0.0
11
39652633.7658
21
39458603.5509
31
0.0
12
39652633.7658
22
39458605.8515
32
0.0
13
39652629.8097
23
39458605.8515
33
0.0
0
SOLID
100
AcDbEntity
8
0
100
AcDbSolid
10
39652890.1774
20
39458470.4513
30
0.0
11
39652893.8770
21
39458470.4513
31
0.0
12
39652893.8770
22
39458480.2493
32
0.0
13
39652890.1774
23
39458480.2493
33
0.0
0
SOLID
100
AcDbEntity
8
0
100
AcDbSolid
10
39652759.3879
20
39458463.5315
30
0.0
11
39652769.2860
21
39458463.5315
31
0.0
12
39652769.2860
22
39458466.2135
32
0.0
13
39652759.3879
23
39458466.2135
33
0.0
0
SOLID
100
AcDbEntity
8
0
100
AcDbSolid
10
39653318.9561
20
39458422.8565
30
0.0
11
39653330.2059
21
39458422.8565
31
0.0
12
39653330.2059
22
39458431.2112
32
0.0
13
39653318.9561
23
39458431.2112
33
0.0
0
SOLID
100
AcDbEntity
8
0
100
AcDbSolid
10
39652717.9902
20
39458065.6431
30
0.0
11
39652721.4799
21
39458065.6431
31
0.0
12
39652721.4799
22
39458075.7560
32
0.0
13
39652717.9902
23
39458075.7560
33
0.0
0
SOLID
100
AcDbEntity
8
0
100
AcDbSolid
10
39653308.9830
20
39457926.5426
30
0.0
11
39653321.0758
21
39457926.5426
31
0.0
12
39653321.0758
22
39457934.4531
32
0.0
13
39653308.9830
23
39457934.4531
33
0.0
0
SOLID
100
AcDbEntity
8
0
100
AcDbSolid
10
39652875.0088
20
39457886.2057
30
0.0
11
39652884.7629
21
39457886.2057
31
0.0
12
39652884.7629
22
39457887.4318
32
0.0
13
39652875.0088
23
39457887.4318
33
0.0
0
SOLID
100
AcDbEntity
8
0
100
AcDbSolid
10
39652910.8273
20
39458600.6276
30
0.0
11
39652916.4109
21
39458600.6276
31
0.0
12
39652916.4109
22
39458602.8525
32
0.0
13
39652910.8273
23
39458602.8525
33
0.0
0
SOLID
100
AcDbEntity
8
0
100
AcDbSolid
10
39653120.3928
20
39458543.7755
30
0.0
11
39653130.3472
21
39458543.7755
31
0.0
12
39653130.3472
22
39458554.1745
32
0.0
13
39653120.3928
23
39458554.1745
33
0.0
0
SOLID
100
AcDbEntity
8
0
100
AcDbSolid
10
39652693.2710
20
39457975.9966
30
0.0
11
39652695.2095
21
39457975.9966
31
0.0
12
39652695.2095
22
39457978.8738
32
0.0
13
39652693.2710
23
39457978.8738
33
0.0
0
SOLID
100
AcDbEntity
8
0
100
AcDbSolid
10
39652722.4605
20
39458150.7075
30
0.0
11
39652727.7337
21
39458150.7075
31
0.0
12
39652727.7337
22
39458160.2974
32
0.0
13
39652722.4605
23
39458160.2974
33
0.0
0
SOLID
100
AcDbEntity
8
0
100
AcDbSolid
10
39652726.1216
20
39457871.8650
30
0.0
11
39652735.9109
21
39457871.8650
31
0.0
12
39652735.9109
22
39457881.3416
32
0.0
13
39652726.1216
23
39457881.3416
33
0.0
0
SOLID
100
AcDbEntity
8
0
100
AcDbSolid
10
39652835.7115
20
39458514.7181
30
0.0
11
39652841.9545
21
39458514.7181
31
0.0
12
39652841.9545
22
39458525.6421
32
0.0
13
39652835.7115
23
39458525.6421
33
0.0
0
SOLID
100
AcDbEntity
8
0
100
AcDbSolid
10
39652613.0245
20
39458422.3410
30
0.0
11
39652622.5127
21
39458422.3410
31
0.0
12
39652622.5127
22
39458432.9639
32
0.0
13
39652613.0245
23
39458432.9639
33
0.0
0
SOLID
100
AcDbEntity
8
0
100
AcDbSolid
10
39652858.6399
20
39458590.4475
30
0.0
11
39652866.5647
21
39458590.4475
31
0.0
12
39652866.5647
22
39458598.4766
32
0.0
13
39652858.6399
23
39458598.4766
33
0.0
0
SOLID
100
AcDbEntity
8
0
100
AcDbSolid
10
39652574.2752
20
39458552.9874
30
0.0
11
39652582.4382
21
39458552.9874
31
0.0
12
39652582.4382
22
39458556.6056
32
0.0
13
39652574.2752
23
39458556.6056
33
0.0
0
SOLID
100
AcDbEntity
8
0
100
AcDbSolid
10
39652641.5462
20
39458381.0223
30
0.0
11
39652652.3849
21
39458381.0223
31
0.0
12
39652652.3849
22
39458389.1437
32
0.0
13
39652641.5462
23
39458389.1437
33
0.0
0
SOLID
100
AcDbEntity
8
0
100
AcDbSolid
10
39653179.6325
20
39458107.3849
30
0.0
11
39653188.1532
21
39458107.3849
31
0.0
12
39653188.1532
22
39458116.3123
32
0.0
13
39653179.6325
23
39458116.3123
33
0.0
0
SOLID
100
AcDbEntity
8
0
100
AcDbSolid
10
39652544.3503
20
39458089.6177
30
0.0
11
39652547.9932
21
39458089.6177
31
0.0
12
39652547.9932
22
39458100.4597
32
0.0
13
39652544.3503
23
39458100.4597
33
0.0
0
SOLID
100
AcDbEntity
8
0
100
AcDbSolid
10
39652931.1304
20
39458423.6942
30
0.0
11
39652942.5336
21
39458423.6942
31
0.0
12
39652942.5336
22
39458431.0832
32
0.0
13
39652931.1304
23
39458431.0832
33
0.0
0
SOLID
100
AcDbEntity
8
0
100
AcDbSolid
10
39652944.4034
20
39458121.0205
30
0.0
11
39652947.9674
21
39458121.0205
31
0.0
12
39652947.9674
22
39458126.8628
32
0.0
13
39652944.4034
23
39458126.8628
33
0.0
0
SOLID
100
AcDbEntity
8
0
100
AcDbSolid
10
39653295.8906
20
39458161.2186
30
0.0
11
39653299.9825
21
39458161.2186
31
0.0
12
39653299.9825
22
39458165.3948
32
0.0
13
39653295.8906
23
39458165.3948
33
0.0
0
SOLID
100
AcDbEntity
8
0
100
AcDbSolid
10
39653194.3011
20
39458333.1911
30
0.0
11
39653204.8773
21
39458333.1911
31
0.0
12
39653204.8773
22
39458334.3114
32
0.0
13
39653194.3011
23
39458334.3114
33
0.0
0
SOLID
100
AcDbEntity
8
0
100
AcDbSolid
10
39652788.9355
20
39457976.9665
30
0.0
11
39652795.2969
21
39457976.9665
31
0.0
12
39652795.2969
22
39457980.4746
32
0.0
13
39652788.9355
23
39457980.4746
33
0.0
0
SOLID
100
AcDbEntity
8
0
100
AcDbSolid
10
39653229.6956
20
39458138.8265
30
0.0
11
39653237.0270
21
39458138.8265
31
0.0
12
39653237.0270
22
39458148.9326
32
0.0
13
39653229.6956
23
39458148.9326
33
0.0
0
SOLID
100
AcDbEntity
8
0
100
AcDbSolid
10
39653306.0003
20
39458052.2139
30
0.0
11
39653312.2856
21
39458052.2139
31
0.0
12
39653312.2856
22
39458054.3240
32
0.0
13
39653306.0003
23
39458054.3240
33
0.0
0
SOLID
100
AcDbEntity
8
0
100
AcDbSolid
10
39653027.1082
20
39458256.9222
30
0.0
11
39653031.9467
21
39458256.9222
31
0.0
12
39653031.9467
22
39458266.4205
32
0.0
13
39653027.1082
23
39458266.4205
33
0.0
0
SOLID
100
AcDbEntity
8
0
100
AcDbSolid
10
39653106.3455
20
39458069.0666
30
0.0
11
39653108.1360
21
39458069.0666
31
0.0
12
39653108.1360
22
39458070.4921
32
0.0
13
39653106.3455
23
39458070.4921
33
0.0
0
SOLID
100
AcDbEntity
8
0
100
AcDbSolid
10
39653111.7417
20
39458514.3353
30
0.0
11
39653113.6351
21
39458514.3353
31
0.0
12
39653113.6351
22
39458526.1851
32
0.0
13
39653111.7417
23
39458526.1851
33
0.0
0
SOLID
100
AcDbEntity
8
0
100
AcDbSolid
10
39652845.5696
20
39458037.0234
30
0.0
11
39652849.5314
21
39458037.0234
31
0.0
12
39652849.5314
22
39458039.5990
32
0.0
13
39652845.5696
23
39458039.5990
33
0.0
0
SOLID
100
AcDbEntity
8
0
100
AcDbSolid
10
39652915.2933
20
39458097.3466
30
0.0
11
39652917.5518
21
39458097.3466
31
0.0
12
39652917.5518
22
39458098.2502
32
0.0
13
39652915.2933
23
39458098.2502
33
0.0
0
SOLID
100
AcDbEntity
8
0
100
AcDbSolid
10
39653058.4214
20
39458369.5378
30
0.0
11
39653060.5178
21
39458369.5378
31
0.0
12
39653060.5178
22
39458377.6094
32
0.0
13
39653058.4214
23
39458377.6094
33
0.0
0
SOLID
100
AcDbEntity
8
0
100
AcDbSolid
10
39652583.7668
20
39458253.2233
30
0.0
11
39652589.3590
21
39458253.2233
31
0.0
12
39652589.3590
22
39458258.9019
32
0.0
13
39652583.7668
23
39458258.9019
33
0.0
0
SOLID
100
AcDbEntity
8
0
100
AcDbSolid
10
39652691.6127
20
39458410.5812
30
0.0
11
39652702.1220
21
39458410.5812
31
0.0
12
39652702.1220
22
39458416.8558
32
0.0
13
39652691.6127
23
39458416.8558
33
0.0
0
SOLID
100
AcDbEntity
8
0
100
AcDbSolid
10
39652635.2849
20
39457841.7812
30
0.0
11
39652643.4141
21
39457841.7812
31
0.0
12
39652643.4141
22
39457843.0876
32
0.0
13
39652635.2849
23
39457843.0876
33
0.0
0
SOLID
100
AcDbEntity
8
0
100
AcDbSolid
10
39652686.6305
20
39458211.2049
30
0.0
11
39652691.7176
21
39458211.2049
31
0.0
12
39652691.7176
22
39458221.8121
32
0.0
13
39652686.6305
23
39458221.8121
33
0.0
0
SOLID
100
AcDbEntity
8
0
100
AcDbSolid
10
39653067.9022
20
39458536.9478
30
0.0
11
39653069.0120
21
39458536.9478
31
0.0
12
39653069.0120
22
39458545.5637
32
0.0
13
39653067.9022
23
39458545.5637
33
0.0
0
SOLID
100
AcDbEntity
8
0
100
AcDbSolid
10
39652612.5498
20
39457956.1028
30
0.0
11
39652614.1433
21
39457956.1028
31
0.0
12
39652614.1433
22
39457965.6170
32
0.0
13
39652612.5498
23
39457965.6170
33
0.0
0
SOLID
100
AcDbEntity
8
0
100
AcDbSolid
10
39652717.4173
20
39458078.3242
30
0.0
11
39652720.3766
21
39458078.3242
31
0.0
12
39652720.3766
22
39458086.7943
32
0.0
13
39652717.4173
23
39458086.7943
33
0.0
0
SOLID
100
AcDbEntity
8
0
100
AcDbSolid
10
39653148.8462
20
39458240.1738
30
0.0
11
39653160.5693
21
39458240.1738
31
0.0
12
39653160.5693
22
39458247.3474
32
0.0
13
39653148.8462
23
39458247.3474
33
0.0
0
SOLID
100
AcDbEntity
8
0
100
AcDbSolid
10
39652865.1855
20
39457972.7477
30
0.0
11
39652870.4037
21
39457972.7477
31
0.0
12
39652870.4037
22
39457979.6001
32
0.0
13
39652865.1855
23
39457979.6001
33
0.0
0
SOLID
100
AcDbEntity
8
0
100
AcDbSolid
10
39653218.2078
20
39457995.0846
30
0.0
11
39653227.1148
21
39457995.0846
31
0.0
12
39653227.1148
22
39458006.0419
32
0.0
13
39653218.2078
23
39458006.0419
33
0.0
0
SOLID
100
AcDbEntity
8
0
100
AcDbSolid
10
39653095.9313
20
39458445.8548
30
0.0
11
39653108.1528
21
39458445.8548
31
0.0
12
39653108.1528
22
39458456.5561
32
0.0
13
39653095.9313
23
39458456.5561
33
0.0
0
SOLID
100
AcDbEntity
8
0
100
AcDbSolid
10
39652969.3484
20
39458065.8317
30
0.0
11
39652981.2154
21
39458065.8317
31
0.0
12
39652981.2154
22
39458067.4742
32
0.0
13
39652969.3484
23
39458067.4742
33
0.0
0
SOLID
100
AcDbEntity
8
0
100
AcDbSolid
10
39653005.5606
20
39458243.6431
30
0.0
11
39653012.0896
21
39458243.6431
31
0.0
12
39653012.0896
22
39458254.1405
32
0.0
13
39653005.5606
23
39458254.1405
33
0.0
0
SOLID
100
AcDbEntity
8
0
100
AcDbSolid
10
39653009.8195
20
39458437.3045
30
0.0
11
39653019.7397
21
39458437.3045
31
0.0
12
39653019.7397
22
39458443.6766
32
0.0
13
39653009.8195
23
39458443.6766
33
0.0
0
SOLID
100
AcDbEntity
8
0
100
AcDbSolid
10
39652558.9738
20
39458484.0339
30
0.0
11
39652567.0778
21
39458484.0339
31
0.0
12
39652567.0778
22
39458489.6329
32
0.0
13
39652558.9738
23
39458489.6329
33
0.0
0
SOLID
100
AcDbEntity
8
0
100
AcDbSolid
10
39653088.8231
20
39457910.8472
30
0.0
11
39653094.8570
21
39457910.8472
31
0.0
12
39653094.8570
22
39457921.2134
32
0.0
13
39653088.8231
23
39457921.2134
33
0.0
0
SOLID
100
AcDbEntity
8
0
100
AcDbSolid
10
39652697.8776
20
39458558.4351
30
0.0
11
39652709.1216
21
39458558.4351
31
0.0
12
39652709.1216
22
39458558.7630
32
0.0
13
39652697.8776
23
39458558.7630
33
0.0
0
SOLID
100
AcDbEntity
8
0
100
AcDbSolid
10
39652630.0240
20
39458630.8216
30
0.0
11
39652639.6544
21
39458630.8216
31
0.0
12
39652639.6544
22
39458638.2041
32
0.0
13
39652630.0240
23
39458638.2041
33
0.0
0
SOLID
100
AcDbEntity
8
0
100
AcDbSolid
10
39652998.5981
20
39458483.3033
30
0.0
11
39653001.8576
21
39458483.3033
31
0.0
12
39653001.8576
22
39458490.1088
32
0.0
13
39652998.5981
23
39458490.1088
33
0.0
0
SOLID
100
AcDbEntity
8
0
100
AcDbSolid
10
39653114.3626
20
39457861.1698
30
0.0
11
39653117.5039
21
39457861.1698
31
0.0
12
39653117.5039
22
39457870.0972
32
0.0
13
39653114.3626
23
39457870.0972
33
0.0
0
SOLID
100
AcDbEntity
8
0
100
AcDbSolid
10
39652779.8928
20
39458101.7063
30
0.0
11
39652784.7973
21
39458101.7063
31
0.0
12
39652784.7973
22
39458108.2452
32
0.0
13
39652779.8928
23
39458108.2452
33
0.0
0
SOLID
100
AcDbEntity
8
0
100
AcDbSolid
10
39652712.8669
20
39458211.9763
30
0.0
11
39652715.1794
21
39458211.9763
31
0.0
12
39652715.1794
22
39458224.1936
32
0.0
13
39652712.8669
23
39458224.1936
33
0.0
0
SOLID
100
AcDbEntity
8
0
100
AcDbSolid
10
39653260.7636
20
39457934.8860
30
0.0
11
39653261.3191
21
39457934.8860
31
0.0
12
39653261.3191
22
39457937.6423
32
0.0
13
39653260.7636
23
39457937.6423
33
0.0
0
SOLID
100
AcDbEntity
8
0
100
AcDbSolid
10
39653169.4654
20
39457916.0306
30
0.0
11
39653175.7242
21
39457916.0306
31
0.0
12
39653175.7242
22
39457926.9198
32
0.0
13
39653169.4654
23
39457926.9198
33
0.0
0
SOLID
100
AcDbEntity
8
0
100
AcDbSolid
10
39652768.2688
20
39458483.8205
30
0.0
11
39652778.4106
21
39458483.8205
31
0.0
12
39652778.4106
22
39458491.3139
32
0.0
13
39652768.2688
23
39458491.3139
33
0.0
0
SOLID
100
AcDbEntity
8
0
100
AcDbSolid
10
39652533.7997
20
39457955.3900
30
0.0
11
39652539.0683
21
39457955.3900
31
0.0
12
39652539.0683
22
39457955.8516
32
0.0
13
39652533.7997
23
39457955.8516
33
0.0
0
SOLID
100
AcDbEntity
8
0
100
AcDbSolid
10
39652595.3360
20
39457980.7866
30
0.0
11
39652598.1607
21
39457980.7866
31
0.0
12
39652598.1607
22
39457992.2160
32
0.0
13
39652595.3360
23
39457992.2160
33
0.0
0
SOLID
100
AcDbEntity
8
0
100
AcDbSolid
10
39652544.0364
20
39458037.9417
30
0.0
11
39652554.3951
21
39458037.9417
31
0.0
12
39652554.3951
22
39458040.4871
32
0.0
13
39652544.0364
23
39458040.4871
33
0.0
0
SOLID
100
AcDbEntity
8
0
100
AcDbSolid
10
39652708.5745
20
39458190.9226
30
0.0
11
39652709.0016
21
39458190.9226
31
0.0
12
39652709.0016
22
39458199.3950
32
0.0
13
39652708.5745
23
39458199.3950
33
0.0
0
SOLID
100
AcDbEntity
8
0
100
AcDbSolid
10
39652659.6803
20
39458223.9657
30
0.0
11
39652668.2588
21
39458223.9657
31
0.0
12
39652668.2588
22
39458235.7709
32
0.0
13
39652659.6803
23
39458235.7709
33
0.0
0
SOLID
100
AcDbEntity
8
0
100
AcDbSolid
10
39653306.0874
20
39458263.7907
30
0.0
11
39653316.7015
21
39458263.7907
31
0.0
12
39653316.7015
22
39458266.8866
32
0.0
13
39653306.0874
23
39458266.8866
33
0.0
0
SOLID
100
AcDbEntity
8
0
100
AcDbSolid
10
39653144.3865
20
39458202.6967
30
0.0
11
39653156.4518
21
39458202.6967
31
0.0
12
39653156.4518
22
39458212.3667
32
0.0
13
39653144.3865
23
39458212.3667
33
0.0
0
SOLID
100
AcDbEntity
8
0
100
AcDbSolid
10
39652625.2849
20
39458234.9391
30
0.0
11
39652631.1063
21
39458234.9391
31
0.0
12
39652631.1063
22
39458235.3637
32
0.0
13
39652625.2849
23
39458235.3637
33
0.0
0
SOLID
100
AcDbEntity
8
0
100
AcDbSolid
10
39652798.7730
20
39458218.8874
30
0.0
11
39652807.6217
21
39458218.8874
31
0.0
12
39652807.6217
22
39458227.6812
32
0.0
13
39652798.7730
23
39458227.6812
33
0.0
0
SOLID
100
AcDbEntity
8
0
100
AcDbSolid
10
39653000.6960
20
39458577.4651
30
0.0
11
39653008.6320
21
39458577.4651
31
0.0
12
39653008.6320
22
39458580.5352
32
0.0
13
39653000.6960
23
39458580.5352
33
0.0
0
SOLID
100
AcDbEntity
8
0
100
AcDbSolid
10
39652543.2330
20
39458449.3702
30
0.0
11
39652550.6385
21
39458449.3702
31
0.0
12
39652550.6385
22
39458457.6377
32
0.0
13
39652543.2330
23
39458457.6377
33
0.0
0
SOLID
100
AcDbEntity
8
0
100
AcDbSolid
10
39652771.7815
20
39458203.5772
30
0.0
11
39652774.5069
21
39458203.5772
31
0.0
12
39652774.5069
22
39458206.2943
32
0.0
13
39652771.7815
23
39458206.2943
33
0.0
0
SOLID
100
AcDbEntity
8
0
100
AcDbSolid
10
39652850.7480
20
39458429.6204
30
0.0
11
39652857.7117
21
39458429.6204
31
0.0
12
39652857.7117
22
39458433.1990
32
0.0
13
39652850.7480
23
39458433.1990
33
0.0
0
SOLID
100
AcDbEntity
8
0
100
AcDbSolid
10
39652840.7462
20
39458116.1580
30
0.0
11
39652848.7636
21
39458116.1580
31
0.0
12
39652848.7636
22
39458118.6171
32
0.0
13
39652840.7462
23
39458118.6171
33
0.0
0
SOLID
100
AcDbEntity
8
0
100
AcDbSolid
10
39653029.6996
20
39458130.3182
30
0.0
11
39653031.2579
21
39458130.3182
31
0.0
12
39653031.2579
22
39458133.6413
32
0.0
13
39653029.6996
23
39458133.6413
33
0.0
0
SOLID
100
AcDbEntity
8
0
100
AcDbSolid
10
39653080.3517
20
39457910.3260
30
0.0
11
39653087.9816
21
39457910.3260
31
0.0
12
39653087.9816
22
39457920.2106
32
0.0
13
39653080.3517
23
39457920.2106
33
0.0
0
SOLID
100
AcDbEntity
8
0
100
AcDbSolid
10
39653156.6822
20
39458283.9114
30
0.0
11
39653162.5171
21
39458283.9114
31
0.0
12
39653162.5171
22
39458288.5773
32
0.0
13
39653156.6822
23
39458288.5773
33
0.0
0
SOLID
100
AcDbEntity
8
0
100
AcDbSolid
10
39652991.7287
20
39457924.9988
30
0.0
11
39652994.7789
21
39457924.9988
31
0.0
12
39652994.7789
22
39457925.9117
32
0.0
13
39652991.7287
23
39457925.9117
33
0.0
0
SOLID
100
AcDbEntity
8
0
100
AcDbSolid
10
39653059.3158
20
39458361.1778
30
0.0
11
39653065.9211
21
39458361.1778
31
0.0
12
39653065.9211
22
39458372.7301
32
0.0
13
39653059.3158
23
39458372.7301
33
0.0
0
SOLID
100
AcDbEntity
8
0
100
AcDbSolid
10
39652612.1895
20
39458244.4553
30
0.0
11
39652615.0547
21
39458244.4553
31
0.0
12
39652615.0547
22
39458254.8353
32
0.0
13
39652612.1895
23
39458254.8353
33
0.0
0
SOLID
100
AcDbEntity
8
0
100
AcDbSolid
10
39653149.0583
20
39458597.7881
30
0.0
11
39653157.2097
21
39458597.7881
31
0.0
12
39653157.2097
22
39458609.4560
32
0.0
13
39653149.0583
23
39458609.4560
33
0.0
0
SOLID
100
AcDbEntity
8
0
100
AcDbSolid
10
39652873.0406
20
39458549.8981
30
0.0
11
39652882.9815
21
39458549.8981
31
0.0
12
39652882.9815
22
39458551.2728
32
0.0
13
39652873.0406
23
39458551.2728
33
0.0
0
SOLID
100
AcDbEntity
8
0
100
AcDbSolid
10
39653104.0179
20
39458070.8676
30
0.0
11
39653107.2982
21
39458070.8676
31
0.0
12
39653107.2982
22
39458079.0186
32
0.0
13
39653104.0179
23
39458079.0186
33
0.0
0
SOLID
100
AcDbEntity
8
0
100
AcDbSolid
10
39653007.3950
20
39458021.0164
30
0.0
11
39653013.7468
21
39458021.0164
31
0.0
12
39653013.7468
22
39458026.3405
32
0.0
13
39653007.3950
23
39458026.3405
33
0.0
0
SOLID
100
AcDbEntity
8
0
100
AcDbSolid
10
39653201.7656
20
39458425.5597
30
0.0
11
39653203.8948
21
39458425.5597
31
0.0
12
39653203.8948
22
39458435.6116
32
0.0
13
39653201.7656
23
39458435.6116
33
0.0
0
SOLID
100
AcDbEntity
8
0
100
AcDbSolid
10
39653007.9850
20
39458487.5479
30
0.0
11
39653016.0461
21
39458487.5479
31
0.0
12
39653016.0461
22
39458492.3783
32
0.0
13
39653007.9850
23
39458492.3783
33
0.0
0
SOLID
100
AcDbEntity
8
0
100
AcDbSolid
10
39652702.1481
20
39458051.5873
30
0.0
11
39652712.8676
21
39458051.5873
31
0.0
12
39652712.8676
22
39458057.1329
32
0.0
13
39652702.1481
23
39458057.1329
33
0.0
0
SOLID
100
AcDbEntity
8
0
100
AcDbSolid
10
39653134.9745
20
39458030.8419
30
0.0
11
39653144.3244
21
39458030.8419
31
0.0
12
39653144.3244
22
39458034.0976
32
0.0
13
39653134.9745
23
39458034.0976
33
0.0
0
SOLID
100
AcDbEntity
8
0
100
AcDbSolid
10
39653280.0995
20
39458309.8164
30
0.0
11
39653287.3615
21
39458309.8164
31
0.0
12
39653287.3615
22
39458311.7074
32
0.0
13
39653280.0995
23
39458311.7074
33
0.0
0
SOLID
100
AcDbEntity
8
0
100
AcDbSolid
10
39652873.7714
20
39458235.4213
30
0.0
11
39652882.7687
21
39458235.4213
31
0.0
12
39652882.7687
22
39458240.4803
32
0.0
13
39652873.7714
23
39458240.4803
33
0.0
0
SOLID
100
AcDbEntity
8
0
100
AcDbSolid
10
39653108.4548
20
39458608.8178
30
0.0
11
39653120.6662
21
39458608.8178
31
0.0
12
39653120.6662
22
39458620.9609
32
0.0
13
39653108.4548
23
39458620.9609
33
0.0
0
SOLID
100
AcDbEntity
8
0
100
AcDbSolid
10
39652542.8405
20
39457890.5454
30
0.0
11
39652553.0501
21
39457890.5454
31
0.0
12
39652553.0501
22
39457893.4269
32
0.0
13
39652542.8405
23
39457893.4269
33
0.0
0
SOLID
100
AcDbEntity
8
0
100
AcDbSolid
10
39653190.7616
20
39457931.4299
30
0.0
11
39653202.8324
21
39457931.4299
31
0.0
12
39653202.8324
22
39457932.0434
32
0.0
13
39653190.7616
23
39457932.0434
33
0.0
0
SOLID
100
AcDbEntity
8
0
100
AcDbSolid
10
39652751.5156
20
39457941.7726
30
0.0
11
39652757.8160
21
39457941.7726
31
0.0
12
39652757.8160
22
39457949.1551
32
0.0
13
39652751.5156
23
39457949.1551
33
0.0
0
SOLID
100
AcDbEntity
8
0
100
AcDbSolid
10
39652744.0930
20
39458011.3213
30
0.0
11
39652745.0398
21
39458011.3213
31
0.0
12
39652745.0398
22
39458014.4023
32
0.0
13
39652744.0930
23
39458014.4023
33
0.0
0
SOLID
100
AcDbEntity
8
0
100
AcDbSolid
10
39653307.8120
20
39458492.5222
30
0.0
11
39653319.9325
21
39458492.5222
31
0.0
12
39653319.9325
22
39458504.3482
32
0.0
13
39653307.8120
23
39458504.3482
33
0.0
0
SOLID
100
AcDbEntity
8
0
100
AcDbSolid
10
39652831.8598
20
39458559.5530
30
0.0
11
39652839.7136
21
39458559.5530
31
0.0
12
39652839.7136
22
39458561.3062
32
0.0
13
39652831.8598
23
39458561.3062
33
0.0
0
SOLID
100
AcDbEntity
8
0
100
AcDbSolid
10
39653176.2395
20
39458255.6375
30
0.0
11
39653185.4763
21
39458255.6375
31
0.0
12
39653185.4763
22
39458267.0534
32
0.0
13
39653176.2395
23
39458267.0534
33
0.0
0
SOLID
100
AcDbEntity
8
0
100
AcDbSolid
10
39653046.6236
20
39458141.1413
30
0.0
11
39653048.3925
21
39458141.1413
31
0.0
12
39653048.3925
22
39458152.1183
32
0.0
13
39653046.6236
23
39458152.1183
33
0.0
0
SOLID
100
AcDbEntity
8
0
100
AcDbSolid
10
39653085.6141
20
39458054.9483
30
0.0
11
39653094.4767
21
39458054.9483
31
0.0
12
39653094.4767
22
39458060.3304
32
0.0
13
39653085.6141
23
39458060.3304
33
0.0
0
SOLID
100
AcDbEntity
8
0
100
AcDbSolid
10
39653242.9084
20
39458301.6198
30
0.0
11
39653253.3450
21
39458301.6198
31
0.0
12
39653253.3450
22
39458303.3194
32
0.0
13
39653242.9084
23
39458303.3194
33
0.0
0
SOLID
100
AcDbEntity
8
0
100
AcDbSolid
10
39652786.8713
20
39457976.8330
30
0.0
11
39652791.4084
21
39457976.8330
31
0.0
12
39652791.4084
22
39457982.6499
32
0.0
13
39652786.8713
23
39457982.6499
33
0.0
0
SOLID
100
AcDbEntity
8
0
100
AcDbSolid
10
39653120.0139
20
39458143.6024
30
0.0
11
39653128.9372
21
39458143.6024
31
0.0
12
39653128.9372
22
39458144.2819
32
0.0
13
39653120.0139
23
39458144.2819
33
0.0
0
SOLID
100
AcDbEntity
8
0
100
AcDbSolid
10
39652560.8780
20
39458571.7814
30
0.0
11
39652567.4334
21
39458571.7814
31
0.0
12
39652567.4334
22
39458577.0418
32
0.0
13
39652560.8780
23
39458577.0418
33
0.0
0
SOLID
100
AcDbEntity
8
0
100
AcDbSolid
10
39652854.8276
20
39458553.3455
30
0.0
11
39652864.7499
21
39458553.3455
31
0.0
12
39652864.7499
22
39458557.7930
32
0.0
13
39652854.8276
23
39458557.7930
33
0.0
0
SOLID
100
AcDbEntity
8
0
100
AcDbSolid
10
39652576.2455
20
39458105.9571
30
0.0
11
39652578.3928
21
39458105.9571
31
0.0
12
39652578.3928
22
39458116.9937
32
0.0
13
39652576.2455
23
39458116.9937
33
0.0
0
SOLID
100
AcDbEntity
8
0
100
AcDbSolid
10
39653184.6374
20
39458477.3107
30
0.0
11
39653192.4454
21
39458477.3107
31
0.0
12
39653192.4454
22
39458485.3280
32
0.0
13
39653184.6374
23
39458485.3280
33
0.0
0
SOLID
100
AcDbEntity
8
0
100
AcDbSolid
10
39653297.1415
20
39457862.7602
30
0.0
11
39653306.5497
21
39457862.7602
31
0.0
12
39653306.5497
22
39457865.0995
32
0.0
13
39653297.1415
23
39457865.0995
33
0.0
0
SOLID
100
AcDbEntity
8
0
100
AcDbSolid
10
39652539.9442
20
39458448.7269
30
0.0
11
39652544.3852
21
39458448.7269
31
0.0
12
39652544.3852
22
39458453.0739
32
0.0
13
39652539.9442
23
39458453.0739
33
0.0
0
SOLID
100
AcDbEntity
8
0
100
AcDbSolid
10
39652941.1029
20
39457894.3893
30
0.0
11
39652950.0807
21
39457894.3893
31
0.0
12
39652950.0807
22
39457896.4579
32
0.0
13
39652941.1029
23
39457896.4579
33
0.0
0
SOLID
100
AcDbEntity
8
0
100
AcDbSolid
10
39653227.2740
20
39458564.1533
30
0.0
11
39653235.9970
21
39458564.1533
31
0.0
12
39653235.9970
22
39458566.7029
32
0.0
13
39653227.2740
23
39458566.7029
33
0.0
0
SOLID
100
AcDbEntity
8
0
100
AcDbSolid
10
39653186.8482
20
39458423.4046
30
0.0
11
39653192.3186
21
39458423.4046
31
0.0
12
39653192.3186
22
39458434.8204
32
0.0
13
39653186.8482
23
39458434.8204
33
0.0
0
SOLID
100
AcDbEntity
8
0
100
AcDbSolid
10
39652661.9911
20
39458110.0417
30
0.0
11
39652671.8916
21
39458110.0417
31
0.0
12
39652671.8916
22
39458114.8957
32
0.0
13
39652661.9911
23
39458114.8957
33
0.0
0
SOLID
100
AcDbEntity
8
0
100
AcDbSolid
10
39653132.0903
20
39458094.2902
30
0.0
11
39653134.7445
21
39458094.2902
31
0.0
12
39653134.7445
22
39458105.4900
32
0.0
13
39653132.0903
23
39458105.4900
33
0.0
0
SOLID
100
AcDbEntity
8
0
100
AcDbSolid
10
39653251.1097
20
39458439.2988
30
0.0
11
39653259.7306
21
39458439.2988
31
0.0
12
39653259.7306
22
39458441.6150
32
0.0
13
39653251.1097
23
39458441.6150
33
0.0
0
SOLID
100
AcDbEntity
8
0
100
AcDbSolid
10
39653101.3484
20
39457875.0161
30
0.0
11
39653101.7295
21
39457875.0161
31
0.0
12
39653101.7295
22
39457880.9700
32
0.0
13
39653101.3484
23
39457880.9700
33
0.0
0
SOLID
100
AcDbEntity
8
0
100
AcDbSolid
10
39653326.1074
20
39457897.8490
30
0.0
11
39653335.8432
21
39457897.8490
31
0.0
12
39653335.8432
22
39457899.1287
32
0.0
13
39653326.1074
23
39457899.1287
33
0.0
0
SOLID
100
AcDbEntity
8
0
100
AcDbSolid
10
39653103.7611
20
39458608.6016
30
0.0
11
39653105.0276
21
39458608.6016
31
0.0
12
39653105.0276
22
39458611.3618
32
0.0
13
39653103.7611
23
39458611.3618
33
0.0
0
SOLID
100
AcDbEntity
8
0
100
AcDbSolid
10
39652725.7367
20
39458001.1967
30
0.0
11
39652726.5935
21
39458001.1967
31
0.0
12
39652726.5935
22
39458009.7840
32
0.0
13
39652725.7367
23
39458009.7840
33
0.0
0
SOLID
100
AcDbEntity
8
0
100
AcDbSolid
10
39653140.8984
20
39458614.6771
30
0.0
11
39653144.0175
21
39458614.6771
31
0.0
12
39653144.0175
22
39458623.5136
32
0.0
13
39653140.8984
23
39458623.5136
33
0.0
0
SOLID
100
AcDbEntity
8
0
100
AcDbSolid
10
39653028.8385
20
39458460.9891
30
0.0
11
39653029.4978
21
39458460.9891
31
0.0
12
39653029.4978
22
39458472.5300
32
0.0
13
39653028.8385
23
39458472.5300
33
0.0
0
SOLID
100
AcDbEntity
8
0
100
AcDbSolid
10
39652964.5747
20
39458541.0468
30
0.0
11
39652965.6947
21
39458541.0468
31
0.0
12
39652965.6947
22
39458552.9190
32
0.0
13
39652964.5747
23
39458552.9190
33
0.0
0
SOLID
100
AcDbEntity
8
0
100
AcDbSolid
10
39653237.1537
20
39457861.5781
30
0.0
11
39653246.0915
21
39457861.5781
31
0.0
12
39653246.0915
22
39457862.1916
32
0.0
13
39653237.1537
23
39457862.1916
33
0.0
0
SOLID
100
AcDbEntity
8
0
100
AcDbSolid
10
39652884.6608
20
39458265.2514
30
0.0
11
39652896.4140
21
39458265.2514
31
0.0
12
39652896.4140
22
39458268.3652
32
0.0
13
39652884.6608
23
39458268.3652
33
0.0
0
SOLID
100
AcDbEntity
8
0
100
AcDbSolid
10
39652908.1362
20
39458386.5836
30
0.0
11
39652910.5466
21
39458386.5836
31
0.0
12
39652910.5466
22
39458397.4932
32
0.0
13
39652908.1362
23
39458397.4932
33
0.0
0
SOLID
100
AcDbEntity
8
0
100
AcDbSolid
10
39653226.8968
20
39457846.1301
30
0.0
11
39653237.3815
21
39457846.1301
31
0.0
12
39653237.3815
22
39457853.3318
32
0.0
13
39653226.8968
23
39457853.3318
33
0.0
0
SOLID
100
AcDbEntity
8
0
100
AcDbSolid
10
39653137.7653
20
39458595.4552
30
0.0
11
39653150.0389
21
39458595.4552
31
0.0
12
39653150.0389
22
39458597.8313
32
0.0
13
39653137.7653
23
39458597.8313
33
0.0
0
SOLID
100
AcDbEntity
8
0
100
AcDbSolid
10
39653240.7044
20
39458525.3839
30
0.0
11
39653251.8966
21
39458525.3839
31
0.0
12
39653251.8966
22
39458536.1385
32
0.0
13
39653240.7044
23
39458536.1385
33
0.0
0
SOLID
100
AcDbEntity
8
0
100
AcDbSolid
10
39652993.3582
20
39458250.0354
30
0.0
11
39653000.8647
21
39458250.0354
31
0.0
12
39653000.8647
22
39458260.7988
32
0.0
13
39652993.3582
23
39458260.7988
33
0.0
0
SOLID
100
AcDbEntity
8
0
100
AcDbSolid
10
39652656.9994
20
39458179.1372
30
0.0
11
39652668.3447
21
39458179.1372
31
0.0
12
39652668.3447
22
39458184.8444
32
0.0
13
39652656.9994
23
39458184.8444
33
0.0
0
SOLID
100
AcDbEntity
8
0
100
AcDbSolid
10
39652596.3826
20
39458391.1214
30
0.0
11
39652600.3087
21
39458391.1214
31
0.0
12
39652600.3087
22
39458396.4579
32
0.0
13
39652596.3826
23
39458396.4579
33
0.0
0
SOLID
100
AcDbEntity
8
0
100
AcDbSolid
10
39652696.0043
20
39458019.5010
30
0.0
11
39652702.9388
21
39458019.5010
31
0.0
12
39652702.9388
22
39458022.8960
32
0.0
13
39652696.0043
23
39458022.8960
33
0.0
0
SOLID
100
AcDbEntity
8
0
100
AcDbSolid
10
39653255.2689
20
39458265.0285
30
0.0
11
39653258.2606
21
39458265.0285
31
0.0
12
39653258.2606
22
39458270.3639
32
0.0
13
39653255.2689
23
39458270.3639
33
0.0
0
SOLID
100
AcDbEntity
8
0
100
AcDbSolid
10
39653325.0607
20
39458146.1350
30
0.0
11
39653330.2121
21
39458146.1350
31
0.0
12
39653330.2121
22
39458153.5256
32
0.0
13
39653325.0607
23
39458153.5256
33
0.0
0
SOLID
100
AcDbEntity
8
0
100
AcDbSolid
10
39653048.2229
20
39457900.1515
30
0.0
11
39653048.5826
21
39457900.1515
31
0.0
12
39653048.5826
22
39457911.3384
32
0.0
13
39653048.2229
23
39457911.3384
33
0.0
0
SOLID
100
AcDbEntity
8
0
100
AcDbSolid
10
39653166.4419
20
39457947.8102
30
0.0
11
39653177.2602
21
39457947.8102
31
0.0
12
39653177.2602
22
39457952.8997
32
0.0
13
39653166.4419
23
39457952.8997
33
0.0
0
SOLID
100
AcDbEntity
8
0
100
AcDbSolid
10
39653056.0385
20
39458333.5282
30
0.0
11
39653060.2264
21
39458333.5282
31
0.0
12
39653060.2264
22
39458335.9926
32
0.0
13
39653056.0385
23
39458335.9926
33
0.0
0
SOLID
100
AcDbEntity
8
0
100
AcDbSolid
10
39652855.1652
20
39458153.9716
30
0.0
11
39652865.7329
21
39458153.9716
31
0.0
12
39652865.7329
22
39458156.0179
32
0.0
13
39652855.1652
23
39458156.0179
33
0.0
0
SOLID
100
AcDbEntity
8
0
100
AcDbSolid
10
39652644.9098
20
39457887.4014
30
0.0
11
39652648.1006
21
39457887.4014
31
0.0
12
39652648.1006
22
39457890.0012
32
0.0
13
39652644.9098
23
39457890.0012
33
0.0
0
SOLID
100
AcDbEntity
8
0
100
AcDbSolid
10
39653046.8048
20
39458136.3003
30
0.0
11
39653049.5767
21
39458136.3003
31
0.0
12
39653049.5767
22
39458139.3607
32
0.0
13
39653046.8048
23
39458139.3607
33
0.0
0
SOLID
100
AcDbEntity
8
0
100
AcDbSolid
10
39652999.2438
20
39458095.7812
30
0.0
11
39653003.6878
21
39458095.7812
31
0.0
12
39653003.6878
22
39458102.1254
32
0.0
13
39652999.2438
23
39458102.1254
33
0.0
0
SOLID
100
AcDbEntity
8
0
100
AcDbSolid
10
39652675.3036
20
39458060.2764
30
0.0
11
39652676.5270
21
39458060.2764
31
0.0
12
39652676.5270
22
39458072.2884
32
0.0
13
39652675.3036
23
39458072.2884
33
0.0
0
SOLID
100
AcDbEntity
8
0
100
AcDbSolid
10
39652904.4729
20
39458481.0082
30
0.0
11
39652913.4116
21
39458481.0082
31
0.0
12
39652913.4116
22
39458490.9865
32
0.0
13
39652904.4729
23
39458490.9865
33
0.0
0
SOLID
100
AcDbEntity
8
0
100
AcDbSolid
10
39653060.7867
20
39457886.7412
30
0.0
11
39653061.3500
21
39457886.7412
31
0.0
12
39653061.3500
22
39457889.1894
32
0.0
13
39653060.7867
23
39457889.1894
33
0.0
0
SOLID
100
AcDbEntity
8
0
100
AcDbSolid
10
39652779.8676
20
39458580.3153
30
0.0
11
39652788.7541
21
39458580.3153
31
0.0
12
39652788.7541
22
39458592.5895
32
0.0
13
39652779.8676
23
39458592.5895
33
0.0
0
SOLID
100
AcDbEntity
8
0
100
AcDbSolid
10
39652667.3730
20
39458023.4600
30
0.0
11
39652678.8355
21
39458023.4600
31
0.0
12
39652678.8355
22
39458026.3783
32
0.0
13
39652667.3730
23
39458026.3783
33
0.0
0
SOLID
100
AcDbEntity
8
0
100
AcDbSolid
10
39652561.3485
20
39458422.3905
30
0.0
11
39652568.1229
21
39458422.3905
31
0.0
12
39652568.1229
22
39458432.5963
32
0.0
13
39652561.3485
23
39458432.5963
33
0.0
0
SOLID
100
AcDbEntity
8
0
100
AcDbSolid
10
39653310.9879
20
39458426.6843
30
0.0
11
39653320.5382
21
39458426.6843
31
0.0
12
39653320.5382
22
39458435.7452
32
0.0
13
39653310.9879
23
39458435.7452
33
0.0
0
SOLID
100
AcDbEntity
8
0
100
AcDbSolid
10
39653034.2992
20
39458253.9395
30
0.0
11
39653042.4683
21
39458253.9395
31
0.0
12
39653042.4683
22
39458255.3492
32
0.0
13
39653034.2992
23
39458255.3492
33
0.0
0
SOLID
100
AcDbEntity
8
0
100
AcDbSolid
10
39653017.1764
20
39458552.7144
30
0.0
11
39653019.2707
21
39458552.7144
31
0.0
12
39653019.2707
22
39458563.1531
32
0.0
13
39653017.1764
23
39458563.1531
33
0.0
0
SOLID
100
AcDbEntity
8
0
100
AcDbSolid
10
39652616.3786
20
39458316.2480
30
0.0
11
39652628.6505
21
39458316.2480
31
0.0
12
39652628.6505
22
39458321.6443
32
0.0
13
39652616.3786
23
39458321.6443
33
0.0
0
SOLID
100
AcDbEntity
8
0
100
AcDbSolid
10
39652728.9147
20
39458159.4620
30
0.0
11
39652737.3452
21
39458159.4620
31
0.0
12
39652737.3452
22
39458171.5870
32
0.0
13
39652728.9147
23
39458171.5870
33
0.0
0
SOLID
100
AcDbEntity
8
0
100
AcDbSolid
10
39653190.3338
20
39457871.7442
30
0.0
11
39653202.5568
21
39457871.7442
31
0.0
12
39653202.5568
22
39457879.2551
32
0.0
13
39653190.3338
23
39457879.2551
33
0.0
0
3DFACE
100
AcDbEntity
8
0
100
AcDbFace
10
39652649.6420
20
39458021.0333
30
19730366.2000
11
39652660.0826
21
39458021.0333
31
19730366.2000
12
39652660.0826
22
39458031.0237
32
19730366.2000
13
39652649.6420
23
39458031.0237
33
19730366.2000
0
3DFACE
100
AcDbEntity
8
0
100
AcDbFace
10
39652850.5917
20
39458194.6765
30
0.0000
11
39652854.0920
21
39458194.6765
31
0.0000
12
39652854.0920
22
39458207.7305
32
0.0000
13
39652850.5917
23
39458207.7305
33
0.0000
0
3DFACE
100
AcDbEntity
8
0
100
AcDbFace
10
39652972.9126
20
39458020.7001
30
0.0000
11
39652994.8671
21
39458020.7001
31
0.0000
12
39652994.8671
22
39458034.5948
32
0.0000
13
39652972.9126
23
39458034.5948
33
0.0000
0
3DFACE
100
AcDbEntity
8
0
100
AcDbFace
10
39653307.2307
20
39458064.6439
30
19730366.2000
11
39653328.9900
21
39458064.6439
31
19730366.2000
12
39653328.9900
22
39458073.8614
32
19730366.2000
13
39653307.2307
23
39458073.8614
33
19730366.2000
0
3DFACE
100
AcDbEntity
8
0
100
AcDbFace
10
39653213.2058
20
39458400.4247
30
0.0000
11
39653225.8540
21
39458400.4247
31
0.0000
12
39653225.8540
22
39458411.4675
32
0.0000
13
39653213.2058
23
39458411.4675
33
0.0000
0
3DFACE
100
AcDbEntity
8
0
100
AcDbFace
10
39653243.9943
20
39458603.3541
30
0.0000
11
39653261.7318
21
39458603.3541
31
0.0000
12
39653261.7318
22
39458609.3089
32
0.0000
13
39653243.9943
23
39458609.3089
33
0.0000
0
3DFACE
100
AcDbEntity
8
0
100
AcDbFace
10
39653030.8685
20
39458225.1869
30
19730366.2000
11
39653050.6610
21
39458225.1869
31
19730366.2000
12
39653050.6610
22
39458236.1209
32
19730366.2000
13
39653030.8685
23
39458236.1209
33
19730366.2000
0
3DFACE
100
AcDbEntity
8
0
100
AcDbFace
10
39652590.4920
20
39458163.7017
30
0.0000
11
39652598.7076
21
39458163.7017
31
0.0000
12
39652598.7076
22
39458172.2833
32
0.0000
13
39652590.4920
23
39458172.2833
33
0.0000
0
3DFACE
100
AcDbEntity
8
0
100
AcDbFace
10
39652917.3512
20
39457939.3119
30
0.0000
11
39652923.1717
21
39457939.3119
31
0.0000
12
39652923.1717
22
39457948.8654
32
0.0000
13
39652917.3512
23
39457948.8654
33
0.0000
0
3DFACE
100
AcDbEntity
8
0
100
AcDbFace
10
39652723.8434
20
39458491.2083
30
19730366.2000
11
39652743.2962
21
39458491.2083
31
19730366.2000
12
39652743.2962
22
39458506.2205
32
19730366.2000
13
39652723.8434
23
39458506.2205
33
19730366.2000
0
3DFACE
100
AcDbEntity
8
0
100
AcDbFace
10
39652790.5206
20
39457905.5331
30
0.0000
11
39652794.0432
21
39457905.5331
31
0.0000
12
39652794.0432
22
39457922.4442
32
0.0000
13
39652790.5206
23
39457922.4442
33
0.0000
0
3DFACE
100
AcDbEntity
8
0
100
AcDbFace
10
39653188.9902
20
39458088.0848
30
0.0000
11
39653199.4978
21
39458088.0848
31
0.0000
12
39653199.4978
22
39458107.0089
32
0.0000
13
39653188.9902
23
39458107.0089
33
0.0000
0
3DFACE
100
AcDbEntity
8
0
100
AcDbFace
10
39652839.9715
20
39458194.0546
30
19730366.2000
11
39652847.4643
21
39458194.0546
31
19730366.2000
12
39652847.4643
22
39458199.8852
32
19730366.2000
13
39652839.9715
23
39458199.8852
33
19730366.2000
0
3DFACE
100
AcDbEntity
8
0
100
AcDbFace
10
39653069.0087
20
39458027.2942
30
0.0000
11
39653071.8165
21
39458027.2942
31
0.0000
12
39653071.8165
22
39458041.4658
32
0.0000
13
39653069.0087
23
39458041.4658
33
0.0000
0
3DFACE
100
AcDbEntity
8
0
100
AcDbFace
10
39652622.3400
20
39458021.6140
30
0.0000
11
39652634.1631
21
39458021.6140
31
0.0000
12
39652634.1631
22
39458043.6018
32
0.0000
13
39652622.3400
23
39458043.6018
33
0.0000
0
3DFACE
100
AcDbEntity
8
0
100
AcDbFace
10
39653005.4229
20
39458616.6138
30
19730366.2000
11
39653021.3937
21
39458616.6138
31
19730366.2000
12
39653021.3937
22
39458637.0643
32
19730366.2000
13
39653005.4229
23
39458637.0643
33
19730366.2000
0
3DFACE
100
AcDbEntity
8
0
100
AcDbFace
10
39653206.6158
20
39458040.5441
30
0.0000
11
39653220.6647
21
39458040.5441
31
0.0000
12
39653220.6647
22
39458055.7454
32
0.0000
13
39653206.6158
23
39458055.7454
33
0.0000
0
3DFACE
100
AcDbEntity
8
0
100
AcDbFace
10
39653068.5162
20
39458112.6981
30
0.0000
11
39653078.3903
21
39458112.6981
31
0.0000
12
39653078.3903
22
39458122.9092
32
0.0000
13
39653068.5162
23
39458122.9092
33
0.0000
0
3DFACE
100
AcDbEntity
8
0
100
AcDbFace
10
39652769.4544
20
39458277.8363
30
19730366.2000
11
39652774.7992
21
39458277.8363
31
19730366.2000
12
39652774.7992
22
39458289.8062
32
19730366.2000
13
39652769.4544
23
39458289.8062
33
19730366.2000
0
3DFACE
100
AcDbEntity
8
0
100
AcDbFace
10
39652877.6443
20
39458285.1409
30
0.0000
11
39652890.6200
21
39458285.1409
31
0.0000
12
39652890.6200
22
39458301.9640
32
0.0000
13
39652877.6443
23
39458301.9640
33
0.0000
0
3DFACE
100
AcDbEntity
8
0
100
AcDbFace
10
39653240.4898
20
39458124.2026
30
0.0000
11
39653247.4593
21
39458124.2026
31
0.0000
12
39653247.4593
22
39458133.4654
32
0.0000
13
39653240.4898
23
39458133.4654
33
0.0000
0
3DFACE
100
AcDbEntity
8
0
100
AcDbFace
10
39653171.5478
20
39458430.5379
30
19730366.2000
11
39653188.4318
21
39458430.5379
31
19730366.2000
12
39653188.4318
22
39458434.5278
32
19730366.2000
13
39653171.5478
23
39458434.5278
33
19730366.2000
0
3DFACE
100
AcDbEntity
8
0
100
AcDbFace
10
39653197.6472
20
39458373.1382
30
0.0000
11
39653210.6086
21
39458373.1382
31
0.0000
12
39653210.6086
22
39458382.6960
32
0.0000
13
39653197.6472
23
39458382.6960
33
0.0000
0
3DFACE
100
AcDbEntity
8
0
100
AcDbFace
10
39653228.6645
20
39458636.5494
30
0.0000
11
39653245.8430
21
39458636.5494
31
0.0000
12
39653245.8430
22
39458652.9609
32
0.0000
13
39653228.6645
23
39458652.9609
33
0.0000
0
3DFACE
100
AcDbEntity
8
0
100
AcDbFace
10
39652612.4552
20
39458109.9838
30
19730366.2000
11
39652631.5387
21
39458109.9838
31
19730366.2000
12
39652631.5387
22
39458127.1153
32
19730366.2000
13
39652612.4552
23
39458127.1153
33
19730366.2000
0
3DFACE
100
AcDbEntity
8
0
100
AcDbFace
10
39652937.4420
20
39457895.9625
30
0.0000
11
39652957.9216
21
39457895.9625
31
0.0000
12
39652957.9216
22
39457907.6623
32
0.0000
13
39652937.4420
23
39457907.6623
33
0.0000
0
3DFACE
100
AcDbEntity
8
0
100
AcDbFace
10
39652645.3585
20
39458450.9887
30
0.0000
11
39652663.3776
21
39458450.9887
31
0.0000
12
39652663.3776
22
39458466.5855
32
0.0000
13
39652645.3585
23
39458466.5855
33
0.0000
0
3DFACE
100
AcDbEntity
8
0
100
AcDbFace
10
39653116.6501
20
39458270.7538
30
19730366.2000
11
39653134.4199
21
39458270.7538
31
19730366.2000
12
39653134.4199
22
39458284.2958
32
19730366.2000
13
39653116.6501
23
39458284.2958
33
19730366.2000
0
3DFACE
100
AcDbEntity
8
0
100
AcDbFace
10
39652891.0302
20
39457932.3726
30
0.0000
11
39652911.8472
21
39457932.3726
31
0.0000
12
39652911.8472
22
39457939.0660
32
0.0000
13
39652891.0302
23
39457939.0660
33
0.0000
0
3DFACE
100
AcDbEntity
8
0
100
AcDbFace
10
39653285.6934
20
39458306.1519
30
0.0000
11
39653289.6565
21
39458306.1519
31
0.0000
12
39653289.6565
22
39458312.2667
32
0.0000
13
39653285.6934
23
39458312.2667
33
0.0000
0
3DFACE
100
AcDbEntity
8
0
100
AcDbFace
10
39653273.6845
20
39457949.3885
30
19730366.2000
11
39653278.2713
21
39457949.3885
31
19730366.2000
12
39653278.2713
22
39457959.7147
32
19730366.2000
13
39653273.6845
23
39457959.7147
33
19730366.2000
0
3DFACE
100
AcDbEntity
8
0
100
AcDbFace
10
39653284.9238
20
39458094.6998
30
0.0000
11
39653288.6497
21
39458094.6998
31
0.0000
12
39653288.6497
22
39458104.4481
32
0.0000
13
39653284.9238
23
39458104.4481
33
0.0000
0
3DFACE
100
AcDbEntity
8
0
100
AcDbFace
10
39652592.3891
20
39458245.3850
30
0.0000
11
39652598.8332
21
39458245.3850
31
0.0000
12
39652598.8332
22
39458251.2393
32
0.0000
13
39652592.3891
23
39458251.2393
33
0.0000
0
3DFACE
100
AcDbEntity
8
0
100
AcDbFace
10
39653145.9529
20
39458390.3176
30
19730366.2000
11
39653149.4999
21
39458390.3176
31
19730366.2000
12
39653149.4999
22
39458408.1581
32
19730366.2000
13
39653145.9529
23
39458408.1581
33
19730366.2000
0
3DFACE
100
AcDbEntity
8
0
100
AcDbFace
10
39653316.3776
20
39458450.8692
30
0.0000
11
39653320.0838
21
39458450.8692
31
0.0000
12
39653320.0838
22
39458465.4993
32
0.0000
13
39653316.3776
23
39458465.4993
33
0.0000
0
3DFACE
100
AcDbEntity
8
0
100
AcDbFace
10
39652811.9647
20
39458572.3647
30
0.0000
11
39652822.0228
21
39458572.3647
31
0.0000
12
39652822.0228
22
39458587.3855
32
0.0000
13
39652811.9647
23
39458587.3855
33
0.0000
0
3DFACE
100
AcDbEntity
8
0
100
AcDbFace
10
39652630.3623
20
39458472.5685
30
19730366.2000
11
39652650.6989
21
39458472.5685
31
19730366.2000
12
39652650.6989
22
39458476.3575
32
19730366.2000
13
39652630.3623
23
39458476.3575
33
19730366.2000
0
3DFACE
100
AcDbEntity
8
0
100
AcDbFace
10
39653308.0277
20
39458259.7024
30
0.0000
11
39653322.6316
21
39458259.7024
31
0.0000
12
39653322.6316
22
39458276.2670
32
0.0000
13
39653308.0277
23
39458276.2670
33
0.0000
0
3DFACE
100
AcDbEntity
8
0
100
AcDbFace
10
39652529.8465
20
39458532.4938
30
0.0000
11
39652549.4878
21
39458532.4938
31
0.0000
12
39652549.4878
22
39458543.7812
32
0.0000
13
39652529.8465
23
39458543.7812
33
0.0000
0
3DFACE
100
AcDbEntity
8
0
100
AcDbFace
10
39652961.4079
20
39458574.7566
30
19730366.2000
11
39652965.4707
21
39458574.7566
31
19730366.2000
12
39652965.4707
22
39458583.8137
32
19730366.2000
13
39652961.4079
23
39458583.8137
33
19730366.2000
0
3DFACE
100
AcDbEntity
8
0
100
AcDbFace
10
39652966.4368
20
39458057.0016
30
0.0000
11
39652969.6504
21
39458057.0016
31
0.0000
12
39652969.6504
22
39458069.1940
32
0.0000
13
39652966.4368
23
39458069.1940
33
0.0000
0
3DFACE
100
AcDbEntity
8
0
100
AcDbFace
10
39653071.8810
20
39458257.5800
30
0.0000
11
39653089.7977
21
39458257.5800
31
0.0000
12
39653089.7977
22
39458269.8873
32
0.0000
13
39653071.8810
23
39458269.8873
33
0.0000
0
3DFACE
100
AcDbEntity
8
0
100
AcDbFace
10
39652843.1561
20
39458215.8566
30
19730366.2000
11
39652859.2853
21
39458215.8566
31
19730366.2000
12
39652859.2853
22
39458222.0775
32
19730366.2000
13
39652843.1561
23
39458222.0775
33
19730366.2000
0
3DFACE
100
AcDbEntity
8
0
100
AcDbFace
10
39653032.0450
20
39458229.9151
30
0.0000
11
39653043.6167
21
39458229.9151
31
0.0000
12
39653043.6167
22
39458232.4269
32
0.0000
13
39653032.0450
23
39458232.4269
33
0.0000
0
3DFACE
100
AcDbEntity
8
0
100
AcDbFace
10
39653259.7556
20
39458511.2942
30
0.0000
11
39653278.1476
21
39458511.2942
31
0.0000
12
39653278.1476
22
39458517.8228
32
0.0000
13
39653259.7556
23
39458517.8228
33
0.0000
0
3DFACE
100
AcDbEntity
8
0
100
AcDbFace
10
39653297.6326
20
39458609.2558
30
19730366.2000
11
39653303.5608
21
39458609.2558
31
19730366.2000
12
39653303.5608
22
39458625.9258
32
19730366.2000
13
39653297.6326
23
39458625.9258
33
19730366.2000
0
3DFACE
100
AcDbEntity
8
0
100
AcDbFace
10
39652608.0276
20
39458617.0831
30
0.0000
11
39652610.6569
21
39458617.0831
31
0.0000
12
39652610.6569
22
39458626.8316
32
0.0000
13
39652608.0276
23
39458626.8316
33
0.0000
0
3DFACE
100
AcDbEntity
8
0
100
AcDbFace
10
39652607.8238
20
39458572.9110
30
0.0000
11
39652611.0252
21
39458572.9110
31
0.0000
12
39652611.0252
22
39458591.1576
32
0.0000
13
39652607.8238
23
39458591.1576
33
0.0000
0
3DFACE
100
AcDbEntity
8
0
100
AcDbFace
10
39652717.1180
20
39458267.5875
30
19730366.2000
11
39652735.1546
21
39458267.5875
31
19730366.2000
12
39652735.1546
22
39458274.8686
32
19730366.2000
13
39652717.1180
23
39458274.8686
33
19730366.2000
0
3DFACE
100
AcDbEntity
8
0
100
AcDbFace
10
39653055.5583
20
39458272.0661
30
0.0000
11
39653064.5498
21
39458272.0661
31
0.0000
12
39653064.5498
22
39458276.1530
32
0.0000
13
39653055.5583
23
39458276.1530
33
0.0000
0
3DFACE
100
AcDbEntity
8
0
100
AcDbFace
10
39652848.8385
20
39458396.8299
30
0.0000
11
39652869.4123
21
39458396.8299
31
0.0000
12
39652869.4123
22
39458414.6624
32
0.0000
13
39652848.8385
23
39458414.6624
33
0.0000
0
3DFACE
100
AcDbEntity
8
0
100
AcDbFace
10
39653007.8482
20
39457995.8463
30
19730366.2000
11
39653028.4521
21
39457995.8463
31
19730366.2000
12
39653028.4521
22
39458008.4265
32
19730366.2000
13
39653007.8482
23
39458008.4265
33
19730366.2000
0
3DFACE
100
AcDbEntity
8
0
100
AcDbFace
10
39653142.9796
20
39457927.5537
30
0.0000
11
39653152.3892
21
39457927.5537
31
0.0000
12
39653152.3892
22
39457948.7572
32
0.0000
13
39653142.9796
23
39457948.7572
33
0.0000
0
3DFACE
100
AcDbEntity
8
0
100
AcDbFace
10
39652676.0903
20
39458585.3786
30
0.0000
11
39652697.7101
21
39458585.3786
31
0.0000
12
39652697.7101
22
39458598.4525
32
0.0000
13
39652676.0903
23
39458598.4525
33
0.0000
0
3DFACE
100
AcDbEntity
8
0
100
AcDbFace
10
39653112.6225
20
39458210.2851
30
19730366.2000
11
39653122.2401
21
39458210.2851
31
19730366.2000
12
39653122.2401
22
39458223.6145
32
19730366.2000
13
39653112.6225
23
39458223.6145
33
19730366.2000
0
3DFACE
100
AcDbEntity
8
0
100
AcDbFace
10
39653136.3785
20
39458297.8545
30
0.0000
11
39653139.0948
21
39458297.8545
31
0.0000
12
39653139.0948
22
39458314.3925
32
0.0000
13
39653136.3785
23
39458314.3925
33
0.0000
0
3DFACE
100
AcDbEntity
8
0
100
AcDbFace
10
39653189.4522
20
39458312.3965
30
0.0000
11
39653210.5731
21
39458312.3965
31
0.0000
12
39653210.5731
22
39458314.9648
32
0.0000
13
39653189.4522
23
39458314.9648
33
0.0000
0
3DFACE
100
AcDbEntity
8
0
100
AcDbFace
10
39652799.8168
20
39458120.5923
30
19730366.2000
11
39652808.5535
21
39458120.5923
31
19730366.2000
12
39652808.5535
22
39458128.0712
32
19730366.2000
13
39652799.8168
23
39458128.0712
33
19730366.2000
0
3DFACE
100
AcDbEntity
8
0
100
AcDbFace
10
39652919.0695
20
39457957.1680
30
0.0000
11
39652932.9576
21
39457957.1680
31
0.0000
12
39652932.9576
22
39457964.4086
32
0.0000
13
39652919.0695
23
39457964.4086
33
0.0000
0
3DFACE
100
AcDbEntity
8
0
100
AcDbFace
10
39652532.8312
20
39457935.0999
30
0.0000
11
39652544.8420
21
39457935.0999
31
0.0000
12
39652544.8420
22
39457952.2030
32
0.0000
13
39652532.8312
23
39457952.2030
33
0.0000
0
3DFACE
100
AcDbEntity
8
0
100
AcDbFace
10
39653006.3038
20
39458512.8507
30
19730366.2000
11
39653015.6819
21
39458512.8507
31
19730366.2000
12
39653015.6819
22
39458527.2687
32
19730366.2000
13
39653006.3038
23
39458527.2687
33
19730366.2000
0
3DFACE
100
AcDbEntity
8
0
100
AcDbFace
10
39652627.4826
20
39457931.1372
30
0.0000
11
39652639.4082
21
39457931.1372
31
0.0000
12
39652639.4082
22
39457948.8691
32
0.0000
13
39652627.4826
23
39457948.8691
33
0.0000
0
3DFACE
100
AcDbEntity
8
0
100
AcDbFace
10
39653210.5256
20
39458031.7289
30
0.0000
11
39653218.7612
21
39458031.7289
31
0.0000
12
39653218.7612
22
39458051.6910
32
0.0000
13
39653210.5256
23
39458051.6910
33
0.0000
0
3DFACE
100
AcDbEntity
8
0
100
AcDbFace
10
39652821.7791
20
39458070.7785
30
19730366.2000
11
39652842.5239
21
39458070.7785
31
19730366.2000
12
39652842.5239
22
39458089.2435
32
19730366.2000
13
39652821.7791
23
39458089.2435
33
19730366.2000
0
3DFACE
100
AcDbEntity
8
0
100
AcDbFace
10
39653290.9589
20
39457939.1826
30
0.0000
11
39653295.1953
21
39457939.1826
31
0.0000
12
39653295.1953
22
39457948.9967
32
0.0000
13
39653290.9589
23
39457948.9967
33
0.0000
0
3DFACE
100
AcDbEntity
8
0
100
AcDbFace
10
39652969.9885
20
39458002.4749
30
0.0000
11
39652985.6687
21
39458002.4749
31
0.0000
12
39652985.6687
22
39458004.5698
32
0.0000
13
39652969.9885
23
39458004.5698
33
0.0000
0
3DFACE
100
AcDbEntity
8
0
100
AcDbFace
10
39653001.9934
20
39458172.7497
30
19730366.2000
11
39653006.4763
21
39458172.7497
31
19730366.2000
12
39653006.4763
22
39458175.2836
32
19730366.2000
13
39653001.9934
23
39458175.2836
33
19730366.2000
0
3DFACE
100
AcDbEntity
8
0
100
AcDbFace
10
39652762.9511
20
39458225.1172
30
0.0000
11
39652780.1620
21
39458225.1172
31
0.0000
12
39652780.1620
22
39458228.3879
32
0.0000
13
39652762.9511
23
39458228.3879
33
0.0000
0
3DFACE
100
AcDbEntity
8
0
100
AcDbFace
10
39652738.4978
20
39458371.1893
30
0.0000
11
39652754.3466
21
39458371.1893
31
0.0000
12
39652754.3466
22
39458384.2776
32
0.0000
13
39652738.4978
23
39458384.2776
33
0.0000
0
3DFACE
100
AcDbEntity
8
0
100
AcDbFace
10
39652898.3917
20
39458502.0980
30
19730366.2000
11
39652912.0461
21
39458502.0980
31
19730366.2000
12
39652912.0461
22
39458510.0101
32
19730366.2000
13
39652898.3917
23
39458510.0101
33
19730366.2000
0
3DFACE
100
AcDbEntity
8
0
100
AcDbFace
10
39653231.1316
20
39457913.5434
30
0.0000
11
39653248.8068
21
39457913.5434
31
0.0000
12
39653248.8068
22
39457931.4344
32
0.0000
13
39653231.1316
23
39457931.4344
33
0.0000
0
3DFACE
100
AcDbEntity
8
0
100
AcDbFace
10
39652901.2325
20
39458325.3744
30
0.0000
11
39652913.2192
21
39458325.3744
31
0.0000
12
39652913.2192
22
39458339.2482
32
0.0000
13
39652901.2325
23
39458339.2482
33
0.0000
0
3DFACE
100
AcDbEntity
8
0
100
AcDbFace
10
39652691.6576
20
39458008.1996
30
19730366.2000
11
39652712.3733
21
39458008.1996
31
19730366.2000
12
39652712.3733
22
39458029.2910
32
19730366.2000
13
39652691.6576
23
39458029.2910
33
19730366.2000
0
3DFACE
100
AcDbEntity
8
0
100
AcDbFace
10
39652793.9055
20
39458629.5304
30
0.0000
11
39652808.8178
21
39458629.5304
31
0.0000
12
39652808.8178
22
39458642.3898
32
0.0000
13
39652793.9055
23
39458642.3898
33
0.0000
0
3DFACE
100
AcDbEntity
8
0
100
AcDbFace
10
39652608.2550
20
39458631.9541
30
0.0000
11
39652620.5860
21
39458631.9541
31
0.0000
12
39652620.5860
22
39458634.0671
32
0.0000
13
39652608.2550
23
39458634.0671
33
0.0000
0
3DFACE
100
AcDbEntity
8
0
100
AcDbFace
10
39653016.6649
20
39458355.8396
30
19730366.2000
11
39653020.8499
21
39458355.8396
31
19730366.2000
12
39653020.8499
22
39458369.4249
32
19730366.2000
13
39653016.6649
23
39458369.4249
33
19730366.2000
0
3DFACE
100
AcDbEntity
8
0
100
AcDbFace
10
39652990.8312
20
39458319.0734
30
0.0000
11
39652998.7665
21
39458319.0734
31
0.0000
12
39652998.7665
22
39458323.5170
32
0.0000
13
39652990.8312
23
39458323.5170
33
0.0000
0
3DFACE
100
AcDbEntity
8
0
100
AcDbFace
10
39652597.8996
20
39457866.3273
30
0.0000
11
39652608.0776
21
39457866.3273
31
0.0000
12
39652608.0776
22
39457872.5223
32
0.0000
13
39652597.8996
23
39457872.5223
33
0.0000
0
3DFACE
100
AcDbEntity
8
0
100
AcDbFace
10
39653066.3348
20
39458400.3574
30
19730366.2000
11
39653075.0257
21
39458400.3574
31
19730366.2000
12
39653075.0257
22
39458406.0310
32
19730366.2000
13
39653066.3348
23
39458406.0310
33
19730366.2000
0
3DFACE
100
AcDbEntity
8
0
100
AcDbFace
10
39652774.4459
20
39458007.8336
30
0.0000
11
39652782.1499
21
39458007.8336
31
0.0000
12
39652782.1499
22
39458015.7566
32
0.0000
13
39652774.4459
23
39458015.7566
33
0.0000
0
3DFACE
100
AcDbEntity
8
0
100
AcDbFace
10
39652624.0679
20
39458092.2016
30
0.0000
11
39652629.5216
21
39458092.2016
31
0.0000
12
39652629.5216
22
39458100.9868
32
0.0000
13
39652624.0679
23
39458100.9868
33
0.0000
0
3DFACE
100
AcDbEntity
8
0
100
AcDbFace
10
39653261.8998
20
39458026.0752
30
19730366.2000
11
39653279.9856
21
39458026.0752
31
19730366.2000
12
39653279.9856
22
39458036.0843
32
19730366.2000
13
39653261.8998
23
39458036.0843
33
19730366.2000
0
3DFACE
100
AcDbEntity
8
0
100
AcDbFace
10
39653210.9986
20
39458035.6599
30
0.0000
11
39653219.9670
21
39458035.6599
31
0.0000
12
39653219.9670
22
39458050.3513
32
0.0000
13
39653210.9986
23
39458050.3513
33
0.0000
0
3DFACE
100
AcDbEntity
8
0
100
AcDbFace
10
39653174.9296
20
39457929.7085
30
0.0000
11
39653192.4063
21
39457929.7085
31
0.0000
12
39653192.4063
22
39457935.5704
32
0.0000
13
39653174.9296
23
39457935.5704
33
0.0000
0
3DFACE
100
AcDbEntity
8
0
100
AcDbFace
10
39652777.0734
20
39457885.5068
30
19730366.2000
11
39652783.3875
21
39457885.5068
31
19730366.2000
12
39652783.3875
22
39457901.5322
32
19730366.2000
13
39652777.0734
23
39457901.5322
33
19730366.2000
0
3DFACE
100
AcDbEntity
8
0
100
AcDbFace
10
39652597.5883
20
39458104.3917
30
0.0000
11
39652609.0186
21
39458104.3917
31
0.0000
12
39652609.0186
22
39458124.8654
32
0.0000
13
39652597.5883
23
39458124.8654
33
0.0000
0
3DFACE
100
AcDbEntity
8
0
100
AcDbFace
10
39652970.5299
20
39458349.2998
30
0.0000
11
39652974.1294
21
39458349.2998
31
0.0000
12
39652974.1294
22
39458361.4791
32
0.0000
13
39652970.5299
23
39458361.4791
33
0.0000
0
3DFACE
100
AcDbEntity
8
0
100
AcDbFace
10
39653203.6262
20
39458576.8475
30
19730366.2000
11
39653219.3477
21
39458576.8475
31
19730366.2000
12
39653219.3477
22
39458597.9314
32
19730366.2000
13
39653203.6262
23
39458597.9314
33
19730366.2000
0
3DFACE
100
AcDbEntity
8
0
100
AcDbFace
10
39652683.2093
20
39458076.4424
30
0.0000
11
39652698.1173
21
39458076.4424
31
0.0000
12
39652698.1173
22
39458082.0358
32
0.0000
13
39652683.2093
23
39458082.0358
33
0.0000
0
3DFACE
100
AcDbEntity
8
0
100
AcDbFace
10
39653126.8034
20
39457928.9257
30
0.0000
11
39653130.2196
21
39457928.9257
31
0.0000
12
39653130.2196
22
39457938.0189
32
0.0000
13
39653126.8034
23
39457938.0189
33
0.0000
0
3DFACE
100
AcDbEntity
8
0
100
AcDbFace
10
39652645.8688
20
39458197.2462
30
19730366.2000
11
39652663.3618
21
39458197.2462
31
19730366.2000
12
39652663.3618
22
39458216.5412
32
19730366.2000
13
39652645.8688
23
39458216.5412
33
19730366.2000
0
3DFACE
100
AcDbEntity
8
0
100
AcDbFace
10
39652881.2023
20
39458261.6653
30
0.0000
11
39652899.3941
21
39458261.6653
31
0.0000
12
39652899.3941
22
39458274.8933
32
0.0000
13
39652881.2023
23
39458274.8933
33
0.0000
0
3DFACE
100
AcDbEntity
8
0
100
AcDbFace
10
39652673.4939
20
39458511.9934
30
0.0000
11
39652686.7178
21
39458511.9934
31
0.0000
12
39652686.7178
22
39458527.6811
32
0.0000
13
39652673.4939
23
39458527.6811
33
0.0000
0
3DFACE
100
AcDbEntity
8
0
100
AcDbFace
10
39653131.5398
20
39458609.3574
30
19730366.2000
11
39653145.4479
21
39458609.3574
31
19730366.2000
12
39653145.4479
22
39458613.3112
32
19730366.2000
13
39653131.5398
23
39458613.3112
33
19730366.2000
0
3DFACE
100
AcDbEntity
8
0
100
AcDbFace
10
39652760.6114
20
39458129.9996
30
0.0000
11
39652776.8918
21
39458129.9996
31
0.0000
12
39652776.8918
22
39458146.5900
32
0.0000
13
39652760.6114
23
39458146.5900
33
0.0000
0
3DFACE
100
AcDbEntity
8
0
100
AcDbFace
10
39653113.4805
20
39458403.6076
30
0.0000
11
39653133.9070
21
39458403.6076
31
0.0000
12
39653133.9070
22
39458412.7477
32
0.0000
13
39653113.4805
23
39458412.7477
33
0.0000
0
3DFACE
100
AcDbEntity
8
0
100
AcDbFace
10
39653226.6014
20
39458158.6759
30
19730366.2000
11
39653233.7000
21
39458158.6759
31
19730366.2000
12
39653233.7000
22
39458163.2022
32
19730366.2000
13
39653226.6014
23
39458163.2022
33
19730366.2000
0
3DFACE
100
AcDbEntity
8
0
100
AcDbFace
10
39652903.9484
20
39458187.3983
30
0.0000
11
39652919.6295
21
39458187.3983
31
0.0000
12
39652919.6295
22
39458198.3721
32
0.0000
13
39652903.9484
23
39458198.3721
33
0.0000
0
3DFACE
100
AcDbEntity
8
0
100
AcDbFace
10
39653111.0102
20
39458442.5917
30
0.0000
11
39653123.5758
21
39458442.5917
31
0.0000
12
39653123.5758
22
39458447.8538
32
0.0000
13
39653111.0102
23
39458447.8538
33
0.0000
0
3DFACE
100
AcDbEntity
8
0
100
AcDbFace
10
39653141.4399
20
39458379.1514
30
19730366.2000
11
39653145.4390
21
39458379.1514
31
19730366.2000
12
39653145.4390
22
39458383.2748
32
19730366.2000
13
39653141.4399
23
39458383.2748
33
19730366.2000
0
3DFACE
100
AcDbEntity
8
0
100
AcDbFace
10
39653218.8624
20
39457952.5372
30
0.0000
11
39653231.3283
21
39457952.5372
31
0.0000
12
39653231.3283
22
39457964.1341
32
0.0000
13
39653218.8624
23
39457964.1341
33
0.0000
0
3DFACE
100
AcDbEntity
8
0
100
AcDbFace
10
39652996.3363
20
39458486.7910
30
0.0000
11
39653017.0066
21
39458486.7910
31
0.0000
12
39653017.0066
22
39458501.9443
32
0.0000
13
39652996.3363
23
39458501.9443
33
0.0000
0
3DFACE
100
AcDbEntity
8
0
100
AcDbFace
10
39652615.9738
20
39458024.5856
30
19730366.2000
11
39652628.1493
21
39458024.5856
31
19730366.2000
12
39652628.1493
22
39458032.9869
32
19730366.2000
13
39652615.9738
23
39458032.9869
33
19730366.2000
0
3DFACE
100
AcDbEntity
8
0
100
AcDbFace
10
39652791.2158
20
39458371.8052
30
0.0000
11
39652793.9843
21
39458371.8052
31
0.0000
12
39652793.9843
22
39458374.9930
32
0.0000
13
39652791.2158
23
39458374.9930
33
0.0000
0
3DFACE
100
AcDbEntity
8
0
100
AcDbFace
10
39652974.2636
20
39458049.1560
30
0.0000
11
39652995.8716
21
39458049.1560
31
0.0000
12
39652995.8716
22
39458068.0626
32
0.0000
13
39652974.2636
23
39458068.0626
33
0.0000
0
3DFACE
100
AcDbEntity
8
0
100
AcDbFace
10
39653271.1668
20
39458363.3094
30
19730366.2000
11
39653277.3878
21
39458363.3094
31
19730366.2000
12
39653277.3878
22
39458385.1343
32
19730366.2000
13
39653271.1668
23
39458385.1343
33
19730366.2000
0
3DFACE
100
AcDbEntity
8
0
100
AcDbFace
10
39653167.0672
20
39458010.0755
30
0.0000
11
39653187.4766
21
39458010.0755
31
0.0000
12
39653187.4766
22
39458022.3192
32
0.0000
13
39653167.0672
23
39458022.3192
33
0.0000
0
3DFACE
100
AcDbEntity
8
0
100
AcDbFace
10
39653124.0996
20
39458222.1083
30
0.0000
11
39653133.2287
21
39458222.1083
31
0.0000
12
39653133.2287
22
39458224.4090
32
0.0000
13
39653124.0996
23
39458224.4090
33
0.0000
0
3DFACE
100
AcDbEntity
8
0
100
AcDbFace
10
39653314.4483
20
39458273.6421
30
19730366.2000
11
39653323.8523
21
39458273.6421
31
19730366.2000
12
39653323.8523
22
39458285.8742
32
19730366.2000
13
39653314.4483
23
39458285.8742
33
19730366.2000
0
3DFACE
100
AcDbEntity
8
0
100
AcDbFace
10
39652751.0596
20
39458154.7587
30
0.0000
11
39652772.3981
21
39458154.7587
31
0.0000
12
39652772.3981
22
39458172.6616
32
0.0000
13
39652751.0596
23
39458172.6616
33
0.0000
0
3DFACE
100
AcDbEntity
8
0
100
AcDbFace
10
39653078.5116
20
39458227.6868
30
0.0000
11
39653086.8009
21
39458227.6868
31
0.0000
12
39653086.8009
22
39458235.1061
32
0.0000
13
39653078.5116
23
39458235.1061
33
0.0000
0
3DFACE
100
AcDbEntity
8
0
100
AcDbFace
10
39653086.5392
20
39457877.6317
30
19730366.2000
11
39653106.7991
21
39457877.6317
31
19730366.2000
12
39653106.7991
22
39457887.2676
32
19730366.2000
13
39653086.5392
23
39457887.2676
33
19730366.2000
0
3DFACE
100
AcDbEntity
8
0
100
AcDbFace
10
39653008.7156
20
39458570.6366
30
0.0000
11
39653028.2968
21
39458570.6366
31
0.0000
12
39653028.2968
22
39458573.0062
32
0.0000
13
39653008.7156
23
39458573.0062
33
0.0000
0
3DFACE
100
AcDbEntity
8
0
100
AcDbFace
10
39652668.7906
20
39458530.9754
30
0.0000
11
39652681.7292
21
39458530.9754
31
0.0000
12
39652681.7292
22
39458544.1090
32
0.0000
13
39652668.7906
23
39458544.1090
33
0.0000
0
3DFACE
100
AcDbEntity
8
0
100
AcDbFace
10
39652537.1845
20
39458450.5764
30
19730366.2000
11
39652555.9943
21
39458450.5764
31
19730366.2000
12
39652555.9943
22
39458460.7794
32
19730366.2000
13
39652537.1845
23
39458460.7794
33
19730366.2000
0
3DFACE
100
AcDbEntity
8
0
100
AcDbFace
10
39652560.1384
20
39457842.9773
30
0.0000
11
39652564.5139
21
39457842.9773
31
0.0000
12
39652564.5139
22
39457849.8020
32
0.0000
13
39652560.1384
23
39457849.8020
33
0.0000
0
3DFACE
100
AcDbEntity
8
0
100
AcDbFace
10
39652624.0211
20
39457854.3119
30
0.0000
11
39652634.9855
21
39457854.3119
31
0.0000
12
39652634.9855
22
39457860.6967
32
0.0000
13
39652624.0211
23
39457860.6967
33
0.0000
0
3DFACE
100
AcDbEntity
8
0
100
AcDbFace
10
39653117.2919
20
39458543.8271
30
19730366.2000
11
39653129.3888
21
39458543.8271
31
19730366.2000
12
39653129.3888
22
39458565.1726
32
19730366.2000
13
39653117.2919
23
39458565.1726
33
19730366.2000
0
3DFACE
100
AcDbEntity
8
0
100
AcDbFace
10
39652652.6194
20
39458046.4321
30
0.0000
11
39652665.8079
21
39458046.4321
31
0.0000
12
39652665.8079
22
39458050.1961
32
0.0000
13
39652652.6194
23
39458050.1961
33
0.0000
0
3DFACE
100
AcDbEntity
8
0
100
AcDbFace
10
39653011.6576
20
39458029.7786
30
0.0000
11
39653018.6329
21
39458029.7786
31
0.0000
12
39653018.6329
22
39458039.9838
32
0.0000
13
39653011.6576
23
39458039.9838
33
0.0000
0
3DFACE
100
AcDbEntity
8
0
100
AcDbFace
10
39652774.9768
20
39458458.3716
30
19730366.2000
11
39652778.7026
21
39458458.3716
31
19730366.2000
12
39652778.7026
22
39458467.2346
32
19730366.2000
13
39652774.9768
23
39458467.2346
33
19730366.2000
0
3DFACE
100
AcDbEntity
8
0
100
AcDbFace
10
39652899.6519
20
39458477.2127
30
0.0000
11
39652919.9512
21
39458477.2127
31
0.0000
12
39652919.9512
22
39458498.9118
32
0.0000
13
39652899.6519
23
39458498.9118
33
0.0000
0
3DFACE
100
AcDbEntity
8
0
100
AcDbFace
10
39652907.0065
20
39458027.4733
30
0.0000
11
39652924.1216
21
39458027.4733
31
0.0000
12
39652924.1216
22
39458046.8893
32
0.0000
13
39652907.0065
23
39458046.8893
33
0.0000
0
3DFACE
100
AcDbEntity
8
0
100
AcDbFace
10
39652543.0133
20
39458206.6999
30
19730366.2000
11
39652560.1074
21
39458206.6999
31
19730366.2000
12
39652560.1074
22
39458218.7728
32
19730366.2000
13
39652543.0133
23
39458218.7728
33
19730366.2000
0
3DFACE
100
AcDbEntity
8
0
100
AcDbFace
10
39653173.8505
20
39458586.0506
30
0.0000
11
39653179.4862
21
39458586.0506
31
0.0000
12
39653179.4862
22
39458589.2095
32
0.0000
13
39653173.8505
23
39458589.2095
33
0.0000
0
3DFACE
100
AcDbEntity
8
0
100
AcDbFace
10
39652579.1151
20
39457897.0625
30
0.0000
11
39652594.8071
21
39457897.0625
31
0.0000
12
39652594.8071
22
39457916.9993
32
0.0000
13
39652579.1151
23
39457916.9993
33
0.0000
0
3DFACE
100
AcDbEntity
8
0
100
AcDbFace
10
39652605.1918
20
39458300.4504
30
19730366.2000
11
39652612.1943
21
39458300.4504
31
19730366.2000
12
39652612.1943
22
39458318.3179
32
19730366.2000
13
39652605.1918
23
39458318.3179
33
19730366.2000
0
3DFACE
100
AcDbEntity
8
0
100
AcDbFace
10
39652941.2781
20
39458449.4372
30
0.0000
11
39652954.8301
21
39458449.4372
31
0.0000
12
39652954.8301
22
39458471.3669
32
0.0000
13
39652941.2781
23
39458471.3669
33
0.0000
0
3DFACE
100
AcDbEntity
8
0
100
AcDbFace
10
39653280.5667
20
39458360.1150
30
0.0000
11
39653298.8785
21
39458360.1150
31
0.0000
12
39653298.8785
22
39458372.7620
32
0.0000
13
39653280.5667
23
39458372.7620
33
0.0000
0
3DFACE
100
AcDbEntity
8
0
100
AcDbFace
10
39652729.0826
20
39458501.3378
30
19730366.2000
11
39652748.4136
21
39458501.3378
31
19730366.2000
12
39652748.4136
22
39458510.9710
32
19730366.2000
13
39652729.0826
23
39458510.9710
33
19730366.2000
0
3DFACE
100
AcDbEntity
8
0
100
AcDbFace
10
39653124.6778
20
39458116.6451
30
0.0000
11
39653140.9138
21
39458116.6451
31
0.0000
12
39653140.9138
22
39458127.1163
32
0.0000
13
39653124.6778
23
39458127.1163
33
0.0000
0
3DFACE
100
AcDbEntity
8
0
100
AcDbFace
10
39653128.6812
20
39457990.7174
30
0.0000
11
39653139.8849
21
39457990.7174
31
0.0000
12
39653139.8849
22
39457998.4526
32
0.0000
13
39653128.6812
23
39457998.4526
33
0.0000
0
3DFACE
100
AcDbEntity
8
0
100
AcDbFace
10
39652952.7059
20
39457872.8621
30
19730366.2000
11
39652956.1754
21
39457872.8621
31
19730366.2000
12
39652956.1754
22
39457884.8332
32
19730366.2000
13
39652952.7059
23
39457884.8332
33
19730366.2000
0
3DFACE
100
AcDbEntity
8
0
100
AcDbFace
10
39652983.1114
20
39458170.0313
30
0.0000
11
39653004.5442
21
39458170.0313
31
0.0000
12
39653004.5442
22
39458183.4761
32
0.0000
13
39652983.1114
23
39458183.4761
33
0.0000
0
3DFACE
100
AcDbEntity
8
0
100
AcDbFace
10
39652965.6231
20
39458121.8705
30
0.0000
11
39652987.0466
21
39458121.8705
31
0.0000
12
39652987.0466
22
39458142.3449
32
0.0000
13
39652965.6231
23
39458142.3449
33
0.0000
0
3DFACE
100
AcDbEntity
8
0
100
AcDbFace
10
39653012.6078
20
39458070.2990
30
19730366.2000
11
39653019.7974
21
39458070.2990
31
19730366.2000
12
39653019.7974
22
39458087.4545
32
19730366.2000
13
39653012.6078
23
39458087.4545
33
19730366.2000
0
3DFACE
100
AcDbEntity
8
0
100
AcDbFace
10
39653095.5050
20
39458436.1206
30
0.0000
11
39653104.6766
21
39458436.1206
31
0.0000
12
39653104.6766
22
39458444.4151
32
0.0000
13
39653095.5050
23
39458444.4151
33
0.0000
0
3DFACE
100
AcDbEntity
8
0
100
AcDbFace
10
39652684.9149
20
39458615.1670
30
0.0000
11
39652692.5388
21
39458615.1670
31
0.0000
12
39652692.5388
22
39458619.5271
32
0.0000
13
39652684.9149
23
39458619.5271
33
0.0000
0
3DFACE
100
AcDbEntity
8
0
100
AcDbFace
10
39653200.8429
20
39458406.4708
30
19730366.2000
11
39653209.4884
21
39458406.4708
31
19730366.2000
12
39653209.4884
22
39458410.7400
32
19730366.2000
13
39653200.8429
23
39458410.7400
33
19730366.2000
0
3DFACE
100
AcDbEntity
8
0
100
AcDbFace
10
39652535.5994
20
39458384.9713
30
0.0000
11
39652542.7843
21
39458384.9713
31
0.0000
12
39652542.7843
22
39458403.7855
32
0.0000
13
39652535.5994
23
39458403.7855
33
0.0000
0
3DFACE
100
AcDbEntity
8
0
100
AcDbFace
10
39653111.8569
20
39458231.2503
30
0.0000
11
39653127.9361
21
39458231.2503
31
0.0000
12
39653127.9361
22
39458233.8005
32
0.0000
13
39653111.8569
23
39458233.8005
33
0.0000
0
3DFACE
100
AcDbEntity
8
0
100
AcDbFace
10
39653138.3627
20
39458630.8000
30
19730366.2000
11
39653143.5537
21
39458630.8000
31
19730366.2000
12
39653143.5537
22
39458637.7500
32
19730366.2000
13
39653138.3627
23
39458637.7500
33
19730366.2000
0
3DFACE
100
AcDbEntity
8
0
100
AcDbFace
10
39653325.8081
20
39458155.3215
30
0.0000
11
39653345.5136
21
39458155.3215
31
0.0000
12
39653345.5136
22
39458167.9634
32
0.0000
13
39653325.8081
23
39458167.9634
33
0.0000
0
3DFACE
100
AcDbEntity
8
0
100
AcDbFace
10
39653125.3536
20
39458338.5553
30
0.0000
11
39653137.0040
21
39458338.5553
31
0.0000
12
39653137.0040
22
39458342.0967
32
0.0000
13
39653125.3536
23
39458342.0967
33
0.0000
0
3DFACE
100
AcDbEntity
8
0
100
AcDbFace
10
39653152.3110
20
39458359.1424
30
19730366.2000
11
39653156.0115
21
39458359.1424
31
19730366.2000
12
39653156.0115
22
39458369.8330
32
19730366.2000
13
39653152.3110
23
39458369.8330
33
19730366.2000
0
3DFACE
100
AcDbEntity
8
0
100
AcDbFace
10
39652657.4807
20
39458543.0167
30
0.0000
11
39652666.8117
21
39458543.0167
31
0.0000
12
39652666.8117
22
39458561.6336
32
0.0000
13
39652657.4807
23
39458561.6336
33
0.0000
0
3DFACE
100
AcDbEntity
8
0
100
AcDbFace
10
39652708.6463
20
39458497.8292
30
0.0000
11
39652727.0256
21
39458497.8292
31
0.0000
12
39652727.0256
22
39458509.8528
32
0.0000
13
39652708.6463
23
39458509.8528
33
0.0000
0
3DFACE
100
AcDbEntity
8
0
100
AcDbFace
10
39652744.7247
20
39458291.9030
30
19730366.2000
11
39652746.8061
21
39458291.9030
31
19730366.2000
12
39652746.8061
22
39458297.5276
32
19730366.2000
13
39652744.7247
23
39458297.5276
33
19730366.2000
0
3DFACE
100
AcDbEntity
8
0
100
AcDbFace
10
39653165.0729
20
39458490.2191
30
0.0000
11
39653181.7144
21
39458490.2191
31
0.0000
12
39653181.7144
22
39458495.1569
32
0.0000
13
39653165.0729
23
39458495.1569
33
0.0000
0
3DFACE
100
AcDbEntity
8
0
100
AcDbFace
10
39652816.4511
20
39458259.9349
30
0.0000
11
39652825.8518
21
39458259.9349
31
0.0000
12
39652825.8518
22
39458270.7804
32
0.0000
13
39652816.4511
23
39458270.7804
33
0.0000
0
3DFACE
100
AcDbEntity
8
0
100
AcDbFace
10
39652840.1411
20
39458157.9321
30
19730366.2000
11
39652856.8068
21
39458157.9321
31
19730366.2000
12
39652856.8068
22
39458163.6717
32
19730366.2000
13
39652840.1411
23
39458163.6717
33
19730366.2000
0
3DFACE
100
AcDbEntity
8
0
100
AcDbFace
10
39652941.7227
20
39458412.8976
30
0.0000
11
39652948.9816
21
39458412.8976
31
0.0000
12
39652948.9816
22
39458416.9559
32
0.0000
13
39652941.7227
23
39458416.9559
33
0.0000
0
3DFACE
100
AcDbEntity
8
0
100
AcDbFace
10
39652746.0045
20
39458114.4342
30
0.0000
11
39652756.8602
21
39458114.4342
31
0.0000
12
39652756.8602
22
39458129.4673
32
0.0000
13
39652746.0045
23
39458129.4673
33
0.0000
0
3DFACE
100
AcDbEntity
8
0
100
AcDbFace
10
39652699.6121
20
39458521.7034
30
19730366.2000
11
39652714.7795
21
39458521.7034
31
19730366.2000
12
39652714.7795
22
39458532.1561
32
19730366.2000
13
39652699.6121
23
39458532.1561
33
19730366.2000
0
3DFACE
100
AcDbEntity
8
0
100
AcDbFace
10
39653183.7326
20
39457904.0993
30
0.0000
11
39653204.7682
21
39457904.0993
31
0.0000
12
39653204.7682
22
39457919.3594
32
0.0000
13
39653183.7326
23
39457919.3594
33
0.0000
0
3DFACE
100
AcDbEntity
8
0
100
AcDbFace
10
39653099.5142
20
39458326.4538
30
0.0000
11
39653109.0132
21
39458326.4538
31
0.0000
12
39653109.0132
22
39458330.2478
32
0.0000
13
39653099.5142
23
39458330.2478
33
0.0000
0
3DFACE
100
AcDbEntity
8
0
100
AcDbFace
10
39652588.6236
20
39458591.2724
30
19730366.2000
11
39652608.5184
21
39458591.2724
31
19730366.2000
12
39652608.5184
22
39458600.7603
32
19730366.2000
13
39652588.6236
23
39458600.7603
33
19730366.2000
0
3DFACE
100
AcDbEntity
8
0
100
AcDbFace
10
39652751.4585
20
39458150.5024
30
0.0000
11
39652754.5169
21
39458150.5024
31
0.0000
12
39652754.5169
22
39458171.3395
32
0.0000
13
39652751.4585
23
39458171.3395
33
0.0000
0
3DFACE
100
AcDbEntity
8
0
100
AcDbFace
10
39652625.5168
20
39458599.3314
30
0.0000
11
39652644.2000
21
39458599.3314
31
0.0000
12
39652644.2000
22
39458620.7809
32
0.0000
13
39652625.5168
23
39458620.7809
33
0.0000
0
3DFACE
100
AcDbEntity
8
0
100
AcDbFace
10
39652686.4220
20
39458364.5173
30
19730366.2000
11
39652697.3246
21
39458364.5173
31
19730366.2000
12
39652697.3246
22
39458381.5075
32
19730366.2000
13
39652686.4220
23
39458381.5075
33
19730366.2000
0
3DFACE
100
AcDbEntity
8
0
100
AcDbFace
10
39652734.1048
20
39457999.7499
30
0.0000
11
39652755.2622
21
39457999.7499
31
0.0000
12
39652755.2622
22
39458016.5823
32
0.0000
13
39652734.1048
23
39458016.5823
33
0.0000
0
3DFACE
100
AcDbEntity
8
0
100
AcDbFace
10
39653026.6411
20
39458500.5434
30
0.0000
11
39653029.0523
21
39458500.5434
31
0.0000
12
39653029.0523
22
39458503.7728
32
0.0000
13
39653026.6411
23
39458503.7728
33
0.0000
0
3DFACE
100
AcDbEntity
8
0
100
AcDbFace
10
39653324.2463
20
39458451.1600
30
19730366.2000
11
39653328.0213
21
39458451.1600
31
19730366.2000
12
39653328.0213
22
39458456.9771
32
19730366.2000
13
39653324.2463
23
39458456.9771
33
19730366.2000
0
3DFACE
100
AcDbEntity
8
0
100
AcDbFace
10
39652705.9250
20
39458416.0652
30
0.0000
11
39652725.5312
21
39458416.0652
31
0.0000
12
39652725.5312
22
39458420.3275
32
0.0000
13
39652705.9250
23
39458420.3275
33
0.0000
0
3DFACE
100
AcDbEntity
8
0
100
AcDbFace
10
39653221.2785
20
39457988.4141
30
0.0000
11
39653223.4189
21
39457988.4141
31
0.0000
12
39653223.4189
22
39457995.2811
32
0.0000
13
39653221.2785
23
39457995.2811
33
0.0000
0
3DFACE
100
AcDbEntity
8
0
100
AcDbFace
10
39653039.9671
20
39458308.0690
30
19730366.2000
11
39653061.6903
21
39458308.0690
31
19730366.2000
12
39653061.6903
22
39458326.0115
32
19730366.2000
13
39653039.9671
23
39458326.0115
33
19730366.2000
0
3DFACE
100
AcDbEntity
8
0
100
AcDbFace
10
39652561.3296
20
39458261.6481
30
0.0000
11
39652565.0299
21
39458261.6481
31
0.0000
12
39652565.0299
22
39458273.4146
32
0.0000
13
39652561.3296
23
39458273.4146
33
0.0000
0
3DFACE
100
AcDbEntity
8
0
100
AcDbFace
10
39653146.6585
20
39458377.1057
30
0.0000
11
39653162.6896
21
39458377.1057
31
0.0000
12
39653162.6896
22
39458393.0389
32
0.0000
13
39653146.6585
23
39458393.0389
33
0.0000
0
3DFACE
100
AcDbEntity
8
0
100
AcDbFace
10
39653136.6315
20
39458625.3435
30
19730366.2000
11
39653143.3196
21
39458625.3435
31
19730366.2000
12
39653143.3196
22
39458637.2547
32
19730366.2000
13
39653136.6315
23
39458637.2547
33
19730366.2000
0
3DFACE
100
AcDbEntity
8
0
100
AcDbFace
10
39653216.3998
20
39458141.3532
30
0.0000
11
39653231.3023
21
39458141.3532
31
0.0000
12
39653231.3023
22
39458146.9744
32
0.0000
13
39653216.3998
23
39458146.9744
33
0.0000
0
3DFACE
100
AcDbEntity
8
0
100
AcDbFace
10
39652990.8319
20
39457877.3901
30
0.0000
11
39652996.1526
21
39457877.3901
31
0.0000
12
39652996.1526
22
39457883.2358
32
0.0000
13
39652990.8319
23
39457883.2358
33
0.0000
0
3DFACE
100
AcDbEntity
8
0
100
AcDbFace
10
39652832.4140
20
39458600.6785
30
19730366.2000
11
39652851.5480
21
39458600.6785
31
19730366.2000
12
39652851.5480
22
39458613.9606
32
19730366.2000
13
39652832.4140
23
39458613.9606
33
19730366.2000
0
3DFACE
100
AcDbEntity
8
0
100
AcDbFace
10
39652864.3070
20
39458048.1481
30
0.0000
11
39652885.5494
21
39458048.1481
31
0.0000
12
39652885.5494
22
39458056.2022
32
0.0000
13
39652864.3070
23
39458056.2022
33
0.0000
0
3DFACE
100
AcDbEntity
8
0
100
AcDbFace
10
39653141.0589
20
39458450.7011
30
0.0000
11
39653148.5756
21
39458450.7011
31
0.0000
12
39653148.5756
22
39458459.1936
32
0.0000
13
39653141.0589
23
39458459.1936
33
0.0000
0
3DFACE
100
AcDbEntity
8
0
100
AcDbFace
10
39652889.4742
20
39458239.5113
30
19730366.2000
11
39652910.6951
21
39458239.5113
31
19730366.2000
12
39652910.6951
22
39458258.5089
32
19730366.2000
13
39652889.4742
23
39458258.5089
33
19730366.2000
0
3DFACE
100
AcDbEntity
8
0
100
AcDbFace
10
39653272.1393
20
39457946.8544
30
0.0000
11
39653284.7959
21
39457946.8544
31
0.0000
12
39653284.7959
22
39457956.6502
32
0.0000
13
39653272.1393
23
39457956.6502
33
0.0000
0
3DFACE
100
AcDbEntity
8
0
100
AcDbFace
10
39653136.1042
20
39458513.9689
30
0.0000
11
39653157.1970
21
39458513.9689
31
0.0000
12
39653157.1970
22
39458530.3734
32
0.0000
13
39653136.1042
23
39458530.3734
33
0.0000
0
3DFACE
100
AcDbEntity
8
0
100
AcDbFace
10
39653009.2201
20
39458418.4491
30
19730366.2000
11
39653012.2643
21
39458418.4491
31
19730366.2000
12
39653012.2643
22
39458430.0643
32
19730366.2000
13
39653009.2201
23
39458430.0643
33
19730366.2000
0
3DFACE
100
AcDbEntity
8
0
100
AcDbFace
10
39653206.6340
20
39458633.6685
30
0.0000
11
39653222.5922
21
39458633.6685
31
0.0000
12
39653222.5922
22
39458641.4777
32
0.0000
13
39653206.6340
23
39458641.4777
33
0.0000
0
3DFACE
100
AcDbEntity
8
0
100
AcDbFace
10
39652909.9384
20
39458232.7353
30
0.0000
11
39652921.3141
21
39458232.7353
31
0.0000
12
39652921.3141
22
39458245.1533
32
0.0000
13
39652909.9384
23
39458245.1533
33
0.0000
0
3DFACE
100
AcDbEntity
8
0
100
AcDbFace
10
39653281.4787
20
39458049.4784
30
19730366.2000
11
39653298.1054
21
39458049.4784
31
19730366.2000
12
39653298.1054
22
39458053.8190
32
19730366.2000
13
39653281.4787
23
39458053.8190
33
19730366.2000
0
3DFACE
100
AcDbEntity
8
0
100
AcDbFace
10
39652676.3158
20
39458008.9650
30
0.0000
11
39652685.4388
21
39458008.9650
31
0.0000
12
39652685.4388
22
39458013.0951
32
0.0000
13
39652676.3158
23
39458013.0951
33
0.0000
0
3DFACE
100
AcDbEntity
8
0
100
AcDbFace
10
39652614.3449
20
39457940.0498
30
0.0000
11
39652626.6573
21
39457940.0498
31
0.0000
12
39652626.6573
22
39457955.8121
32
0.0000
13
39652614.3449
23
39457955.8121
33
0.0000
0
3DFACE
100
AcDbEntity
8
0
100
AcDbFace
10
39652575.0715
20
39458282.4546
30
19730366.2000
11
39652582.4252
21
39458282.4546
31
19730366.2000
12
39652582.4252
22
39458285.2541
32
19730366.2000
13
39652575.0715
23
39458285.2541
33
19730366.2000
0
3DFACE
100
AcDbEntity
8
0
100
AcDbFace
10
39652677.5424
20
39458100.8800
30
0.0000
11
39652697.1214
21
39458100.8800
31
0.0000
12
39652697.1214
22
39458107.6403
32
0.0000
13
39652677.5424
23
39458107.6403
33
0.0000
0
3DFACE
100
AcDbEntity
8
0
100
AcDbFace
10
39653107.9342
20
39458418.6476
30
0.0000
11
39653111.7359
21
39458418.6476
31
0.0000
12
39653111.7359
22
39458439.1580
32
0.0000
13
39653107.9342
23
39458439.1580
33
0.0000
0
3DFACE
100
AcDbEntity
8
0
100
AcDbFace
10
39652957.2970
20
39458283.3743
30
19730366.2000
11
39652974.8328
21
39458283.3743
31
19730366.2000
12
39652974.8328
22
39458297.8576
32
19730366.2000
13
39652957.2970
23
39458297.8576
33
19730366.2000
0
3DFACE
100
AcDbEntity
8
0
100
AcDbFace
10
39652931.9551
20
39458377.1769
30
0.0000
11
39652948.1426
21
39458377.1769
31
0.0000
12
39652948.1426
22
39458395.7246
32
0.0000
13
39652931.9551
23
39458395.7246
33
0.0000
0
3DFACE
100
AcDbEntity
8
0
100
AcDbFace
10
39652999.0632
20
39458383.9087
30
0.0000
11
39653008.3455
21
39458383.9087
31
0.0000
12
39653008.3455
22
39458391.2395
32
0.0000
13
39652999.0632
23
39458391.2395
33
0.0000
0
3DFACE
100
AcDbEntity
8
0
100
AcDbFace
10
39653029.8200
20
39458525.9272
30
19730366.2000
11
39653051.6087
21
39458525.9272
31
19730366.2000
12
39653051.6087
22
39458547.7381
32
19730366.2000
13
39653029.8200
23
39458547.7381
33
19730366.2000
0
3DFACE
100
AcDbEntity
8
0
100
AcDbFace
10
39652702.8364
20
39458282.8925
30
0.0000
11
39652712.4402
21
39458282.8925
31
0.0000
12
39652712.4402
22
39458287.8854
32
0.0000
13
39652702.8364
23
39458287.8854
33
0.0000
0
3DFACE
100
AcDbEntity
8
0
100
AcDbFace
10
39652730.1620
20
39458305.0979
30
0.0000
11
39652733.4217
21
39458305.0979
31
0.0000
12
39652733.4217
22
39458319.5756
32
0.0000
13
39652730.1620
23
39458319.5756
33
0.0000
0
3DFACE
100
AcDbEntity
8
0
100
AcDbFace
10
39653268.4656
20
39458133.8306
30
19730366.2000
11
39653287.3823
21
39458133.8306
31
19730366.2000
12
39653287.3823
22
39458153.5695
32
19730366.2000
13
39653268.4656
23
39458153.5695
33
19730366.2000
0
3DFACE
100
AcDbEntity
8
0
100
AcDbFace
10
39652777.8740
20
39458541.2651
30
0.0000
11
39652798.5767
21
39458541.2651
31
0.0000
12
39652798.5767
22
39458558.1838
32
0.0000
13
39652777.8740
23
39458558.1838
33
0.0000
0
3DFACE
100
AcDbEntity
8
0
100
AcDbFace
10
39653190.9656
20
39458302.3862
30
0.0000
11
39653194.4297
21
39458302.3862
31
0.0000
12
39653194.4297
22
39458321.3427
32
0.0000
13
39653190.9656
23
39458321.3427
33
0.0000
0
3DFACE
100
AcDbEntity
8
0
100
AcDbFace
10
39652654.4211
20
39458611.4446
30
19730366.2000
11
39652664.4089
21
39458611.4446
31
19730366.2000
12
39652664.4089
22
39458615.3058
32
19730366.2000
13
39652654.4211
23
39458615.3058
33
19730366.2000
0
3DFACE
100
AcDbEntity
8
0
100
AcDbFace
10
39652905.8300
20
39458155.4431
30
0.0000
11
39652927.5903
21
39458155.4431
31
0.0000
12
39652927.5903
22
39458164.3841
32
0.0000
13
39652905.8300
23
39458164.3841
33
0.0000
0
3DFACE
100
AcDbEntity
8
0
100
AcDbFace
10
39652548.1534
20
39458057.1541
30
0.0000
11
39652555.4762
21
39458057.1541
31
0.0000
12
39652555.4762
22
39458060.9570
32
0.0000
13
39652548.1534
23
39458060.9570
33
0.0000
0
3DFACE
100
AcDbEntity
8
0
100
AcDbFace
10
39652884.3432
20
39458500.1684
30
19730366.2000
11
39652901.6304
21
39458500.1684
31
19730366.2000
12
39652901.6304
22
39458520.1023
32
19730366.2000
13
39652884.3432
23
39458520.1023
33
19730366.2000
0
3DFACE
100
AcDbEntity
8
0
100
AcDbFace
10
39652774.6179
20
39457848.4755
30
0.0000
11
39652794.6922
21
39457848.4755
31
0.0000
12
39652794.6922
22
39457868.1523
32
0.0000
13
39652774.6179
23
39457868.1523
33
0.0000
0
3DFACE
100
AcDbEntity
8
0
100
AcDbFace
10
39653178.8933
20
39458073.0748
30
0.0000
11
39653196.3318
21
39458073.0748
31
0.0000
12
39653196.3318
22
39458085.4876
32
0.0000
13
39653178.8933
23
39458085.4876
33
0.0000
0
3DFACE
100
AcDbEntity
8
0
100
AcDbFace
10
39653046.8715
20
39458098.1180
30
19730366.2000
11
39653050.7093
21
39458098.1180
31
19730366.2000
12
39653050.7093
22
39458108.8825
32
19730366.2000
13
39653046.8715
23
39458108.8825
33
19730366.2000
0
3DFACE
100
AcDbEntity
8
0
100
AcDbFace
10
39652818.2843
20
39458479.0832
30
0.0000
11
39652837.0004
21
39458479.0832
31
0.0000
12
39652837.0004
22
39458483.7129
32
0.0000
13
39652818.2843
23
39458483.7129
33
0.0000
0
3DFACE
100
AcDbEntity
8
0
100
AcDbFace
10
39653195.7936
20
39458625.4800
30
0.0000
11
39653201.5510
21
39458625.4800
31
0.0000
12
39653201.5510
22
39458641.3406
32
0.0000
13
39653195.7936
23
39458641.3406
33
0.0000
0
3DFACE
100
AcDbEntity
8
0
100
AcDbFace
10
39653053.0486
20
39458380.5855
30
19730366.2000
11
39653071.2232
21
39458380.5855
31
19730366.2000
12
39653071.2232
22
39458401.9855
32
19730366.2000
13
39653053.0486
23
39458401.9855
33
19730366.2000
0
3DFACE
100
AcDbEntity
8
0
100
AcDbFace
10
39652940.3981
20
39458370.7120
30
0.0000
11
39652954.4950
21
39458370.7120
31
0.0000
12
39652954.4950
22
39458388.3987
32
0.0000
13
39652940.3981
23
39458388.3987
33
0.0000
0
3DFACE
100
AcDbEntity
8
0
100
AcDbFace
10
39653250.7599
20
39458536.5063
30
0.0000
11
39653261.8767
21
39458536.5063
31
0.0000
12
39653261.8767
22
39458540.6489
32
0.0000
13
39653250.7599
23
39458540.6489
33
0.0000
0
3DFACE
100
AcDbEntity
8
0
100
AcDbFace
10
39653108.1462
20
39458458.7790
30
19730366.2000
11
39653122.2060
21
39458458.7790
31
19730366.2000
12
39653122.2060
22
39458467.3344
32
19730366.2000
13
39653108.1462
23
39458467.3344
33
19730366.2000
0
3DFACE
100
AcDbEntity
8
0
100
AcDbFace
10
39653041.3451
20
39458491.3663
30
0.0000
11
39653056.3845
21
39458491.3663
31
0.0000
12
39653056.3845
22
39458493.5339
32
0.0000
13
39653041.3451
23
39458493.5339
33
0.0000
0
3DFACE
100
AcDbEntity
8
0
100
AcDbFace
10
39652705.2589
20
39458513.5226
30
0.0000
11
39652715.1184
21
39458513.5226
31
0.0000
12
39652715.1184
22
39458530.8072
32
0.0000
13
39652705.2589
23
39458530.8072
33
0.0000
0
3DFACE
100
AcDbEntity
8
0
100
AcDbFace
10
39652712.3975
20
39458514.3443
30
19730366.2000
11
39652732.2252
21
39458514.3443
31
19730366.2000
12
39652732.2252
22
39458519.5605
32
19730366.2000
13
39652712.3975
23
39458519.5605
33
19730366.2000
0
3DFACE
100
AcDbEntity
8
0
100
AcDbFace
10
39653037.0295
20
39458221.7244
30
0.0000
11
39653050.0694
21
39458221.7244
31
0.0000
12
39653050.0694
22
39458239.0856
32
0.0000
13
39653037.0295
23
39458239.0856
33
0.0000
0
3DFACE
100
AcDbEntity
8
0
100
AcDbFace
10
39652654.4885
20
39457988.3397
30
0.0000
11
39652658.6899
21
39457988.3397
31
0.0000
12
39652658.6899
22
39458005.5894
32
0.0000
13
39652654.4885
23
39458005.5894
33
0.0000
0
3DFACE
100
AcDbEntity
8
0
100
AcDbFace
10
39652878.1361
20
39458547.1675
30
19730366.2000
11
39652895.1812
21
39458547.1675
31
19730366.2000
12
39652895.1812
22
39458563.5229
32
19730366.2000
13
39652878.1361
23
39458563.5229
33
19730366.2000
0
3DFACE
100
AcDbEntity
8
0
100
AcDbFace
10
39652656.4809
20
39458249.0351
30
0.0000
11
39652674.8906
21
39458249.0351
31
0.0000
12
39652674.8906
22
39458260.5236
32
0.0000
13
39652656.4809
23
39458260.5236
33
0.0000
0
3DFACE
100
AcDbEntity
8
0
100
AcDbFace
10
39653092.9539
20
39458594.6996
30
0.0000
11
39653110.9947
21
39458594.6996
31
0.0000
12
39653110.9947
22
39458601.2844
32
0.0000
13
39653092.9539
23
39458601.2844
33
0.0000
0
3DFACE
100
AcDbEntity
8
0
100
AcDbFace
10
39652650.8406
20
39457873.9591
30
19730366.2000
11
39652664.0174
21
39457873.9591
31
19730366.2000
12
39652664.0174
22
39457880.6598
32
19730366.2000
13
39652650.8406
23
39457880.6598
33
19730366.2000
0
3DFACE
100
AcDbEntity
8
0
100
AcDbFace
10
39653105.8681
20
39458524.2955
30
0.0000
11
39653127.8515
21
39458524.2955
31
0.0000
12
39653127.8515
22
39458541.3238
32
0.0000
13
39653105.8681
23
39458541.3238
33
0.0000
0
3DFACE
100
AcDbEntity
8
0
100
AcDbFace
10
39653308.9499
20
39458021.5482
30
0.0000
11
39653323.8467
21
39458021.5482
31
0.0000
12
39653323.8467
22
39458026.2901
32
0.0000
13
39653308.9499
23
39458026.2901
33
0.0000
0
3DFACE
100
AcDbEntity
8
0
100
AcDbFace
10
39652821.5859
20
39458115.1192
30
19730366.2000
11
39652839.5270
21
39458115.1192
31
19730366.2000
12
39652839.5270
22
39458121.6094
32
19730366.2000
13
39652821.5859
23
39458121.6094
33
19730366.2000
0
3DFACE
100
AcDbEntity
8
0
100
AcDbFace
10
39653286.4193
20
39458620.2096
30
0.0000
11
39653293.4988
21
39458620.2096
31
0.0000
12
39653293.4988
22
39458629.5536
32
0.0000
13
39653286.4193
23
39458629.5536
33
0.0000
0
3DFACE
100
AcDbEntity
8
0
100
AcDbFace
10
39652795.4495
20
39458179.5868
30
0.0000
11
39652813.1135
21
39458179.5868
31
0.0000
12
39652813.1135
22
39458197.6014
32
0.0000
13
39652795.4495
23
39458197.6014
33
0.0000
0
3DFACE
100
AcDbEntity
8
0
100
AcDbFace
10
39652718.4007
20
39458207.3839
30
19730366.2000
11
39652736.4460
21
39458207.3839
31
19730366.2000
12
39652736.4460
22
39458213.5376
32
19730366.2000
13
39652718.4007
23
39458213.5376
33
19730366.2000
0
3DFACE
100
AcDbEntity
8
0
100
AcDbFace
10
39652653.7482
20
39458427.4289
30
0.0000
11
39652675.1526
21
39458427.4289
31
0.0000
12
39652675.1526
22
39458441.9775
32
0.0000
13
39652653.7482
23
39458441.9775
33
0.0000
0
3DFACE
100
AcDbEntity
8
0
100
AcDbFace
10
39652564.8992
20
39458218.6072
30
0.0000
11
39652579.7700
21
39458218.6072
31
0.0000
12
39652579.7700
22
39458222.6297
32
0.0000
13
39652564.8992
23
39458222.6297
33
0.0000
0
3DFACE
100
AcDbEntity
8
0
100
AcDbFace
10
39652564.0311
20
39458179.7530
30
19730366.2000
11
39652574.0183
21
39458179.7530
31
19730366.2000
12
39652574.0183
22
39458195.6103
32
19730366.2000
13
39652564.0311
23
39458195.6103
33
19730366.2000
0
3DFACE
100
AcDbEntity
8
0
100
AcDbFace
10
39653006.0859
20
39458126.5739
30
0.0000
11
39653009.6701
21
39458126.5739
31
0.0000
12
39653009.6701
22
39458144.1192
32
0.0000
13
39653006.0859
23
39458144.1192
33
0.0000
0
3DFACE
100
AcDbEntity
8
0
100
AcDbFace
10
39652955.4198
20
39458333.1059
30
0.0000
11
39652958.5494
21
39458333.1059
31
0.0000
12
39652958.5494
22
39458349.7936
32
0.0000
13
39652955.4198
23
39458349.7936
33
0.0000
0
3DFACE
100
AcDbEntity
8
0
100
AcDbFace
10
39653287.6106
20
39458230.1992
30
19730366.2000
11
39653303.2207
21
39458230.1992
31
19730366.2000
12
39653303.2207
22
39458241.0484
32
19730366.2000
13
39653287.6106
23
39458241.0484
33
19730366.2000
0
3DFACE
100
AcDbEntity
8
0
100
AcDbFace
10
39653288.9202
20
39458173.5365
30
0.0000
11
39653292.9330
21
39458173.5365
31
0.0000
12
39653292.9330
22
39458179.7186
32
0.0000
13
39653288.9202
23
39458179.7186
33
0.0000
0
3DFACE
100
AcDbEntity
8
0
100
AcDbFace
10
39653015.9140
20
39458093.6813
30
0.0000
11
39653036.3794
21
39458093.6813
31
0.0000
12
39653036.3794
22
39458096.3143
32
0.0000
13
39653015.9140
23
39458096.3143
33
0.0000
0
3DFACE
100
AcDbEntity
8
0
100
AcDbFace
10
39653077.7359
20
39458240.6583
30
19730366.2000
11
39653087.8365
21
39458240.6583
31
19730366.2000
12
39653087.8365
22
39458249.2011
32
19730366.2000
13
39653077.7359
23
39458249.2011
33
19730366.2000
0
3DFACE
100
AcDbEntity
8
0
100
AcDbFace
10
39653303.5404
20
39458635.5643
30
0.0000
11
39653308.2445
21
39458635.5643
31
0.0000
12
39653308.2445
22
39458648.0202
32
0.0000
13
39653303.5404
23
39458648.0202
33
0.0000
0
3DFACE
100
AcDbEntity
8
0
100
AcDbFace
10
39652757.5801
20
39458041.7114
30
0.0000
11
39652767.7912
21
39458041.7114
31
0.0000
12
39652767.7912
22
39458046.6576
32
0.0000
13
39652757.5801
23
39458046.6576
33
0.0000
0
3DFACE
100
AcDbEntity
8
0
100
AcDbFace
10
39652964.4500
20
39458267.8003
30
19730366.2000
11
39652981.5631
21
39458267.8003
31
19730366.2000
12
39652981.5631
22
39458276.0775
32
19730366.2000
13
39652964.4500
23
39458276.0775
33
19730366.2000
0
3DFACE
100
AcDbEntity
8
0
100
AcDbFace
10
39652806.9882
20
39458215.6257
30
0.0000
11
39652814.8246
21
39458215.6257
31
0.0000
12
39652814.8246
22
39458232.3318
32
0.0000
13
39652806.9882
23
39458232.3318
33
0.0000
0
3DFACE
100
AcDbEntity
8
0
100
AcDbFace
10
39652559.3317
20
39458284.8124
30
0.0000
11
39652579.4889
21
39458284.8124
31
0.0000
12
39652579.4889
22
39458300.0568
32
0.0000
13
39652559.3317
23
39458300.0568
33
0.0000
0
3DFACE
100
AcDbEntity
8
0
100
AcDbFace
10
39652717.6304
20
39458347.0829
30
19730366.2000
11
39652728.3432
21
39458347.0829
31
19730366.2000
12
39652728.3432
22
39458356.7717
32
19730366.2000
13
39652717.6304
23
39458356.7717
33
19730366.2000
0
3DFACE
100
AcDbEntity
8
0
100
AcDbFace
10
39652690.9152
20
39458302.5565
30
0.0000
11
39652698.5896
21
39458302.5565
31
0.0000
12
39652698.5896
22
39458308.2897
32
0.0000
13
39652690.9152
23
39458308.2897
33
0.0000
0
3DFACE
100
AcDbEntity
8
0
100
AcDbFace
10
39653014.6242
20
39458430.5790
30
0.0000
11
39653021.2656
21
39458430.5790
31
0.0000
12
39653021.2656
22
39458450.5555
32
0.0000
13
39653014.6242
23
39458450.5555
33
0.0000
0
3DFACE
100
AcDbEntity
8
0
100
AcDbFace
10
39652949.2838
20
39458547.5845
30
19730366.2000
11
39652958.1053
21
39458547.5845
31
19730366.2000
12
39652958.1053
22
39458558.2205
32
19730366.2000
13
39652949.2838
23
39458558.2205
33
19730366.2000
0
3DFACE
100
AcDbEntity
8
0
100
AcDbFace
10
39653126.8470
20
39458384.4873
30
0.0000
11
39653132.4052
21
39458384.4873
31
0.0000
12
39653132.4052
22
39458405.2688
32
0.0000
13
39653126.8470
23
39458405.2688
33
0.0000
0
3DFACE
100
AcDbEntity
8
0
100
AcDbFace
10
39653107.1869
20
39458596.1064
30
0.0000
11
39653125.4559
21
39458596.1064
31
0.0000
12
39653125.4559
22
39458608.0073
32
0.0000
13
39653107.1869
23
39458608.0073
33
0.0000
0
3DFACE
100
AcDbEntity
8
0
100
AcDbFace
10
39653107.2481
20
39458015.1202
30
19730366.2000
11
39653115.1030
21
39458015.1202
31
19730366.2000
12
39653115.1030
22
39458025.7305
32
19730366.2000
13
39653107.2481
23
39458025.7305
33
19730366.2000
0
3DFACE
100
AcDbEntity
8
0
100
AcDbFace
10
39652565.3523
20
39458163.0530
30
0.0000
11
39652577.9991
21
39458163.0530
31
0.0000
12
39652577.9991
22
39458179.3743
32
0.0000
13
39652565.3523
23
39458179.3743
33
0.0000
0
3DFACE
100
AcDbEntity
8
0
100
AcDbFace
10
39652803.1620
20
39458230.7924
30
0.0000
11
39652822.1102
21
39458230.7924
31
0.0000
12
39652822.1102
22
39458233.4700
32
0.0000
13
39652803.1620
23
39458233.4700
33
0.0000
0
3DFACE
100
AcDbEntity
8
0
100
AcDbFace
10
39652847.7989
20
39458341.1382
30
19730366.2000
11
39652861.0381
21
39458341.1382
31
19730366.2000
12
39652861.0381
22
39458351.7125
32
19730366.2000
13
39652847.7989
23
39458351.7125
33
19730366.2000
0
3DFACE
100
AcDbEntity
8
0
100
AcDbFace
10
39653276.6201
20
39457905.8826
30
0.0000
11
39653286.7215
21
39457905.8826
31
0.0000
12
39653286.7215
22
39457921.4533
32
0.0000
13
39653276.6201
23
39457921.4533
33
0.0000
0
3DFACE
100
AcDbEntity
8
0
100
AcDbFace
10
39652747.1490
20
39458489.9216
30
0.0000
11
39652762.0795
21
39458489.9216
31
0.0000
12
39652762.0795
22
39458507.4321
32
0.0000
13
39652747.1490
23
39458507.4321
33
0.0000
0
3DFACE
100
AcDbEntity
8
0
100
AcDbFace
10
39653274.6638
20
39458394.8970
30
19730366.2000
11
39653280.1575
21
39458394.8970
31
19730366.2000
12
39653280.1575
22
39458400.0597
32
19730366.2000
13
39653274.6638
23
39458400.0597
33
19730366.2000
0
3DFACE
100
AcDbEntity
8
0
100
AcDbFace
10
39652919.9411
20
39458374.8710
30
0.0000
11
39652941.3411
21
39458374.8710
31
0.0000
12
39652941.3411
22
39458388.5634
32
0.0000
13
39652919.9411
23
39458388.5634
33
0.0000
0
3DFACE
100
AcDbEntity
8
0
100
AcDbFace
10
39652749.6567
20
39458096.5308
30
0.0000
11
39652765.1976
21
39458096.5308
31
0.0000
12
39652765.1976
22
39458114.3085
32
0.0000
13
39652749.6567
23
39458114.3085
33
0.0000
0
3DFACE
100
AcDbEntity
8
0
100
AcDbFace
10
39653131.9420
20
39458356.4250
30
19730366.2000
11
39653138.5097
21
39458356.4250
31
19730366.2000
12
39653138.5097
22
39458364.6086
32
19730366.2000
13
39653131.9420
23
39458364.6086
33
19730366.2000
0
3DFACE
100
AcDbEntity
8
0
100
AcDbFace
10
39653029.5970
20
39457867.7314
30
0.0000
11
39653046.0628
21
39457867.7314
31
0.0000
12
39653046.0628
22
39457872.3355
32
0.0000
13
39653029.5970
23
39457872.3355
33
0.0000
0
3DFACE
100
AcDbEntity
8
0
100
AcDbFace
10
39652553.4596
20
39458429.0554
30
0.0000
11
39652555.7488
21
39458429.0554
31
0.0000
12
39652555.7488
22
39458431.6436
32
0.0000
13
39652553.4596
23
39458431.6436
33
0.0000
0
3DFACE
100
AcDbEntity
8
0
100
AcDbFace
10
39652838.4306
20
39458087.7605
30
19730366.2000
11
39652854.5487
21
39458087.7605
31
19730366.2000
12
39652854.5487
22
39458105.1194
32
19730366.2000
13
39652838.4306
23
39458105.1194
33
19730366.2000
0
3DFACE
100
AcDbEntity
8
0
100
AcDbFace
10
39653104.6555
20
39458510.3295
30
0.0000
11
39653116.9567
21
39458510.3295
31
0.0000
12
39653116.9567
22
39458522.6693
32
0.0000
13
39653104.6555
23
39458522.6693
33
0.0000
0
3DFACE
100
AcDbEntity
8
0
100
AcDbFace
10
39652966.3626
20
39458572.2569
30
0.0000
11
39652972.4081
21
39458572.2569
31
0.0000
12
39652972.4081
22
39458577.4585
32
0.0000
13
39652966.3626
23
39458577.4585
33
0.0000
0
3DFACE
100
AcDbEntity
8
0
100
AcDbFace
10
39653050.8570
20
39458379.9730
30
19730366.2000
11
39653063.2739
21
39458379.9730
31
19730366.2000
12
39653063.2739
22
39458389.2130
32
19730366.2000
13
39653050.8570
23
39458389.2130
33
19730366.2000
0
3DFACE
100
AcDbEntity
8
0
100
AcDbFace
10
39652790.1708
20
39458137.2988
30
0.0000
11
39652809.9839
21
39458137.2988
31
0.0000
12
39652809.9839
22
39458150.1972
32
0.0000
13
39652790.1708
23
39458150.1972
33
0.0000
0
3DFACE
100
AcDbEntity
8
0
100
AcDbFace
10
39653247.8701
20
39458068.9323
30
0.0000
11
39653264.8414
21
39458068.9323
31
0.0000
12
39653264.8414
22
39458074.1803
32
0.0000
13
39653247.8701
23
39458074.1803
33
0.0000
0
3DFACE
100
AcDbEntity
8
0
100
AcDbFace
10
39653043.5176
20
39458613.4663
30
19730366.2000
11
39653061.0920
21
39458613.4663
31
19730366.2000
12
39653061.0920
22
39458633.7028
32
19730366.2000
13
39653043.5176
23
39458633.7028
33
19730366.2000
0
3DFACE
100
AcDbEntity
8
0
100
AcDbFace
10
39652837.2919
20
39457898.4369
30
0.0000
11
39652848.8081
21
39457898.4369
31
0.0000
12
39652848.8081
22
39457915.9567
32
0.0000
13
39652837.2919
23
39457915.9567
33
0.0000
0
3DFACE
100
AcDbEntity
8
0
100
AcDbFace
10
39652837.2627
20
39458109.9040
30
0.0000
11
39652854.1537
21
39458109.9040
31
0.0000
12
39652854.1537
22
39458112.5916
32
0.0000
13
39652837.2627
23
39458112.5916
33
0.0000
0
3DFACE
100
AcDbEntity
8
0
100
AcDbFace
10
39652791.8227
20
39458169.0621
30
19730366.2000
11
39652803.5888
21
39458169.0621
31
19730366.2000
12
39652803.5888
22
39458183.7587
32
19730366.2000
13
39652791.8227
23
39458183.7587
33
19730366.2000
0
3DFACE
100
AcDbEntity
8
0
100
AcDbFace
10
39652929.7754
20
39458328.3835
30
0.0000
11
39652939.5793
21
39458328.3835
31
0.0000
12
39652939.5793
22
39458341.7059
32
0.0000
13
39652929.7754
23
39458341.7059
33
0.0000
0
3DFACE
100
AcDbEntity
8
0
100
AcDbFace
10
39652910.5792
20
39458499.7914
30
0.0000
11
39652919.3720
21
39458499.7914
31
0.0000
12
39652919.3720
22
39458504.2359
32
0.0000
13
39652910.5792
23
39458504.2359
33
0.0000
0
3DFACE
100
AcDbEntity
8
0
100
AcDbFace
10
39653247.2476
20
39457927.3657
30
19730366.2000
11
39653253.4000
21
39457927.3657
31
19730366.2000
12
39653253.4000
22
39457933.3404
32
19730366.2000
13
39653247.2476
23
39457933.3404
33
19730366.2000
0
3DFACE
100
AcDbEntity
8
0
100
AcDbFace
10
39652664.4063
20
39458417.0788
30
0.0000
11
39652684.8777
21
39458417.0788
31
0.0000
12
39652684.8777
22
39458419.3222
32
0.0000
13
39652664.4063
23
39458419.3222
33
0.0000
0
3DFACE
100
AcDbEntity
8
0
100
AcDbFace
10
39652654.0057
20
39458336.0636
30
0.0000
11
39652657.1513
21
39458336.0636
31
0.0000
12
39652657.1513
22
39458355.7187
32
0.0000
13
39652654.0057
23
39458355.7187
33
0.0000
0
3DFACE
100
AcDbEntity
8
0
100
AcDbFace
10
39652691.1902
20
39458393.9118
30
19730366.2000
11
39652700.3650
21
39458393.9118
31
19730366.2000
12
39652700.3650
22
39458415.3376
32
19730366.2000
13
39652691.1902
23
39458415.3376
33
19730366.2000
0
3DFACE
100
AcDbEntity
8
0
100
AcDbFace
10
39652572.8235
20
39458018.5046
30
0.0000
11
39652594.0059
21
39458018.5046
31
0.0000
12
39652594.0059
22
39458022.7198
32
0.0000
13
39652572.8235
23
39458022.7198
33
0.0000
0
3DFACE
100
AcDbEntity
8
0
100
AcDbFace
10
39652941.1703
20
39458138.8734
30
0.0000
11
39652946.8906
21
39458138.8734
31
0.0000
12
39652946.8906
22
39458143.3395
32
0.0000
13
39652941.1703
23
39458143.3395
33
0.0000
0
3DFACE
100
AcDbEntity
8
0
100
AcDbFace
10
39653255.2343
20
39458387.5931
30
19730366.2000
11
39653261.1559
21
39458387.5931
31
19730366.2000
12
39653261.1559
22
39458394.8551
32
19730366.2000
13
39653255.2343
23
39458394.8551
33
19730366.2000
0
3DFACE
100
AcDbEntity
8
0
100
AcDbFace
10
39653072.2523
20
39458535.2050
30
0.0000
11
39653091.8156
21
39458535.2050
31
0.0000
12
39653091.8156
22
39458550.7245
32
0.0000
13
39653072.2523
23
39458550.7245
33
0.0000
0
3DFACE
100
AcDbEntity
8
0
100
AcDbFace
10
39653101.8441
20
39458169.1728
30
0.0000
11
39653118.4462
21
39458169.1728
31
0.0000
12
39653118.4462
22
39458171.4944
32
0.0000
13
39653101.8441
23
39458171.4944
33
0.0000
0
3DFACE
100
AcDbEntity
8
0
100
AcDbFace
10
39652695.3201
20
39458429.8684
30
19730366.2000
11
39652710.5642
21
39458429.8684
31
19730366.2000
12
39652710.5642
22
39458444.0798
32
19730366.2000
13
39652695.3201
23
39458444.0798
33
19730366.2000
0
3DFACE
100
AcDbEntity
8
0
100
AcDbFace
10
39652632.6434
20
39458616.0896
30
0.0000
11
39652653.2570
21
39458616.0896
31
0.0000
12
39652653.2570
22
39458634.3427
32
0.0000
13
39652632.6434
23
39458634.3427
33
0.0000
0
3DFACE
100
AcDbEntity
8
0
100
AcDbFace
10
39653069.5491
20
39458272.6089
30
0.0000
11
39653084.6309
21
39458272.6089
31
0.0000
12
39653084.6309
22
39458283.2850
32
0.0000
13
39653069.5491
23
39458283.2850
33
0.0000
0
3DFACE
100
AcDbEntity
8
0
100
AcDbFace
10
39652707.3199
20
39457972.2536
30
19730366.2000
11
39652721.6369
21
39457972.2536
31
19730366.2000
12
39652721.6369
22
39457982.1668
32
19730366.2000
13
39652707.3199
23
39457982.1668
33
19730366.2000
0
3DFACE
100
AcDbEntity
8
0
100
AcDbFace
10
39653047.7177
20
39458605.0173
30
0.0000
11
39653055.8389
21
39458605.0173
31
0.0000
12
39653055.8389
22
39458626.8633
32
0.0000
13
39653047.7177
23
39458626.8633
33
0.0000
0
3DFACE
100
AcDbEntity
8
0
100
AcDbFace
10
39652595.5713
20
39458386.7021
30
0.0000
11
39652605.6853
21
39458386.7021
31
0.0000
12
39652605.6853
22
39458396.7720
32
0.0000
13
39652595.5713
23
39458396.7720
33
0.0000
0
3DFACE
100
AcDbEntity
8
0
100
AcDbFace
10
39652871.5207
20
39458199.5927
30
19730366.2000
11
39652876.8473
21
39458199.5927
31
19730366.2000
12
39652876.8473
22
39458208.5835
32
19730366.2000
13
39652871.5207
23
39458208.5835
33
19730366.2000
0
3DFACE
100
AcDbEntity
8
0
100
AcDbFace
10
39652697.4174
20
39458077.6616
30
0.0000
11
39652707.1856
21
39458077.6616
31
0.0000
12
39652707.1856
22
39458080.2281
32
0.0000
13
39652697.4174
23
39458080.2281
33
0.0000
0
3DFACE
100
AcDbEntity
8
0
100
AcDbFace
10
39653016.8811
20
39458248.8050
30
0.0000
11
39653037.9092
21
39458248.8050
31
0.0000
12
39653037.9092
22
39458265.3110
32
0.0000
13
39653016.8811
23
39458265.3110
33
0.0000
0
3DFACE
100
AcDbEntity
8
0
100
AcDbFace
10
39653113.5127
20
39458346.6107
30
19730366.2000
11
39653117.4877
21
39458346.6107
31
19730366.2000
12
39653117.4877
22
39458363.3469
32
19730366.2000
13
39653113.5127
23
39458363.3469
33
19730366.2000
0
3DFACE
100
AcDbEntity
8
0
100
AcDbFace
10
39652889.2632
20
39458204.1571
30
0.0000
11
39652909.8797
21
39458204.1571
31
0.0000
12
39652909.8797
22
39458216.1099
32
0.0000
13
39652889.2632
23
39458216.1099
33
0.0000
0
3DFACE
100
AcDbEntity
8
0
100
AcDbFace
10
39652865.4591
20
39458242.3425
30
0.0000
11
39652883.6411
21
39458242.3425
31
0.0000
12
39652883.6411
22
39458245.4076
32
0.0000
13
39652865.4591
23
39458245.4076
33
0.0000
0
3DFACE
100
AcDbEntity
8
0
100
AcDbFace
10
39652568.9845
20
39458465.2476
30
19730366.2000
11
39652583.4734
21
39458465.2476
31
19730366.2000
12
39652583.4734
22
39458472.5944
32
19730366.2000
13
39652568.9845
23
39458472.5944
33
19730366.2000
0
3DFACE
100
AcDbEntity
8
0
100
AcDbFace
10
39652966.1184
20
39458475.0270
30
0.0000
11
39652970.7775
21
39458475.0270
31
0.0000
12
39652970.7775
22
39458485.1346
32
0.0000
13
39652966.1184
23
39458485.1346
33
0.0000
0
3DFACE
100
AcDbEntity
8
0
100
AcDbFace
10
39652806.5290
20
39457918.8336
30
0.0000
11
39652824.7723
21
39457918.8336
31
0.0000
12
39652824.7723
22
39457940.5301
32
0.0000
13
39652806.5290
23
39457940.5301
33
0.0000
0
3DFACE
100
AcDbEntity
8
0
100
AcDbFace
10
39652939.9243
20
39458580.2735
30
19730366.2000
11
39652960.7437
21
39458580.2735
31
19730366.2000
12
39652960.7437
22
39458582.9229
32
19730366.2000
13
39652939.9243
23
39458582.9229
33
19730366.2000
0
3DFACE
100
AcDbEntity
8
0
100
AcDbFace
10
39653267.8587
20
39458327.8925
30
0.0000
11
39653286.9837
21
39458327.8925
31
0.0000
12
39653286.9837
22
39458332.6861
32
0.0000
13
39653267.8587
23
39458332.6861
33
0.0000
0
3DFACE
100
AcDbEntity
8
0
100
AcDbFace
10
39652793.1956
20
39458533.1935
30
0.0000
11
39652806.9844
21
39458533.1935
31
0.0000
12
39652806.9844
22
39458554.3156
32
0.0000
13
39652793.1956
23
39458554.3156
33
0.0000
0
3DFACE
100
AcDbEntity
8
0
100
AcDbFace
10
39653029.7269
20
39457970.6852
30
19730366.2000
11
39653038.4479
21
39457970.6852
31
19730366.2000
12
39653038.4479
22
39457972.9358
32
19730366.2000
13
39653029.7269
23
39457972.9358
33
19730366.2000
0
3DFACE
100
AcDbEntity
8
0
100
AcDbFace
10
39653234.4481
20
39458412.4627
30
0.0000
11
39653245.6751
21
39458412.4627
31
0.0000
12
39653245.6751
22
39458414.7299
32
0.0000
13
39653234.4481
23
39458414.7299
33
0.0000
0
3DFACE
100
AcDbEntity
8
0
100
AcDbFace
10
39653324.9903
20
39458529.8183
30
0.0000
11
39653346.8961
21
39458529.8183
31
0.0000
12
39653346.8961
22
39458551.6093
32
0.0000
13
39653324.9903
23
39458551.6093
33
0.0000
0
3DFACE
100
AcDbEntity
8
0
100
AcDbFace
10
39652544.7076
20
39458514.3841
30
19730366.2000
11
39652563.1047
21
39458514.3841
31
19730366.2000
12
39652563.1047
22
39458535.4337
32
19730366.2000
13
39652544.7076
23
39458535.4337
33
19730366.2000
0
3DFACE
100
AcDbEntity
8
0
100
AcDbFace
10
39652937.9217
20
39458031.3063
30
0.0000
11
39652939.9583
21
39458031.3063
31
0.0000
12
39652939.9583
22
39458052.0943
32
0.0000
13
39652937.9217
23
39458052.0943
33
0.0000
0
3DFACE
100
AcDbEntity
8
0
100
AcDbFace
10
39652897.8221
20
39458316.9499
30
0.0000
11
39652919.3084
21
39458316.9499
31
0.0000
12
39652919.3084
22
39458330.7726
32
0.0000
13
39652897.8221
23
39458330.7726
33
0.0000
0
ENDSEC
0
EOF
